Target;Target_Namespace;Target_Type;Target_Method;Job_Id;Job_AnalyzeLaunchVariance;Job_EvaluateOverhead;Job_MaxAbsoluteError;Job_MaxRelativeError;Job_MinInvokeCount;Job_MinIterationTime;Job_OutlierMode;Job_Affinity;Job_EnvironmentVariables;Job_Jit;Job_LargeAddressAware;Job_Platform;Job_PowerPlanMode;Job_Runtime;Job_AllowVeryLargeObjects;Job_Concurrent;Job_CpuGroups;Job_Force;Job_HeapAffinitizeMask;Job_HeapCount;Job_NoAffinitize;Job_RetainVm;Job_Server;Job_Arguments;Job_BuildConfiguration;Job_Clock;Job_EngineFactory;Job_NuGetReferences;Job_Toolchain;Job_IsMutator;Job_InvocationCount;Job_IterationCount;Job_IterationTime;Job_LaunchCount;Job_MaxIterationCount;Job_MaxWarmupIterationCount;Job_MemoryRandomization;Job_MinIterationCount;Job_MinWarmupIterationCount;Job_RunStrategy;Job_UnrollFactor;Job_WarmupCount;Job_Display;Params;Measurement_LaunchIndex;Measurement_IterationMode;Measurement_IterationStage;Measurement_IterationIndex;Measurement_Nanoseconds;Measurement_Operations;Measurement_Value;Gen_0;Gen_1;Gen_2;Allocated_Bytes
EngineBenchmarks.'ComboEngine.Update (button held)';;EngineBenchmarks;'ComboEngine.Update (button held)';ShortRun;Default;Default;Default;Default;Default;Default;Default;Default;Default;Default;Default;Default;Default;Default;Default;Default;Default;Default;Default;Default;Default;Default;Default;Default;Default;Default;Default;Default;Default;Default;Default;3;Default;1;Default;Default;Default;Default;Default;Default;Default;3;"ShortRun(IterationCount=3, LaunchCount=1, WarmupCount=3)";;1;Overhead;Jitting;1;117900;1;117900;0;0;0;?
EngineBenchmarks.'MovementEngine.Update (stick forward)';;EngineBenchmarks;'MovementEngine.Update (stick forward)';ShortRun;Default;Default;Default;Default;Default;Default;Default;Default;Default;Default;Default;Default;Default;Default;Default;Default;Default;Default;Default;Default;Default;Default;Default;Default;Default;Default;Default;Default;Default;Default;Default;3;Default;1;Default;Default;Default;Default;Default;Default;Default;3;"ShortRun(IterationCount=3, LaunchCount=1, WarmupCount=3)";;1;Overhead;Jitting;1;130000;1;130000;0;0;0;?
EngineBenchmarks.'Messenger.Publish<SnapshotReadyMessage> (10 subs)';;EngineBenchmarks;'Messenger.Publish<SnapshotReadyMessage> (10 subs)';ShortRun;Default;Default;Default;Default;Default;Default;Default;Default;Default;Default;Default;Default;Default;Default;Default;Default;Default;Default;Default;Default;Default;Default;Default;Default;Default;Default;Default;Default;Default;Default;Default;3;Default;1;Default;Default;Default;Default;Default;Default;Default;3;"ShortRun(IterationCount=3, LaunchCount=1, WarmupCount=3)";;1;Overhead;Jitting;1;115000;1;115000;96;0;0;24
EngineBenchmarks.'Messenger.Publish<SnapshotReadyMessage> (10 subs)';;EngineBenchmarks;'Messenger.Publish<SnapshotReadyMessage> (10 subs)';ShortRun;Default;Default;Default;Default;Default;Default;Default;Default;Default;Default;Default;Default;Default;Default;Default;Default;Default;Default;Default;Default;Default;Default;Default;Default;Default;Default;Default;Default;Default;Default;Default;3;Default;1;Default;Default;Default;Default;Default;Default;Default;3;"ShortRun(IterationCount=3, LaunchCount=1, WarmupCount=3)";;1;Workload;Jitting;1;260800;1;260800;96;0;0;24
EngineBenchmarks.'Messenger.Publish<SnapshotReadyMessage> (10 subs)';;EngineBenchmarks;'Messenger.Publish<SnapshotReadyMessage> (10 subs)';ShortRun;Default;Default;Default;Default;Default;Default;Default;Default;Default;Default;Default;Default;Default;Default;Default;Default;Default;Default;Default;Default;Default;Default;Default;Default;Default;Default;Default;Default;Default;Default;Default;3;Default;1;Default;Default;Default;Default;Default;Default;Default;3;"ShortRun(IterationCount=3, LaunchCount=1, WarmupCount=3)";;1;Overhead;Jitting;2;106900;16;6681.25;96;0;0;24
EngineBenchmarks.'Messenger.Publish<SnapshotReadyMessage> (10 subs)';;EngineBenchmarks;'Messenger.Publish<SnapshotReadyMessage> (10 subs)';ShortRun;Default;Default;Default;Default;Default;Default;Default;Default;Default;Default;Default;Default;Default;Default;Default;Default;Default;Default;Default;Default;Default;Default;Default;Default;Default;Default;Default;Default;Default;Default;Default;3;Default;1;Default;Default;Default;Default;Default;Default;Default;3;"ShortRun(IterationCount=3, LaunchCount=1, WarmupCount=3)";;1;Workload;Jitting;2;119400;16;7462.5;96;0;0;24
EngineBenchmarks.'Messenger.Publish<SnapshotReadyMessage> (10 subs)';;EngineBenchmarks;'Messenger.Publish<SnapshotReadyMessage> (10 subs)';ShortRun;Default;Default;Default;Default;Default;Default;Default;Default;Default;Default;Default;Default;Default;Default;Default;Default;Default;Default;Default;Default;Default;Default;Default;Default;Default;Default;Default;Default;Default;Default;Default;3;Default;1;Default;Default;Default;Default;Default;Default;Default;3;"ShortRun(IterationCount=3, LaunchCount=1, WarmupCount=3)";;1;Workload;Pilot;1;4400;16;275;96;0;0;24
EngineBenchmarks.'Messenger.Publish<SnapshotReadyMessage> (10 subs)';;EngineBenchmarks;'Messenger.Publish<SnapshotReadyMessage> (10 subs)';ShortRun;Default;Default;Default;Default;Default;Default;Default;Default;Default;Default;Default;Default;Default;Default;Default;Default;Default;Default;Default;Default;Default;Default;Default;Default;Default;Default;Default;Default;Default;Default;Default;3;Default;1;Default;Default;Default;Default;Default;Default;Default;3;"ShortRun(IterationCount=3, LaunchCount=1, WarmupCount=3)";;1;Workload;Pilot;2;10600;32;331.25;96;0;0;24
EngineBenchmarks.'Messenger.Publish<SnapshotReadyMessage> (10 subs)';;EngineBenchmarks;'Messenger.Publish<SnapshotReadyMessage> (10 subs)';ShortRun;Default;Default;Default;Default;Default;Default;Default;Default;Default;Default;Default;Default;Default;Default;Default;Default;Default;Default;Default;Default;Default;Default;Default;Default;Default;Default;Default;Default;Default;Default;Default;3;Default;1;Default;Default;Default;Default;Default;Default;Default;3;"ShortRun(IterationCount=3, LaunchCount=1, WarmupCount=3)";;1;Workload;Pilot;3;26800;64;418.75;96;0;0;24
EngineBenchmarks.'Messenger.Publish<SnapshotReadyMessage> (10 subs)';;EngineBenchmarks;'Messenger.Publish<SnapshotReadyMessage> (10 subs)';ShortRun;Default;Default;Default;Default;Default;Default;Default;Default;Default;Default;Default;Default;Default;Default;Default;Default;Default;Default;Default;Default;Default;Default;Default;Default;Default;Default;Default;Default;Default;Default;Default;3;Default;1;Default;Default;Default;Default;Default;Default;Default;3;"ShortRun(IterationCount=3, LaunchCount=1, WarmupCount=3)";;1;Workload;Pilot;4;22400;128;175;96;0;0;24
EngineBenchmarks.'Messenger.Publish<SnapshotReadyMessage> (10 subs)';;EngineBenchmarks;'Messenger.Publish<SnapshotReadyMessage> (10 subs)';ShortRun;Default;Default;Default;Default;Default;Default;Default;Default;Default;Default;Default;Default;Default;Default;Default;Default;Default;Default;Default;Default;Default;Default;Default;Default;Default;Default;Default;Default;Default;Default;Default;3;Default;1;Default;Default;Default;Default;Default;Default;Default;3;"ShortRun(IterationCount=3, LaunchCount=1, WarmupCount=3)";;1;Workload;Pilot;5;47500;256;185.55;96;0;0;24
EngineBenchmarks.'Messenger.Publish<SnapshotReadyMessage> (10 subs)';;EngineBenchmarks;'Messenger.Publish<SnapshotReadyMessage> (10 subs)';ShortRun;Default;Default;Default;Default;Default;Default;Default;Default;Default;Default;Default;Default;Default;Default;Default;Default;Default;Default;Default;Default;Default;Default;Default;Default;Default;Default;Default;Default;Default;Default;Default;3;Default;1;Default;Default;Default;Default;Default;Default;Default;3;"ShortRun(IterationCount=3, LaunchCount=1, WarmupCount=3)";;1;Workload;Pilot;6;98200;512;191.8;96;0;0;24
EngineBenchmarks.'Messenger.Publish<SnapshotReadyMessage> (10 subs)';;EngineBenchmarks;'Messenger.Publish<SnapshotReadyMessage> (10 subs)';ShortRun;Default;Default;Default;Default;Default;Default;Default;Default;Default;Default;Default;Default;Default;Default;Default;Default;Default;Default;Default;Default;Default;Default;Default;Default;Default;Default;Default;Default;Default;Default;Default;3;Default;1;Default;Default;Default;Default;Default;Default;Default;3;"ShortRun(IterationCount=3, LaunchCount=1, WarmupCount=3)";;1;Workload;Pilot;7;220000;1024;214.84;96;0;0;24
EngineBenchmarks.'Messenger.Publish<SnapshotReadyMessage> (10 subs)';;EngineBenchmarks;'Messenger.Publish<SnapshotReadyMessage> (10 subs)';ShortRun;Default;Default;Default;Default;Default;Default;Default;Default;Default;Default;Default;Default;Default;Default;Default;Default;Default;Default;Default;Default;Default;Default;Default;Default;Default;Default;Default;Default;Default;Default;Default;3;Default;1;Default;Default;Default;Default;Default;Default;Default;3;"ShortRun(IterationCount=3, LaunchCount=1, WarmupCount=3)";;1;Workload;Pilot;8;416700;2048;203.47;96;0;0;24
EngineBenchmarks.'Messenger.Publish<SnapshotReadyMessage> (10 subs)';;EngineBenchmarks;'Messenger.Publish<SnapshotReadyMessage> (10 subs)';ShortRun;Default;Default;Default;Default;Default;Default;Default;Default;Default;Default;Default;Default;Default;Default;Default;Default;Default;Default;Default;Default;Default;Default;Default;Default;Default;Default;Default;Default;Default;Default;Default;3;Default;1;Default;Default;Default;Default;Default;Default;Default;3;"ShortRun(IterationCount=3, LaunchCount=1, WarmupCount=3)";;1;Workload;Pilot;9;780200;4096;190.48;96;0;0;24
EngineBenchmarks.'Messenger.Publish<SnapshotReadyMessage> (10 subs)';;EngineBenchmarks;'Messenger.Publish<SnapshotReadyMessage> (10 subs)';ShortRun;Default;Default;Default;Default;Default;Default;Default;Default;Default;Default;Default;Default;Default;Default;Default;Default;Default;Default;Default;Default;Default;Default;Default;Default;Default;Default;Default;Default;Default;Default;Default;3;Default;1;Default;Default;Default;Default;Default;Default;Default;3;"ShortRun(IterationCount=3, LaunchCount=1, WarmupCount=3)";;1;Workload;Pilot;10;1553400;8192;189.62;96;0;0;24
EngineBenchmarks.'Messenger.Publish<SnapshotReadyMessage> (10 subs)';;EngineBenchmarks;'Messenger.Publish<SnapshotReadyMessage> (10 subs)';ShortRun;Default;Default;Default;Default;Default;Default;Default;Default;Default;Default;Default;Default;Default;Default;Default;Default;Default;Default;Default;Default;Default;Default;Default;Default;Default;Default;Default;Default;Default;Default;Default;3;Default;1;Default;Default;Default;Default;Default;Default;Default;3;"ShortRun(IterationCount=3, LaunchCount=1, WarmupCount=3)";;1;Workload;Pilot;11;3039300;16384;185.5;96;0;0;24
EngineBenchmarks.'Messenger.Publish<SnapshotReadyMessage> (10 subs)';;EngineBenchmarks;'Messenger.Publish<SnapshotReadyMessage> (10 subs)';ShortRun;Default;Default;Default;Default;Default;Default;Default;Default;Default;Default;Default;Default;Default;Default;Default;Default;Default;Default;Default;Default;Default;Default;Default;Default;Default;Default;Default;Default;Default;Default;Default;3;Default;1;Default;Default;Default;Default;Default;Default;Default;3;"ShortRun(IterationCount=3, LaunchCount=1, WarmupCount=3)";;1;Workload;Pilot;12;6394100;32768;195.13;96;0;0;24
EngineBenchmarks.'Messenger.Publish<SnapshotReadyMessage> (10 subs)';;EngineBenchmarks;'Messenger.Publish<SnapshotReadyMessage> (10 subs)';ShortRun;Default;Default;Default;Default;Default;Default;Default;Default;Default;Default;Default;Default;Default;Default;Default;Default;Default;Default;Default;Default;Default;Default;Default;Default;Default;Default;Default;Default;Default;Default;Default;3;Default;1;Default;Default;Default;Default;Default;Default;Default;3;"ShortRun(IterationCount=3, LaunchCount=1, WarmupCount=3)";;1;Workload;Pilot;13;12431700;65536;189.69;96;0;0;24
EngineBenchmarks.'Messenger.Publish<SnapshotReadyMessage> (10 subs)';;EngineBenchmarks;'Messenger.Publish<SnapshotReadyMessage> (10 subs)';ShortRun;Default;Default;Default;Default;Default;Default;Default;Default;Default;Default;Default;Default;Default;Default;Default;Default;Default;Default;Default;Default;Default;Default;Default;Default;Default;Default;Default;Default;Default;Default;Default;3;Default;1;Default;Default;Default;Default;Default;Default;Default;3;"ShortRun(IterationCount=3, LaunchCount=1, WarmupCount=3)";;1;Workload;Pilot;14;23768300;131072;181.34;96;0;0;24
EngineBenchmarks.'Messenger.Publish<SnapshotReadyMessage> (10 subs)';;EngineBenchmarks;'Messenger.Publish<SnapshotReadyMessage> (10 subs)';ShortRun;Default;Default;Default;Default;Default;Default;Default;Default;Default;Default;Default;Default;Default;Default;Default;Default;Default;Default;Default;Default;Default;Default;Default;Default;Default;Default;Default;Default;Default;Default;Default;3;Default;1;Default;Default;Default;Default;Default;Default;Default;3;"ShortRun(IterationCount=3, LaunchCount=1, WarmupCount=3)";;1;Workload;Pilot;15;47724800;262144;182.06;96;0;0;24
EngineBenchmarks.'Messenger.Publish<SnapshotReadyMessage> (10 subs)';;EngineBenchmarks;'Messenger.Publish<SnapshotReadyMessage> (10 subs)';ShortRun;Default;Default;Default;Default;Default;Default;Default;Default;Default;Default;Default;Default;Default;Default;Default;Default;Default;Default;Default;Default;Default;Default;Default;Default;Default;Default;Default;Default;Default;Default;Default;3;Default;1;Default;Default;Default;Default;Default;Default;Default;3;"ShortRun(IterationCount=3, LaunchCount=1, WarmupCount=3)";;1;Workload;Pilot;16;24836600;524288;47.37;96;0;0;24
EngineBenchmarks.'Messenger.Publish<SnapshotReadyMessage> (10 subs)';;EngineBenchmarks;'Messenger.Publish<SnapshotReadyMessage> (10 subs)';ShortRun;Default;Default;Default;Default;Default;Default;Default;Default;Default;Default;Default;Default;Default;Default;Default;Default;Default;Default;Default;Default;Default;Default;Default;Default;Default;Default;Default;Default;Default;Default;Default;3;Default;1;Default;Default;Default;Default;Default;Default;Default;3;"ShortRun(IterationCount=3, LaunchCount=1, WarmupCount=3)";;1;Workload;Pilot;17;28584800;1048576;27.26;96;0;0;24
EngineBenchmarks.'Messenger.Publish<SnapshotReadyMessage> (10 subs)';;EngineBenchmarks;'Messenger.Publish<SnapshotReadyMessage> (10 subs)';ShortRun;Default;Default;Default;Default;Default;Default;Default;Default;Default;Default;Default;Default;Default;Default;Default;Default;Default;Default;Default;Default;Default;Default;Default;Default;Default;Default;Default;Default;Default;Default;Default;3;Default;1;Default;Default;Default;Default;Default;Default;Default;3;"ShortRun(IterationCount=3, LaunchCount=1, WarmupCount=3)";;1;Workload;Pilot;18;56214300;2097152;26.81;96;0;0;24
EngineBenchmarks.'Messenger.Publish<SnapshotReadyMessage> (10 subs)';;EngineBenchmarks;'Messenger.Publish<SnapshotReadyMessage> (10 subs)';ShortRun;Default;Default;Default;Default;Default;Default;Default;Default;Default;Default;Default;Default;Default;Default;Default;Default;Default;Default;Default;Default;Default;Default;Default;Default;Default;Default;Default;Default;Default;Default;Default;3;Default;1;Default;Default;Default;Default;Default;Default;Default;3;"ShortRun(IterationCount=3, LaunchCount=1, WarmupCount=3)";;1;Workload;Pilot;19;110870800;4194304;26.43;96;0;0;24
EngineBenchmarks.'Messenger.Publish<SnapshotReadyMessage> (10 subs)';;EngineBenchmarks;'Messenger.Publish<SnapshotReadyMessage> (10 subs)';ShortRun;Default;Default;Default;Default;Default;Default;Default;Default;Default;Default;Default;Default;Default;Default;Default;Default;Default;Default;Default;Default;Default;Default;Default;Default;Default;Default;Default;Default;Default;Default;Default;3;Default;1;Default;Default;Default;Default;Default;Default;Default;3;"ShortRun(IterationCount=3, LaunchCount=1, WarmupCount=3)";;1;Workload;Pilot;20;220454300;8388608;26.28;96;0;0;24
EngineBenchmarks.'Messenger.Publish<SnapshotReadyMessage> (10 subs)';;EngineBenchmarks;'Messenger.Publish<SnapshotReadyMessage> (10 subs)';ShortRun;Default;Default;Default;Default;Default;Default;Default;Default;Default;Default;Default;Default;Default;Default;Default;Default;Default;Default;Default;Default;Default;Default;Default;Default;Default;Default;Default;Default;Default;Default;Default;3;Default;1;Default;Default;Default;Default;Default;Default;Default;3;"ShortRun(IterationCount=3, LaunchCount=1, WarmupCount=3)";;1;Workload;Pilot;21;441418900;16777216;26.31;96;0;0;24
EngineBenchmarks.'Messenger.Publish<SnapshotReadyMessage> (10 subs)';;EngineBenchmarks;'Messenger.Publish<SnapshotReadyMessage> (10 subs)';ShortRun;Default;Default;Default;Default;Default;Default;Default;Default;Default;Default;Default;Default;Default;Default;Default;Default;Default;Default;Default;Default;Default;Default;Default;Default;Default;Default;Default;Default;Default;Default;Default;3;Default;1;Default;Default;Default;Default;Default;Default;Default;3;"ShortRun(IterationCount=3, LaunchCount=1, WarmupCount=3)";;1;Workload;Pilot;22;881058800;33554432;26.26;96;0;0;24
EngineBenchmarks.'Messenger.Publish<SnapshotReadyMessage> (10 subs)';;EngineBenchmarks;'Messenger.Publish<SnapshotReadyMessage> (10 subs)';ShortRun;Default;Default;Default;Default;Default;Default;Default;Default;Default;Default;Default;Default;Default;Default;Default;Default;Default;Default;Default;Default;Default;Default;Default;Default;Default;Default;Default;Default;Default;Default;Default;3;Default;1;Default;Default;Default;Default;Default;Default;Default;3;"ShortRun(IterationCount=3, LaunchCount=1, WarmupCount=3)";;1;Overhead;Warmup;1;49788900;33554432;1.48;96;0;0;24
EngineBenchmarks.'Messenger.Publish<SnapshotReadyMessage> (10 subs)';;EngineBenchmarks;'Messenger.Publish<SnapshotReadyMessage> (10 subs)';ShortRun;Default;Default;Default;Default;Default;Default;Default;Default;Default;Default;Default;Default;Default;Default;Default;Default;Default;Default;Default;Default;Default;Default;Default;Default;Default;Default;Default;Default;Default;Default;Default;3;Default;1;Default;Default;Default;Default;Default;Default;Default;3;"ShortRun(IterationCount=3, LaunchCount=1, WarmupCount=3)";;1;Overhead;Warmup;2;50988900;33554432;1.52;96;0;0;24
EngineBenchmarks.'Messenger.Publish<SnapshotReadyMessage> (10 subs)';;EngineBenchmarks;'Messenger.Publish<SnapshotReadyMessage> (10 subs)';ShortRun;Default;Default;Default;Default;Default;Default;Default;Default;Default;Default;Default;Default;Default;Default;Default;Default;Default;Default;Default;Default;Default;Default;Default;Default;Default;Default;Default;Default;Default;Default;Default;3;Default;1;Default;Default;Default;Default;Default;Default;Default;3;"ShortRun(IterationCount=3, LaunchCount=1, WarmupCount=3)";;1;Overhead;Warmup;3;51161500;33554432;1.52;96;0;0;24
EngineBenchmarks.'Messenger.Publish<SnapshotReadyMessage> (10 subs)';;EngineBenchmarks;'Messenger.Publish<SnapshotReadyMessage> (10 subs)';ShortRun;Default;Default;Default;Default;Default;Default;Default;Default;Default;Default;Default;Default;Default;Default;Default;Default;Default;Default;Default;Default;Default;Default;Default;Default;Default;Default;Default;Default;Default;Default;Default;3;Default;1;Default;Default;Default;Default;Default;Default;Default;3;"ShortRun(IterationCount=3, LaunchCount=1, WarmupCount=3)";;1;Overhead;Warmup;4;50669100;33554432;1.51;96;0;0;24
EngineBenchmarks.'Messenger.Publish<SnapshotReadyMessage> (10 subs)';;EngineBenchmarks;'Messenger.Publish<SnapshotReadyMessage> (10 subs)';ShortRun;Default;Default;Default;Default;Default;Default;Default;Default;Default;Default;Default;Default;Default;Default;Default;Default;Default;Default;Default;Default;Default;Default;Default;Default;Default;Default;Default;Default;Default;Default;Default;3;Default;1;Default;Default;Default;Default;Default;Default;Default;3;"ShortRun(IterationCount=3, LaunchCount=1, WarmupCount=3)";;1;Overhead;Warmup;5;50419100;33554432;1.5;96;0;0;24
EngineBenchmarks.'Messenger.Publish<SnapshotReadyMessage> (10 subs)';;EngineBenchmarks;'Messenger.Publish<SnapshotReadyMessage> (10 subs)';ShortRun;Default;Default;Default;Default;Default;Default;Default;Default;Default;Default;Default;Default;Default;Default;Default;Default;Default;Default;Default;Default;Default;Default;Default;Default;Default;Default;Default;Default;Default;Default;Default;3;Default;1;Default;Default;Default;Default;Default;Default;Default;3;"ShortRun(IterationCount=3, LaunchCount=1, WarmupCount=3)";;1;Overhead;Warmup;6;53743500;33554432;1.6;96;0;0;24
EngineBenchmarks.'Messenger.Publish<SnapshotReadyMessage> (10 subs)';;EngineBenchmarks;'Messenger.Publish<SnapshotReadyMessage> (10 subs)';ShortRun;Default;Default;Default;Default;Default;Default;Default;Default;Default;Default;Default;Default;Default;Default;Default;Default;Default;Default;Default;Default;Default;Default;Default;Default;Default;Default;Default;Default;Default;Default;Default;3;Default;1;Default;Default;Default;Default;Default;Default;Default;3;"ShortRun(IterationCount=3, LaunchCount=1, WarmupCount=3)";;1;Overhead;Warmup;7;61146900;33554432;1.82;96;0;0;24
EngineBenchmarks.'Messenger.Publish<SnapshotReadyMessage> (10 subs)';;EngineBenchmarks;'Messenger.Publish<SnapshotReadyMessage> (10 subs)';ShortRun;Default;Default;Default;Default;Default;Default;Default;Default;Default;Default;Default;Default;Default;Default;Default;Default;Default;Default;Default;Default;Default;Default;Default;Default;Default;Default;Default;Default;Default;Default;Default;3;Default;1;Default;Default;Default;Default;Default;Default;Default;3;"ShortRun(IterationCount=3, LaunchCount=1, WarmupCount=3)";;1;Overhead;Warmup;8;36004100;33554432;1.07;96;0;0;24
EngineBenchmarks.'Messenger.Publish<SnapshotReadyMessage> (10 subs)';;EngineBenchmarks;'Messenger.Publish<SnapshotReadyMessage> (10 subs)';ShortRun;Default;Default;Default;Default;Default;Default;Default;Default;Default;Default;Default;Default;Default;Default;Default;Default;Default;Default;Default;Default;Default;Default;Default;Default;Default;Default;Default;Default;Default;Default;Default;3;Default;1;Default;Default;Default;Default;Default;Default;Default;3;"ShortRun(IterationCount=3, LaunchCount=1, WarmupCount=3)";;1;Overhead;Actual;1;35950200;33554432;1.07;96;0;0;24
EngineBenchmarks.'Messenger.Publish<SnapshotReadyMessage> (10 subs)';;EngineBenchmarks;'Messenger.Publish<SnapshotReadyMessage> (10 subs)';ShortRun;Default;Default;Default;Default;Default;Default;Default;Default;Default;Default;Default;Default;Default;Default;Default;Default;Default;Default;Default;Default;Default;Default;Default;Default;Default;Default;Default;Default;Default;Default;Default;3;Default;1;Default;Default;Default;Default;Default;Default;Default;3;"ShortRun(IterationCount=3, LaunchCount=1, WarmupCount=3)";;1;Overhead;Actual;2;35723200;33554432;1.06;96;0;0;24
EngineBenchmarks.'Messenger.Publish<SnapshotReadyMessage> (10 subs)';;EngineBenchmarks;'Messenger.Publish<SnapshotReadyMessage> (10 subs)';ShortRun;Default;Default;Default;Default;Default;Default;Default;Default;Default;Default;Default;Default;Default;Default;Default;Default;Default;Default;Default;Default;Default;Default;Default;Default;Default;Default;Default;Default;Default;Default;Default;3;Default;1;Default;Default;Default;Default;Default;Default;Default;3;"ShortRun(IterationCount=3, LaunchCount=1, WarmupCount=3)";;1;Overhead;Actual;3;36227100;33554432;1.08;96;0;0;24
EngineBenchmarks.'Messenger.Publish<SnapshotReadyMessage> (10 subs)';;EngineBenchmarks;'Messenger.Publish<SnapshotReadyMessage> (10 subs)';ShortRun;Default;Default;Default;Default;Default;Default;Default;Default;Default;Default;Default;Default;Default;Default;Default;Default;Default;Default;Default;Default;Default;Default;Default;Default;Default;Default;Default;Default;Default;Default;Default;3;Default;1;Default;Default;Default;Default;Default;Default;Default;3;"ShortRun(IterationCount=3, LaunchCount=1, WarmupCount=3)";;1;Overhead;Actual;4;36077900;33554432;1.08;96;0;0;24
EngineBenchmarks.'Messenger.Publish<SnapshotReadyMessage> (10 subs)';;EngineBenchmarks;'Messenger.Publish<SnapshotReadyMessage> (10 subs)';ShortRun;Default;Default;Default;Default;Default;Default;Default;Default;Default;Default;Default;Default;Default;Default;Default;Default;Default;Default;Default;Default;Default;Default;Default;Default;Default;Default;Default;Default;Default;Default;Default;3;Default;1;Default;Default;Default;Default;Default;Default;Default;3;"ShortRun(IterationCount=3, LaunchCount=1, WarmupCount=3)";;1;Overhead;Actual;5;35757700;33554432;1.07;96;0;0;24
EngineBenchmarks.'Messenger.Publish<SnapshotReadyMessage> (10 subs)';;EngineBenchmarks;'Messenger.Publish<SnapshotReadyMessage> (10 subs)';ShortRun;Default;Default;Default;Default;Default;Default;Default;Default;Default;Default;Default;Default;Default;Default;Default;Default;Default;Default;Default;Default;Default;Default;Default;Default;Default;Default;Default;Default;Default;Default;Default;3;Default;1;Default;Default;Default;Default;Default;Default;Default;3;"ShortRun(IterationCount=3, LaunchCount=1, WarmupCount=3)";;1;Overhead;Actual;6;35736900;33554432;1.07;96;0;0;24
EngineBenchmarks.'Messenger.Publish<SnapshotReadyMessage> (10 subs)';;EngineBenchmarks;'Messenger.Publish<SnapshotReadyMessage> (10 subs)';ShortRun;Default;Default;Default;Default;Default;Default;Default;Default;Default;Default;Default;Default;Default;Default;Default;Default;Default;Default;Default;Default;Default;Default;Default;Default;Default;Default;Default;Default;Default;Default;Default;3;Default;1;Default;Default;Default;Default;Default;Default;Default;3;"ShortRun(IterationCount=3, LaunchCount=1, WarmupCount=3)";;1;Overhead;Actual;7;36034500;33554432;1.07;96;0;0;24
EngineBenchmarks.'Messenger.Publish<SnapshotReadyMessage> (10 subs)';;EngineBenchmarks;'Messenger.Publish<SnapshotReadyMessage> (10 subs)';ShortRun;Default;Default;Default;Default;Default;Default;Default;Default;Default;Default;Default;Default;Default;Default;Default;Default;Default;Default;Default;Default;Default;Default;Default;Default;Default;Default;Default;Default;Default;Default;Default;3;Default;1;Default;Default;Default;Default;Default;Default;Default;3;"ShortRun(IterationCount=3, LaunchCount=1, WarmupCount=3)";;1;Overhead;Actual;8;36592000;33554432;1.09;96;0;0;24
EngineBenchmarks.'Messenger.Publish<SnapshotReadyMessage> (10 subs)';;EngineBenchmarks;'Messenger.Publish<SnapshotReadyMessage> (10 subs)';ShortRun;Default;Default;Default;Default;Default;Default;Default;Default;Default;Default;Default;Default;Default;Default;Default;Default;Default;Default;Default;Default;Default;Default;Default;Default;Default;Default;Default;Default;Default;Default;Default;3;Default;1;Default;Default;Default;Default;Default;Default;Default;3;"ShortRun(IterationCount=3, LaunchCount=1, WarmupCount=3)";;1;Overhead;Actual;9;36679100;33554432;1.09;96;0;0;24
EngineBenchmarks.'Messenger.Publish<SnapshotReadyMessage> (10 subs)';;EngineBenchmarks;'Messenger.Publish<SnapshotReadyMessage> (10 subs)';ShortRun;Default;Default;Default;Default;Default;Default;Default;Default;Default;Default;Default;Default;Default;Default;Default;Default;Default;Default;Default;Default;Default;Default;Default;Default;Default;Default;Default;Default;Default;Default;Default;3;Default;1;Default;Default;Default;Default;Default;Default;Default;3;"ShortRun(IterationCount=3, LaunchCount=1, WarmupCount=3)";;1;Overhead;Actual;10;37554900;33554432;1.12;96;0;0;24
EngineBenchmarks.'Messenger.Publish<SnapshotReadyMessage> (10 subs)';;EngineBenchmarks;'Messenger.Publish<SnapshotReadyMessage> (10 subs)';ShortRun;Default;Default;Default;Default;Default;Default;Default;Default;Default;Default;Default;Default;Default;Default;Default;Default;Default;Default;Default;Default;Default;Default;Default;Default;Default;Default;Default;Default;Default;Default;Default;3;Default;1;Default;Default;Default;Default;Default;Default;Default;3;"ShortRun(IterationCount=3, LaunchCount=1, WarmupCount=3)";;1;Overhead;Actual;11;36120000;33554432;1.08;96;0;0;24
EngineBenchmarks.'Messenger.Publish<SnapshotReadyMessage> (10 subs)';;EngineBenchmarks;'Messenger.Publish<SnapshotReadyMessage> (10 subs)';ShortRun;Default;Default;Default;Default;Default;Default;Default;Default;Default;Default;Default;Default;Default;Default;Default;Default;Default;Default;Default;Default;Default;Default;Default;Default;Default;Default;Default;Default;Default;Default;Default;3;Default;1;Default;Default;Default;Default;Default;Default;Default;3;"ShortRun(IterationCount=3, LaunchCount=1, WarmupCount=3)";;1;Overhead;Actual;12;38151800;33554432;1.14;96;0;0;24
EngineBenchmarks.'Messenger.Publish<SnapshotReadyMessage> (10 subs)';;EngineBenchmarks;'Messenger.Publish<SnapshotReadyMessage> (10 subs)';ShortRun;Default;Default;Default;Default;Default;Default;Default;Default;Default;Default;Default;Default;Default;Default;Default;Default;Default;Default;Default;Default;Default;Default;Default;Default;Default;Default;Default;Default;Default;Default;Default;3;Default;1;Default;Default;Default;Default;Default;Default;Default;3;"ShortRun(IterationCount=3, LaunchCount=1, WarmupCount=3)";;1;Overhead;Actual;13;36919300;33554432;1.1;96;0;0;24
EngineBenchmarks.'Messenger.Publish<SnapshotReadyMessage> (10 subs)';;EngineBenchmarks;'Messenger.Publish<SnapshotReadyMessage> (10 subs)';ShortRun;Default;Default;Default;Default;Default;Default;Default;Default;Default;Default;Default;Default;Default;Default;Default;Default;Default;Default;Default;Default;Default;Default;Default;Default;Default;Default;Default;Default;Default;Default;Default;3;Default;1;Default;Default;Default;Default;Default;Default;Default;3;"ShortRun(IterationCount=3, LaunchCount=1, WarmupCount=3)";;1;Overhead;Actual;14;36021500;33554432;1.07;96;0;0;24
EngineBenchmarks.'Messenger.Publish<SnapshotReadyMessage> (10 subs)';;EngineBenchmarks;'Messenger.Publish<SnapshotReadyMessage> (10 subs)';ShortRun;Default;Default;Default;Default;Default;Default;Default;Default;Default;Default;Default;Default;Default;Default;Default;Default;Default;Default;Default;Default;Default;Default;Default;Default;Default;Default;Default;Default;Default;Default;Default;3;Default;1;Default;Default;Default;Default;Default;Default;Default;3;"ShortRun(IterationCount=3, LaunchCount=1, WarmupCount=3)";;1;Overhead;Actual;15;35744300;33554432;1.07;96;0;0;24
EngineBenchmarks.'Messenger.Publish<SnapshotReadyMessage> (10 subs)';;EngineBenchmarks;'Messenger.Publish<SnapshotReadyMessage> (10 subs)';ShortRun;Default;Default;Default;Default;Default;Default;Default;Default;Default;Default;Default;Default;Default;Default;Default;Default;Default;Default;Default;Default;Default;Default;Default;Default;Default;Default;Default;Default;Default;Default;Default;3;Default;1;Default;Default;Default;Default;Default;Default;Default;3;"ShortRun(IterationCount=3, LaunchCount=1, WarmupCount=3)";;1;Workload;Warmup;1;880654900;33554432;26.25;96;0;0;24
EngineBenchmarks.'Messenger.Publish<SnapshotReadyMessage> (10 subs)';;EngineBenchmarks;'Messenger.Publish<SnapshotReadyMessage> (10 subs)';ShortRun;Default;Default;Default;Default;Default;Default;Default;Default;Default;Default;Default;Default;Default;Default;Default;Default;Default;Default;Default;Default;Default;Default;Default;Default;Default;Default;Default;Default;Default;Default;Default;3;Default;1;Default;Default;Default;Default;Default;Default;Default;3;"ShortRun(IterationCount=3, LaunchCount=1, WarmupCount=3)";;1;Workload;Warmup;2;875760500;33554432;26.1;96;0;0;24
EngineBenchmarks.'Messenger.Publish<SnapshotReadyMessage> (10 subs)';;EngineBenchmarks;'Messenger.Publish<SnapshotReadyMessage> (10 subs)';ShortRun;Default;Default;Default;Default;Default;Default;Default;Default;Default;Default;Default;Default;Default;Default;Default;Default;Default;Default;Default;Default;Default;Default;Default;Default;Default;Default;Default;Default;Default;Default;Default;3;Default;1;Default;Default;Default;Default;Default;Default;Default;3;"ShortRun(IterationCount=3, LaunchCount=1, WarmupCount=3)";;1;Workload;Warmup;3;889755500;33554432;26.52;96;0;0;24
EngineBenchmarks.'Messenger.Publish<SnapshotReadyMessage> (10 subs)';;EngineBenchmarks;'Messenger.Publish<SnapshotReadyMessage> (10 subs)';ShortRun;Default;Default;Default;Default;Default;Default;Default;Default;Default;Default;Default;Default;Default;Default;Default;Default;Default;Default;Default;Default;Default;Default;Default;Default;Default;Default;Default;Default;Default;Default;Default;3;Default;1;Default;Default;Default;Default;Default;Default;Default;3;"ShortRun(IterationCount=3, LaunchCount=1, WarmupCount=3)";;1;Workload;Actual;1;896260800;33554432;26.71;96;0;0;24
EngineBenchmarks.'Messenger.Publish<SnapshotReadyMessage> (10 subs)';;EngineBenchmarks;'Messenger.Publish<SnapshotReadyMessage> (10 subs)';ShortRun;Default;Default;Default;Default;Default;Default;Default;Default;Default;Default;Default;Default;Default;Default;Default;Default;Default;Default;Default;Default;Default;Default;Default;Default;Default;Default;Default;Default;Default;Default;Default;3;Default;1;Default;Default;Default;Default;Default;Default;Default;3;"ShortRun(IterationCount=3, LaunchCount=1, WarmupCount=3)";;1;Workload;Actual;2;877952000;33554432;26.17;96;0;0;24
EngineBenchmarks.'Messenger.Publish<SnapshotReadyMessage> (10 subs)';;EngineBenchmarks;'Messenger.Publish<SnapshotReadyMessage> (10 subs)';ShortRun;Default;Default;Default;Default;Default;Default;Default;Default;Default;Default;Default;Default;Default;Default;Default;Default;Default;Default;Default;Default;Default;Default;Default;Default;Default;Default;Default;Default;Default;Default;Default;3;Default;1;Default;Default;Default;Default;Default;Default;Default;3;"ShortRun(IterationCount=3, LaunchCount=1, WarmupCount=3)";;1;Workload;Actual;3;885024400;33554432;26.38;96;0;0;24
EngineBenchmarks.'Messenger.Publish<SnapshotReadyMessage> (10 subs)';;EngineBenchmarks;'Messenger.Publish<SnapshotReadyMessage> (10 subs)';ShortRun;Default;Default;Default;Default;Default;Default;Default;Default;Default;Default;Default;Default;Default;Default;Default;Default;Default;Default;Default;Default;Default;Default;Default;Default;Default;Default;Default;Default;Default;Default;Default;3;Default;1;Default;Default;Default;Default;Default;Default;Default;3;"ShortRun(IterationCount=3, LaunchCount=1, WarmupCount=3)";;1;Workload;Result;1;860182900;33554432;25.64;96;0;0;24
EngineBenchmarks.'Messenger.Publish<SnapshotReadyMessage> (10 subs)';;EngineBenchmarks;'Messenger.Publish<SnapshotReadyMessage> (10 subs)';ShortRun;Default;Default;Default;Default;Default;Default;Default;Default;Default;Default;Default;Default;Default;Default;Default;Default;Default;Default;Default;Default;Default;Default;Default;Default;Default;Default;Default;Default;Default;Default;Default;3;Default;1;Default;Default;Default;Default;Default;Default;Default;3;"ShortRun(IterationCount=3, LaunchCount=1, WarmupCount=3)";;1;Workload;Result;2;841874100;33554432;25.09;96;0;0;24
EngineBenchmarks.'Messenger.Publish<SnapshotReadyMessage> (10 subs)';;EngineBenchmarks;'Messenger.Publish<SnapshotReadyMessage> (10 subs)';ShortRun;Default;Default;Default;Default;Default;Default;Default;Default;Default;Default;Default;Default;Default;Default;Default;Default;Default;Default;Default;Default;Default;Default;Default;Default;Default;Default;Default;Default;Default;Default;Default;3;Default;1;Default;Default;Default;Default;Default;Default;Default;3;"ShortRun(IterationCount=3, LaunchCount=1, WarmupCount=3)";;1;Workload;Result;3;848946500;33554432;25.3;96;0;0;24
EngineBenchmarks.'ControllerSnapshot init (readonly record struct)';;EngineBenchmarks;'ControllerSnapshot init (readonly record struct)';ShortRun;Default;Default;Default;Default;Default;Default;Default;Default;Default;Default;Default;Default;Default;Default;Default;Default;Default;Default;Default;Default;Default;Default;Default;Default;Default;Default;Default;Default;Default;Default;Default;3;Default;1;Default;Default;Default;Default;Default;Default;Default;3;"ShortRun(IterationCount=3, LaunchCount=1, WarmupCount=3)";;1;Overhead;Jitting;1;149800;1;149800;369;0;0;368
EngineBenchmarks.'ControllerSnapshot init (readonly record struct)';;EngineBenchmarks;'ControllerSnapshot init (readonly record struct)';ShortRun;Default;Default;Default;Default;Default;Default;Default;Default;Default;Default;Default;Default;Default;Default;Default;Default;Default;Default;Default;Default;Default;Default;Default;Default;Default;Default;Default;Default;Default;Default;Default;3;Default;1;Default;Default;Default;Default;Default;Default;Default;3;"ShortRun(IterationCount=3, LaunchCount=1, WarmupCount=3)";;1;Workload;Jitting;1;211700;1;211700;369;0;0;368
EngineBenchmarks.'ControllerSnapshot init (readonly record struct)';;EngineBenchmarks;'ControllerSnapshot init (readonly record struct)';ShortRun;Default;Default;Default;Default;Default;Default;Default;Default;Default;Default;Default;Default;Default;Default;Default;Default;Default;Default;Default;Default;Default;Default;Default;Default;Default;Default;Default;Default;Default;Default;Default;3;Default;1;Default;Default;Default;Default;Default;Default;Default;3;"ShortRun(IterationCount=3, LaunchCount=1, WarmupCount=3)";;1;Overhead;Jitting;2;306700;16;19168.75;369;0;0;368
EngineBenchmarks.'ControllerSnapshot init (readonly record struct)';;EngineBenchmarks;'ControllerSnapshot init (readonly record struct)';ShortRun;Default;Default;Default;Default;Default;Default;Default;Default;Default;Default;Default;Default;Default;Default;Default;Default;Default;Default;Default;Default;Default;Default;Default;Default;Default;Default;Default;Default;Default;Default;Default;3;Default;1;Default;Default;Default;Default;Default;Default;Default;3;"ShortRun(IterationCount=3, LaunchCount=1, WarmupCount=3)";;1;Workload;Jitting;2;313200;16;19575;369;0;0;368
EngineBenchmarks.'ControllerSnapshot init (readonly record struct)';;EngineBenchmarks;'ControllerSnapshot init (readonly record struct)';ShortRun;Default;Default;Default;Default;Default;Default;Default;Default;Default;Default;Default;Default;Default;Default;Default;Default;Default;Default;Default;Default;Default;Default;Default;Default;Default;Default;Default;Default;Default;Default;Default;3;Default;1;Default;Default;Default;Default;Default;Default;Default;3;"ShortRun(IterationCount=3, LaunchCount=1, WarmupCount=3)";;1;Workload;Pilot;1;14600;16;912.5;369;0;0;368
EngineBenchmarks.'ControllerSnapshot init (readonly record struct)';;EngineBenchmarks;'ControllerSnapshot init (readonly record struct)';ShortRun;Default;Default;Default;Default;Default;Default;Default;Default;Default;Default;Default;Default;Default;Default;Default;Default;Default;Default;Default;Default;Default;Default;Default;Default;Default;Default;Default;Default;Default;Default;Default;3;Default;1;Default;Default;Default;Default;Default;Default;Default;3;"ShortRun(IterationCount=3, LaunchCount=1, WarmupCount=3)";;1;Workload;Pilot;2;18200;32;568.75;369;0;0;368
EngineBenchmarks.'ControllerSnapshot init (readonly record struct)';;EngineBenchmarks;'ControllerSnapshot init (readonly record struct)';ShortRun;Default;Default;Default;Default;Default;Default;Default;Default;Default;Default;Default;Default;Default;Default;Default;Default;Default;Default;Default;Default;Default;Default;Default;Default;Default;Default;Default;Default;Default;Default;Default;3;Default;1;Default;Default;Default;Default;Default;Default;Default;3;"ShortRun(IterationCount=3, LaunchCount=1, WarmupCount=3)";;1;Workload;Pilot;3;28000;64;437.5;369;0;0;368
EngineBenchmarks.'ControllerSnapshot init (readonly record struct)';;EngineBenchmarks;'ControllerSnapshot init (readonly record struct)';ShortRun;Default;Default;Default;Default;Default;Default;Default;Default;Default;Default;Default;Default;Default;Default;Default;Default;Default;Default;Default;Default;Default;Default;Default;Default;Default;Default;Default;Default;Default;Default;Default;3;Default;1;Default;Default;Default;Default;Default;Default;Default;3;"ShortRun(IterationCount=3, LaunchCount=1, WarmupCount=3)";;1;Workload;Pilot;4;46400;128;362.5;369;0;0;368
EngineBenchmarks.'ControllerSnapshot init (readonly record struct)';;EngineBenchmarks;'ControllerSnapshot init (readonly record struct)';ShortRun;Default;Default;Default;Default;Default;Default;Default;Default;Default;Default;Default;Default;Default;Default;Default;Default;Default;Default;Default;Default;Default;Default;Default;Default;Default;Default;Default;Default;Default;Default;Default;3;Default;1;Default;Default;Default;Default;Default;Default;Default;3;"ShortRun(IterationCount=3, LaunchCount=1, WarmupCount=3)";;1;Workload;Pilot;5;90100;256;351.95;369;0;0;368
EngineBenchmarks.'ControllerSnapshot init (readonly record struct)';;EngineBenchmarks;'ControllerSnapshot init (readonly record struct)';ShortRun;Default;Default;Default;Default;Default;Default;Default;Default;Default;Default;Default;Default;Default;Default;Default;Default;Default;Default;Default;Default;Default;Default;Default;Default;Default;Default;Default;Default;Default;Default;Default;3;Default;1;Default;Default;Default;Default;Default;Default;Default;3;"ShortRun(IterationCount=3, LaunchCount=1, WarmupCount=3)";;1;Workload;Pilot;6;164200;512;320.7;369;0;0;368
EngineBenchmarks.'ControllerSnapshot init (readonly record struct)';;EngineBenchmarks;'ControllerSnapshot init (readonly record struct)';ShortRun;Default;Default;Default;Default;Default;Default;Default;Default;Default;Default;Default;Default;Default;Default;Default;Default;Default;Default;Default;Default;Default;Default;Default;Default;Default;Default;Default;Default;Default;Default;Default;3;Default;1;Default;Default;Default;Default;Default;Default;Default;3;"ShortRun(IterationCount=3, LaunchCount=1, WarmupCount=3)";;1;Workload;Pilot;7;291000;1024;284.18;369;0;0;368
EngineBenchmarks.'ControllerSnapshot init (readonly record struct)';;EngineBenchmarks;'ControllerSnapshot init (readonly record struct)';ShortRun;Default;Default;Default;Default;Default;Default;Default;Default;Default;Default;Default;Default;Default;Default;Default;Default;Default;Default;Default;Default;Default;Default;Default;Default;Default;Default;Default;Default;Default;Default;Default;3;Default;1;Default;Default;Default;Default;Default;Default;Default;3;"ShortRun(IterationCount=3, LaunchCount=1, WarmupCount=3)";;1;Workload;Pilot;8;599100;2048;292.53;369;0;0;368
EngineBenchmarks.'ControllerSnapshot init (readonly record struct)';;EngineBenchmarks;'ControllerSnapshot init (readonly record struct)';ShortRun;Default;Default;Default;Default;Default;Default;Default;Default;Default;Default;Default;Default;Default;Default;Default;Default;Default;Default;Default;Default;Default;Default;Default;Default;Default;Default;Default;Default;Default;Default;Default;3;Default;1;Default;Default;Default;Default;Default;Default;Default;3;"ShortRun(IterationCount=3, LaunchCount=1, WarmupCount=3)";;1;Workload;Pilot;9;1337600;4096;326.56;369;0;0;368
EngineBenchmarks.'ControllerSnapshot init (readonly record struct)';;EngineBenchmarks;'ControllerSnapshot init (readonly record struct)';ShortRun;Default;Default;Default;Default;Default;Default;Default;Default;Default;Default;Default;Default;Default;Default;Default;Default;Default;Default;Default;Default;Default;Default;Default;Default;Default;Default;Default;Default;Default;Default;Default;3;Default;1;Default;Default;Default;Default;Default;Default;Default;3;"ShortRun(IterationCount=3, LaunchCount=1, WarmupCount=3)";;1;Workload;Pilot;10;2689200;8192;328.27;369;0;0;368
EngineBenchmarks.'ControllerSnapshot init (readonly record struct)';;EngineBenchmarks;'ControllerSnapshot init (readonly record struct)';ShortRun;Default;Default;Default;Default;Default;Default;Default;Default;Default;Default;Default;Default;Default;Default;Default;Default;Default;Default;Default;Default;Default;Default;Default;Default;Default;Default;Default;Default;Default;Default;Default;3;Default;1;Default;Default;Default;Default;Default;Default;Default;3;"ShortRun(IterationCount=3, LaunchCount=1, WarmupCount=3)";;1;Workload;Pilot;11;5677600;16384;346.53;369;0;0;368
EngineBenchmarks.'ControllerSnapshot init (readonly record struct)';;EngineBenchmarks;'ControllerSnapshot init (readonly record struct)';ShortRun;Default;Default;Default;Default;Default;Default;Default;Default;Default;Default;Default;Default;Default;Default;Default;Default;Default;Default;Default;Default;Default;Default;Default;Default;Default;Default;Default;Default;Default;Default;Default;3;Default;1;Default;Default;Default;Default;Default;Default;Default;3;"ShortRun(IterationCount=3, LaunchCount=1, WarmupCount=3)";;1;Workload;Pilot;12;9126000;32768;278.5;369;0;0;368
EngineBenchmarks.'ControllerSnapshot init (readonly record struct)';;EngineBenchmarks;'ControllerSnapshot init (readonly record struct)';ShortRun;Default;Default;Default;Default;Default;Default;Default;Default;Default;Default;Default;Default;Default;Default;Default;Default;Default;Default;Default;Default;Default;Default;Default;Default;Default;Default;Default;Default;Default;Default;Default;3;Default;1;Default;Default;Default;Default;Default;Default;Default;3;"ShortRun(IterationCount=3, LaunchCount=1, WarmupCount=3)";;1;Workload;Pilot;13;15136700;65536;230.97;369;0;0;368
EngineBenchmarks.'ControllerSnapshot init (readonly record struct)';;EngineBenchmarks;'ControllerSnapshot init (readonly record struct)';ShortRun;Default;Default;Default;Default;Default;Default;Default;Default;Default;Default;Default;Default;Default;Default;Default;Default;Default;Default;Default;Default;Default;Default;Default;Default;Default;Default;Default;Default;Default;Default;Default;3;Default;1;Default;Default;Default;Default;Default;Default;Default;3;"ShortRun(IterationCount=3, LaunchCount=1, WarmupCount=3)";;1;Workload;Pilot;14;29576000;131072;225.65;369;0;0;368
EngineBenchmarks.'ControllerSnapshot init (readonly record struct)';;EngineBenchmarks;'ControllerSnapshot init (readonly record struct)';ShortRun;Default;Default;Default;Default;Default;Default;Default;Default;Default;Default;Default;Default;Default;Default;Default;Default;Default;Default;Default;Default;Default;Default;Default;Default;Default;Default;Default;Default;Default;Default;Default;3;Default;1;Default;Default;Default;Default;Default;Default;Default;3;"ShortRun(IterationCount=3, LaunchCount=1, WarmupCount=3)";;1;Workload;Pilot;15;64401500;262144;245.67;369;0;0;368
EngineBenchmarks.'ControllerSnapshot init (readonly record struct)';;EngineBenchmarks;'ControllerSnapshot init (readonly record struct)';ShortRun;Default;Default;Default;Default;Default;Default;Default;Default;Default;Default;Default;Default;Default;Default;Default;Default;Default;Default;Default;Default;Default;Default;Default;Default;Default;Default;Default;Default;Default;Default;Default;3;Default;1;Default;Default;Default;Default;Default;Default;Default;3;"ShortRun(IterationCount=3, LaunchCount=1, WarmupCount=3)";;1;Workload;Pilot;16;142271800;524288;271.36;369;0;0;368
EngineBenchmarks.'ControllerSnapshot init (readonly record struct)';;EngineBenchmarks;'ControllerSnapshot init (readonly record struct)';ShortRun;Default;Default;Default;Default;Default;Default;Default;Default;Default;Default;Default;Default;Default;Default;Default;Default;Default;Default;Default;Default;Default;Default;Default;Default;Default;Default;Default;Default;Default;Default;Default;3;Default;1;Default;Default;Default;Default;Default;Default;Default;3;"ShortRun(IterationCount=3, LaunchCount=1, WarmupCount=3)";;1;Workload;Pilot;17;175356200;1048576;167.23;369;0;0;368
EngineBenchmarks.'ControllerSnapshot init (readonly record struct)';;EngineBenchmarks;'ControllerSnapshot init (readonly record struct)';ShortRun;Default;Default;Default;Default;Default;Default;Default;Default;Default;Default;Default;Default;Default;Default;Default;Default;Default;Default;Default;Default;Default;Default;Default;Default;Default;Default;Default;Default;Default;Default;Default;3;Default;1;Default;Default;Default;Default;Default;Default;Default;3;"ShortRun(IterationCount=3, LaunchCount=1, WarmupCount=3)";;1;Workload;Pilot;18;252386200;2097152;120.35;369;0;0;368
EngineBenchmarks.'ControllerSnapshot init (readonly record struct)';;EngineBenchmarks;'ControllerSnapshot init (readonly record struct)';ShortRun;Default;Default;Default;Default;Default;Default;Default;Default;Default;Default;Default;Default;Default;Default;Default;Default;Default;Default;Default;Default;Default;Default;Default;Default;Default;Default;Default;Default;Default;Default;Default;3;Default;1;Default;Default;Default;Default;Default;Default;Default;3;"ShortRun(IterationCount=3, LaunchCount=1, WarmupCount=3)";;1;Workload;Pilot;19;499310700;4194304;119.04;369;0;0;368
EngineBenchmarks.'ControllerSnapshot init (readonly record struct)';;EngineBenchmarks;'ControllerSnapshot init (readonly record struct)';ShortRun;Default;Default;Default;Default;Default;Default;Default;Default;Default;Default;Default;Default;Default;Default;Default;Default;Default;Default;Default;Default;Default;Default;Default;Default;Default;Default;Default;Default;Default;Default;Default;3;Default;1;Default;Default;Default;Default;Default;Default;Default;3;"ShortRun(IterationCount=3, LaunchCount=1, WarmupCount=3)";;1;Workload;Pilot;20;995911700;8388608;118.72;369;0;0;368
EngineBenchmarks.'ControllerSnapshot init (readonly record struct)';;EngineBenchmarks;'ControllerSnapshot init (readonly record struct)';ShortRun;Default;Default;Default;Default;Default;Default;Default;Default;Default;Default;Default;Default;Default;Default;Default;Default;Default;Default;Default;Default;Default;Default;Default;Default;Default;Default;Default;Default;Default;Default;Default;3;Default;1;Default;Default;Default;Default;Default;Default;Default;3;"ShortRun(IterationCount=3, LaunchCount=1, WarmupCount=3)";;1;Overhead;Warmup;1;22159000;8388608;2.64;369;0;0;368
EngineBenchmarks.'ControllerSnapshot init (readonly record struct)';;EngineBenchmarks;'ControllerSnapshot init (readonly record struct)';ShortRun;Default;Default;Default;Default;Default;Default;Default;Default;Default;Default;Default;Default;Default;Default;Default;Default;Default;Default;Default;Default;Default;Default;Default;Default;Default;Default;Default;Default;Default;Default;Default;3;Default;1;Default;Default;Default;Default;Default;Default;Default;3;"ShortRun(IterationCount=3, LaunchCount=1, WarmupCount=3)";;1;Overhead;Warmup;2;22951800;8388608;2.74;369;0;0;368
EngineBenchmarks.'ControllerSnapshot init (readonly record struct)';;EngineBenchmarks;'ControllerSnapshot init (readonly record struct)';ShortRun;Default;Default;Default;Default;Default;Default;Default;Default;Default;Default;Default;Default;Default;Default;Default;Default;Default;Default;Default;Default;Default;Default;Default;Default;Default;Default;Default;Default;Default;Default;Default;3;Default;1;Default;Default;Default;Default;Default;Default;Default;3;"ShortRun(IterationCount=3, LaunchCount=1, WarmupCount=3)";;1;Overhead;Warmup;3;22784200;8388608;2.72;369;0;0;368
EngineBenchmarks.'ControllerSnapshot init (readonly record struct)';;EngineBenchmarks;'ControllerSnapshot init (readonly record struct)';ShortRun;Default;Default;Default;Default;Default;Default;Default;Default;Default;Default;Default;Default;Default;Default;Default;Default;Default;Default;Default;Default;Default;Default;Default;Default;Default;Default;Default;Default;Default;Default;Default;3;Default;1;Default;Default;Default;Default;Default;Default;Default;3;"ShortRun(IterationCount=3, LaunchCount=1, WarmupCount=3)";;1;Overhead;Warmup;4;22848900;8388608;2.72;369;0;0;368
EngineBenchmarks.'ControllerSnapshot init (readonly record struct)';;EngineBenchmarks;'ControllerSnapshot init (readonly record struct)';ShortRun;Default;Default;Default;Default;Default;Default;Default;Default;Default;Default;Default;Default;Default;Default;Default;Default;Default;Default;Default;Default;Default;Default;Default;Default;Default;Default;Default;Default;Default;Default;Default;3;Default;1;Default;Default;Default;Default;Default;Default;Default;3;"ShortRun(IterationCount=3, LaunchCount=1, WarmupCount=3)";;1;Overhead;Warmup;5;21501200;8388608;2.56;369;0;0;368
EngineBenchmarks.'ControllerSnapshot init (readonly record struct)';;EngineBenchmarks;'ControllerSnapshot init (readonly record struct)';ShortRun;Default;Default;Default;Default;Default;Default;Default;Default;Default;Default;Default;Default;Default;Default;Default;Default;Default;Default;Default;Default;Default;Default;Default;Default;Default;Default;Default;Default;Default;Default;Default;3;Default;1;Default;Default;Default;Default;Default;Default;Default;3;"ShortRun(IterationCount=3, LaunchCount=1, WarmupCount=3)";;1;Overhead;Actual;1;20007400;8388608;2.39;369;0;0;368
EngineBenchmarks.'ControllerSnapshot init (readonly record struct)';;EngineBenchmarks;'ControllerSnapshot init (readonly record struct)';ShortRun;Default;Default;Default;Default;Default;Default;Default;Default;Default;Default;Default;Default;Default;Default;Default;Default;Default;Default;Default;Default;Default;Default;Default;Default;Default;Default;Default;Default;Default;Default;Default;3;Default;1;Default;Default;Default;Default;Default;Default;Default;3;"ShortRun(IterationCount=3, LaunchCount=1, WarmupCount=3)";;1;Overhead;Actual;2;20151300;8388608;2.4;369;0;0;368
EngineBenchmarks.'ControllerSnapshot init (readonly record struct)';;EngineBenchmarks;'ControllerSnapshot init (readonly record struct)';ShortRun;Default;Default;Default;Default;Default;Default;Default;Default;Default;Default;Default;Default;Default;Default;Default;Default;Default;Default;Default;Default;Default;Default;Default;Default;Default;Default;Default;Default;Default;Default;Default;3;Default;1;Default;Default;Default;Default;Default;Default;Default;3;"ShortRun(IterationCount=3, LaunchCount=1, WarmupCount=3)";;1;Overhead;Actual;3;20193200;8388608;2.41;369;0;0;368
EngineBenchmarks.'ControllerSnapshot init (readonly record struct)';;EngineBenchmarks;'ControllerSnapshot init (readonly record struct)';ShortRun;Default;Default;Default;Default;Default;Default;Default;Default;Default;Default;Default;Default;Default;Default;Default;Default;Default;Default;Default;Default;Default;Default;Default;Default;Default;Default;Default;Default;Default;Default;Default;3;Default;1;Default;Default;Default;Default;Default;Default;Default;3;"ShortRun(IterationCount=3, LaunchCount=1, WarmupCount=3)";;1;Overhead;Actual;4;20542500;8388608;2.45;369;0;0;368
EngineBenchmarks.'ControllerSnapshot init (readonly record struct)';;EngineBenchmarks;'ControllerSnapshot init (readonly record struct)';ShortRun;Default;Default;Default;Default;Default;Default;Default;Default;Default;Default;Default;Default;Default;Default;Default;Default;Default;Default;Default;Default;Default;Default;Default;Default;Default;Default;Default;Default;Default;Default;Default;3;Default;1;Default;Default;Default;Default;Default;Default;Default;3;"ShortRun(IterationCount=3, LaunchCount=1, WarmupCount=3)";;1;Overhead;Actual;5;20257900;8388608;2.41;369;0;0;368
EngineBenchmarks.'ControllerSnapshot init (readonly record struct)';;EngineBenchmarks;'ControllerSnapshot init (readonly record struct)';ShortRun;Default;Default;Default;Default;Default;Default;Default;Default;Default;Default;Default;Default;Default;Default;Default;Default;Default;Default;Default;Default;Default;Default;Default;Default;Default;Default;Default;Default;Default;Default;Default;3;Default;1;Default;Default;Default;Default;Default;Default;Default;3;"ShortRun(IterationCount=3, LaunchCount=1, WarmupCount=3)";;1;Overhead;Actual;6;23316500;8388608;2.78;369;0;0;368
EngineBenchmarks.'ControllerSnapshot init (readonly record struct)';;EngineBenchmarks;'ControllerSnapshot init (readonly record struct)';ShortRun;Default;Default;Default;Default;Default;Default;Default;Default;Default;Default;Default;Default;Default;Default;Default;Default;Default;Default;Default;Default;Default;Default;Default;Default;Default;Default;Default;Default;Default;Default;Default;3;Default;1;Default;Default;Default;Default;Default;Default;Default;3;"ShortRun(IterationCount=3, LaunchCount=1, WarmupCount=3)";;1;Overhead;Actual;7;21736800;8388608;2.59;369;0;0;368
EngineBenchmarks.'ControllerSnapshot init (readonly record struct)';;EngineBenchmarks;'ControllerSnapshot init (readonly record struct)';ShortRun;Default;Default;Default;Default;Default;Default;Default;Default;Default;Default;Default;Default;Default;Default;Default;Default;Default;Default;Default;Default;Default;Default;Default;Default;Default;Default;Default;Default;Default;Default;Default;3;Default;1;Default;Default;Default;Default;Default;Default;Default;3;"ShortRun(IterationCount=3, LaunchCount=1, WarmupCount=3)";;1;Overhead;Actual;8;20145500;8388608;2.4;369;0;0;368
EngineBenchmarks.'ControllerSnapshot init (readonly record struct)';;EngineBenchmarks;'ControllerSnapshot init (readonly record struct)';ShortRun;Default;Default;Default;Default;Default;Default;Default;Default;Default;Default;Default;Default;Default;Default;Default;Default;Default;Default;Default;Default;Default;Default;Default;Default;Default;Default;Default;Default;Default;Default;Default;3;Default;1;Default;Default;Default;Default;Default;Default;Default;3;"ShortRun(IterationCount=3, LaunchCount=1, WarmupCount=3)";;1;Overhead;Actual;9;23504900;8388608;2.8;369;0;0;368
EngineBenchmarks.'ControllerSnapshot init (readonly record struct)';;EngineBenchmarks;'ControllerSnapshot init (readonly record struct)';ShortRun;Default;Default;Default;Default;Default;Default;Default;Default;Default;Default;Default;Default;Default;Default;Default;Default;Default;Default;Default;Default;Default;Default;Default;Default;Default;Default;Default;Default;Default;Default;Default;3;Default;1;Default;Default;Default;Default;Default;Default;Default;3;"ShortRun(IterationCount=3, LaunchCount=1, WarmupCount=3)";;1;Overhead;Actual;10;21348900;8388608;2.54;369;0;0;368
EngineBenchmarks.'ControllerSnapshot init (readonly record struct)';;EngineBenchmarks;'ControllerSnapshot init (readonly record struct)';ShortRun;Default;Default;Default;Default;Default;Default;Default;Default;Default;Default;Default;Default;Default;Default;Default;Default;Default;Default;Default;Default;Default;Default;Default;Default;Default;Default;Default;Default;Default;Default;Default;3;Default;1;Default;Default;Default;Default;Default;Default;Default;3;"ShortRun(IterationCount=3, LaunchCount=1, WarmupCount=3)";;1;Overhead;Actual;11;19029400;8388608;2.27;369;0;0;368
EngineBenchmarks.'ControllerSnapshot init (readonly record struct)';;EngineBenchmarks;'ControllerSnapshot init (readonly record struct)';ShortRun;Default;Default;Default;Default;Default;Default;Default;Default;Default;Default;Default;Default;Default;Default;Default;Default;Default;Default;Default;Default;Default;Default;Default;Default;Default;Default;Default;Default;Default;Default;Default;3;Default;1;Default;Default;Default;Default;Default;Default;Default;3;"ShortRun(IterationCount=3, LaunchCount=1, WarmupCount=3)";;1;Overhead;Actual;12;18358400;8388608;2.19;369;0;0;368
EngineBenchmarks.'ControllerSnapshot init (readonly record struct)';;EngineBenchmarks;'ControllerSnapshot init (readonly record struct)';ShortRun;Default;Default;Default;Default;Default;Default;Default;Default;Default;Default;Default;Default;Default;Default;Default;Default;Default;Default;Default;Default;Default;Default;Default;Default;Default;Default;Default;Default;Default;Default;Default;3;Default;1;Default;Default;Default;Default;Default;Default;Default;3;"ShortRun(IterationCount=3, LaunchCount=1, WarmupCount=3)";;1;Overhead;Actual;13;16542300;8388608;1.97;369;0;0;368
EngineBenchmarks.'ControllerSnapshot init (readonly record struct)';;EngineBenchmarks;'ControllerSnapshot init (readonly record struct)';ShortRun;Default;Default;Default;Default;Default;Default;Default;Default;Default;Default;Default;Default;Default;Default;Default;Default;Default;Default;Default;Default;Default;Default;Default;Default;Default;Default;Default;Default;Default;Default;Default;3;Default;1;Default;Default;Default;Default;Default;Default;Default;3;"ShortRun(IterationCount=3, LaunchCount=1, WarmupCount=3)";;1;Overhead;Actual;14;19894400;8388608;2.37;369;0;0;368
EngineBenchmarks.'ControllerSnapshot init (readonly record struct)';;EngineBenchmarks;'ControllerSnapshot init (readonly record struct)';ShortRun;Default;Default;Default;Default;Default;Default;Default;Default;Default;Default;Default;Default;Default;Default;Default;Default;Default;Default;Default;Default;Default;Default;Default;Default;Default;Default;Default;Default;Default;Default;Default;3;Default;1;Default;Default;Default;Default;Default;Default;Default;3;"ShortRun(IterationCount=3, LaunchCount=1, WarmupCount=3)";;1;Overhead;Actual;15;17013700;8388608;2.03;369;0;0;368
EngineBenchmarks.'ControllerSnapshot init (readonly record struct)';;EngineBenchmarks;'ControllerSnapshot init (readonly record struct)';ShortRun;Default;Default;Default;Default;Default;Default;Default;Default;Default;Default;Default;Default;Default;Default;Default;Default;Default;Default;Default;Default;Default;Default;Default;Default;Default;Default;Default;Default;Default;Default;Default;3;Default;1;Default;Default;Default;Default;Default;Default;Default;3;"ShortRun(IterationCount=3, LaunchCount=1, WarmupCount=3)";;1;Overhead;Actual;16;19841700;8388608;2.37;369;0;0;368
EngineBenchmarks.'ControllerSnapshot init (readonly record struct)';;EngineBenchmarks;'ControllerSnapshot init (readonly record struct)';ShortRun;Default;Default;Default;Default;Default;Default;Default;Default;Default;Default;Default;Default;Default;Default;Default;Default;Default;Default;Default;Default;Default;Default;Default;Default;Default;Default;Default;Default;Default;Default;Default;3;Default;1;Default;Default;Default;Default;Default;Default;Default;3;"ShortRun(IterationCount=3, LaunchCount=1, WarmupCount=3)";;1;Overhead;Actual;17;18518400;8388608;2.21;369;0;0;368
EngineBenchmarks.'ControllerSnapshot init (readonly record struct)';;EngineBenchmarks;'ControllerSnapshot init (readonly record struct)';ShortRun;Default;Default;Default;Default;Default;Default;Default;Default;Default;Default;Default;Default;Default;Default;Default;Default;Default;Default;Default;Default;Default;Default;Default;Default;Default;Default;Default;Default;Default;Default;Default;3;Default;1;Default;Default;Default;Default;Default;Default;Default;3;"ShortRun(IterationCount=3, LaunchCount=1, WarmupCount=3)";;1;Overhead;Actual;18;16454100;8388608;1.96;369;0;0;368
EngineBenchmarks.'ControllerSnapshot init (readonly record struct)';;EngineBenchmarks;'ControllerSnapshot init (readonly record struct)';ShortRun;Default;Default;Default;Default;Default;Default;Default;Default;Default;Default;Default;Default;Default;Default;Default;Default;Default;Default;Default;Default;Default;Default;Default;Default;Default;Default;Default;Default;Default;Default;Default;3;Default;1;Default;Default;Default;Default;Default;Default;Default;3;"ShortRun(IterationCount=3, LaunchCount=1, WarmupCount=3)";;1;Overhead;Actual;19;19823500;8388608;2.36;369;0;0;368
EngineBenchmarks.'ControllerSnapshot init (readonly record struct)';;EngineBenchmarks;'ControllerSnapshot init (readonly record struct)';ShortRun;Default;Default;Default;Default;Default;Default;Default;Default;Default;Default;Default;Default;Default;Default;Default;Default;Default;Default;Default;Default;Default;Default;Default;Default;Default;Default;Default;Default;Default;Default;Default;3;Default;1;Default;Default;Default;Default;Default;Default;Default;3;"ShortRun(IterationCount=3, LaunchCount=1, WarmupCount=3)";;1;Overhead;Actual;20;19774600;8388608;2.36;369;0;0;368
EngineBenchmarks.'ControllerSnapshot init (readonly record struct)';;EngineBenchmarks;'ControllerSnapshot init (readonly record struct)';ShortRun;Default;Default;Default;Default;Default;Default;Default;Default;Default;Default;Default;Default;Default;Default;Default;Default;Default;Default;Default;Default;Default;Default;Default;Default;Default;Default;Default;Default;Default;Default;Default;3;Default;1;Default;Default;Default;Default;Default;Default;Default;3;"ShortRun(IterationCount=3, LaunchCount=1, WarmupCount=3)";;1;Workload;Warmup;1;1009822600;8388608;120.38;369;0;0;368
EngineBenchmarks.'ControllerSnapshot init (readonly record struct)';;EngineBenchmarks;'ControllerSnapshot init (readonly record struct)';ShortRun;Default;Default;Default;Default;Default;Default;Default;Default;Default;Default;Default;Default;Default;Default;Default;Default;Default;Default;Default;Default;Default;Default;Default;Default;Default;Default;Default;Default;Default;Default;Default;3;Default;1;Default;Default;Default;Default;Default;Default;Default;3;"ShortRun(IterationCount=3, LaunchCount=1, WarmupCount=3)";;1;Workload;Warmup;2;1010527200;8388608;120.46;369;0;0;368
EngineBenchmarks.'ControllerSnapshot init (readonly record struct)';;EngineBenchmarks;'ControllerSnapshot init (readonly record struct)';ShortRun;Default;Default;Default;Default;Default;Default;Default;Default;Default;Default;Default;Default;Default;Default;Default;Default;Default;Default;Default;Default;Default;Default;Default;Default;Default;Default;Default;Default;Default;Default;Default;3;Default;1;Default;Default;Default;Default;Default;Default;Default;3;"ShortRun(IterationCount=3, LaunchCount=1, WarmupCount=3)";;1;Workload;Warmup;3;1007852200;8388608;120.15;369;0;0;368
EngineBenchmarks.'ControllerSnapshot init (readonly record struct)';;EngineBenchmarks;'ControllerSnapshot init (readonly record struct)';ShortRun;Default;Default;Default;Default;Default;Default;Default;Default;Default;Default;Default;Default;Default;Default;Default;Default;Default;Default;Default;Default;Default;Default;Default;Default;Default;Default;Default;Default;Default;Default;Default;3;Default;1;Default;Default;Default;Default;Default;Default;Default;3;"ShortRun(IterationCount=3, LaunchCount=1, WarmupCount=3)";;1;Workload;Actual;1;1009115400;8388608;120.3;369;0;0;368
EngineBenchmarks.'ControllerSnapshot init (readonly record struct)';;EngineBenchmarks;'ControllerSnapshot init (readonly record struct)';ShortRun;Default;Default;Default;Default;Default;Default;Default;Default;Default;Default;Default;Default;Default;Default;Default;Default;Default;Default;Default;Default;Default;Default;Default;Default;Default;Default;Default;Default;Default;Default;Default;3;Default;1;Default;Default;Default;Default;Default;Default;Default;3;"ShortRun(IterationCount=3, LaunchCount=1, WarmupCount=3)";;1;Workload;Actual;2;1014588300;8388608;120.95;369;0;0;368
EngineBenchmarks.'ControllerSnapshot init (readonly record struct)';;EngineBenchmarks;'ControllerSnapshot init (readonly record struct)';ShortRun;Default;Default;Default;Default;Default;Default;Default;Default;Default;Default;Default;Default;Default;Default;Default;Default;Default;Default;Default;Default;Default;Default;Default;Default;Default;Default;Default;Default;Default;Default;Default;3;Default;1;Default;Default;Default;Default;Default;Default;Default;3;"ShortRun(IterationCount=3, LaunchCount=1, WarmupCount=3)";;1;Workload;Actual;3;1016675600;8388608;121.2;369;0;0;368
EngineBenchmarks.'ControllerSnapshot init (readonly record struct)';;EngineBenchmarks;'ControllerSnapshot init (readonly record struct)';ShortRun;Default;Default;Default;Default;Default;Default;Default;Default;Default;Default;Default;Default;Default;Default;Default;Default;Default;Default;Default;Default;Default;Default;Default;Default;Default;Default;Default;Default;Default;Default;Default;3;Default;1;Default;Default;Default;Default;Default;Default;Default;3;"ShortRun(IterationCount=3, LaunchCount=1, WarmupCount=3)";;1;Workload;Result;1;989164500;8388608;117.92;369;0;0;368
EngineBenchmarks.'ControllerSnapshot init (readonly record struct)';;EngineBenchmarks;'ControllerSnapshot init (readonly record struct)';ShortRun;Default;Default;Default;Default;Default;Default;Default;Default;Default;Default;Default;Default;Default;Default;Default;Default;Default;Default;Default;Default;Default;Default;Default;Default;Default;Default;Default;Default;Default;Default;Default;3;Default;1;Default;Default;Default;Default;Default;Default;Default;3;"ShortRun(IterationCount=3, LaunchCount=1, WarmupCount=3)";;1;Workload;Result;2;994637400;8388608;118.57;369;0;0;368
EngineBenchmarks.'ControllerSnapshot init (readonly record struct)';;EngineBenchmarks;'ControllerSnapshot init (readonly record struct)';ShortRun;Default;Default;Default;Default;Default;Default;Default;Default;Default;Default;Default;Default;Default;Default;Default;Default;Default;Default;Default;Default;Default;Default;Default;Default;Default;Default;Default;Default;Default;Default;Default;3;Default;1;Default;Default;Default;Default;Default;Default;Default;3;"ShortRun(IterationCount=3, LaunchCount=1, WarmupCount=3)";;1;Workload;Result;3;996724700;8388608;118.82;369;0;0;368
EngineBenchmarks.'JitterService.Apply (Random.Shared)';;EngineBenchmarks;'JitterService.Apply (Random.Shared)';ShortRun;Default;Default;Default;Default;Default;Default;Default;Default;Default;Default;Default;Default;Default;Default;Default;Default;Default;Default;Default;Default;Default;Default;Default;Default;Default;Default;Default;Default;Default;Default;Default;3;Default;1;Default;Default;Default;Default;Default;Default;Default;3;"ShortRun(IterationCount=3, LaunchCount=1, WarmupCount=3)";;1;Overhead;Jitting;1;138400;1;138400;0;0;0;0
EngineBenchmarks.'JitterService.Apply (Random.Shared)';;EngineBenchmarks;'JitterService.Apply (Random.Shared)';ShortRun;Default;Default;Default;Default;Default;Default;Default;Default;Default;Default;Default;Default;Default;Default;Default;Default;Default;Default;Default;Default;Default;Default;Default;Default;Default;Default;Default;Default;Default;Default;Default;3;Default;1;Default;Default;Default;Default;Default;Default;Default;3;"ShortRun(IterationCount=3, LaunchCount=1, WarmupCount=3)";;1;Workload;Jitting;1;188500;1;188500;0;0;0;0
EngineBenchmarks.'JitterService.Apply (Random.Shared)';;EngineBenchmarks;'JitterService.Apply (Random.Shared)';ShortRun;Default;Default;Default;Default;Default;Default;Default;Default;Default;Default;Default;Default;Default;Default;Default;Default;Default;Default;Default;Default;Default;Default;Default;Default;Default;Default;Default;Default;Default;Default;Default;3;Default;1;Default;Default;Default;Default;Default;Default;Default;3;"ShortRun(IterationCount=3, LaunchCount=1, WarmupCount=3)";;1;Overhead;Jitting;2;213000;16;13312.5;0;0;0;0
EngineBenchmarks.'JitterService.Apply (Random.Shared)';;EngineBenchmarks;'JitterService.Apply (Random.Shared)';ShortRun;Default;Default;Default;Default;Default;Default;Default;Default;Default;Default;Default;Default;Default;Default;Default;Default;Default;Default;Default;Default;Default;Default;Default;Default;Default;Default;Default;Default;Default;Default;Default;3;Default;1;Default;Default;Default;Default;Default;Default;Default;3;"ShortRun(IterationCount=3, LaunchCount=1, WarmupCount=3)";;1;Workload;Jitting;2;204700;16;12793.75;0;0;0;0
EngineBenchmarks.'JitterService.Apply (Random.Shared)';;EngineBenchmarks;'JitterService.Apply (Random.Shared)';ShortRun;Default;Default;Default;Default;Default;Default;Default;Default;Default;Default;Default;Default;Default;Default;Default;Default;Default;Default;Default;Default;Default;Default;Default;Default;Default;Default;Default;Default;Default;Default;Default;3;Default;1;Default;Default;Default;Default;Default;Default;Default;3;"ShortRun(IterationCount=3, LaunchCount=1, WarmupCount=3)";;1;Workload;Pilot;1;800;16;50;0;0;0;0
EngineBenchmarks.'JitterService.Apply (Random.Shared)';;EngineBenchmarks;'JitterService.Apply (Random.Shared)';ShortRun;Default;Default;Default;Default;Default;Default;Default;Default;Default;Default;Default;Default;Default;Default;Default;Default;Default;Default;Default;Default;Default;Default;Default;Default;Default;Default;Default;Default;Default;Default;Default;3;Default;1;Default;Default;Default;Default;Default;Default;Default;3;"ShortRun(IterationCount=3, LaunchCount=1, WarmupCount=3)";;1;Workload;Pilot;2;1000;32;31.25;0;0;0;0
EngineBenchmarks.'JitterService.Apply (Random.Shared)';;EngineBenchmarks;'JitterService.Apply (Random.Shared)';ShortRun;Default;Default;Default;Default;Default;Default;Default;Default;Default;Default;Default;Default;Default;Default;Default;Default;Default;Default;Default;Default;Default;Default;Default;Default;Default;Default;Default;Default;Default;Default;Default;3;Default;1;Default;Default;Default;Default;Default;Default;Default;3;"ShortRun(IterationCount=3, LaunchCount=1, WarmupCount=3)";;1;Workload;Pilot;3;900;64;14.06;0;0;0;0
EngineBenchmarks.'JitterService.Apply (Random.Shared)';;EngineBenchmarks;'JitterService.Apply (Random.Shared)';ShortRun;Default;Default;Default;Default;Default;Default;Default;Default;Default;Default;Default;Default;Default;Default;Default;Default;Default;Default;Default;Default;Default;Default;Default;Default;Default;Default;Default;Default;Default;Default;Default;3;Default;1;Default;Default;Default;Default;Default;Default;Default;3;"ShortRun(IterationCount=3, LaunchCount=1, WarmupCount=3)";;1;Workload;Pilot;4;1700;128;13.28;0;0;0;0
EngineBenchmarks.'JitterService.Apply (Random.Shared)';;EngineBenchmarks;'JitterService.Apply (Random.Shared)';ShortRun;Default;Default;Default;Default;Default;Default;Default;Default;Default;Default;Default;Default;Default;Default;Default;Default;Default;Default;Default;Default;Default;Default;Default;Default;Default;Default;Default;Default;Default;Default;Default;3;Default;1;Default;Default;Default;Default;Default;Default;Default;3;"ShortRun(IterationCount=3, LaunchCount=1, WarmupCount=3)";;1;Workload;Pilot;5;2800;256;10.94;0;0;0;0
EngineBenchmarks.'JitterService.Apply (Random.Shared)';;EngineBenchmarks;'JitterService.Apply (Random.Shared)';ShortRun;Default;Default;Default;Default;Default;Default;Default;Default;Default;Default;Default;Default;Default;Default;Default;Default;Default;Default;Default;Default;Default;Default;Default;Default;Default;Default;Default;Default;Default;Default;Default;3;Default;1;Default;Default;Default;Default;Default;Default;Default;3;"ShortRun(IterationCount=3, LaunchCount=1, WarmupCount=3)";;1;Workload;Pilot;6;5100;512;9.96;0;0;0;0
EngineBenchmarks.'JitterService.Apply (Random.Shared)';;EngineBenchmarks;'JitterService.Apply (Random.Shared)';ShortRun;Default;Default;Default;Default;Default;Default;Default;Default;Default;Default;Default;Default;Default;Default;Default;Default;Default;Default;Default;Default;Default;Default;Default;Default;Default;Default;Default;Default;Default;Default;Default;3;Default;1;Default;Default;Default;Default;Default;Default;Default;3;"ShortRun(IterationCount=3, LaunchCount=1, WarmupCount=3)";;1;Workload;Pilot;7;10100;1024;9.86;0;0;0;0
EngineBenchmarks.'JitterService.Apply (Random.Shared)';;EngineBenchmarks;'JitterService.Apply (Random.Shared)';ShortRun;Default;Default;Default;Default;Default;Default;Default;Default;Default;Default;Default;Default;Default;Default;Default;Default;Default;Default;Default;Default;Default;Default;Default;Default;Default;Default;Default;Default;Default;Default;Default;3;Default;1;Default;Default;Default;Default;Default;Default;Default;3;"ShortRun(IterationCount=3, LaunchCount=1, WarmupCount=3)";;1;Workload;Pilot;8;19200;2048;9.38;0;0;0;0
EngineBenchmarks.'JitterService.Apply (Random.Shared)';;EngineBenchmarks;'JitterService.Apply (Random.Shared)';ShortRun;Default;Default;Default;Default;Default;Default;Default;Default;Default;Default;Default;Default;Default;Default;Default;Default;Default;Default;Default;Default;Default;Default;Default;Default;Default;Default;Default;Default;Default;Default;Default;3;Default;1;Default;Default;Default;Default;Default;Default;Default;3;"ShortRun(IterationCount=3, LaunchCount=1, WarmupCount=3)";;1;Workload;Pilot;9;38300;4096;9.35;0;0;0;0
EngineBenchmarks.'JitterService.Apply (Random.Shared)';;EngineBenchmarks;'JitterService.Apply (Random.Shared)';ShortRun;Default;Default;Default;Default;Default;Default;Default;Default;Default;Default;Default;Default;Default;Default;Default;Default;Default;Default;Default;Default;Default;Default;Default;Default;Default;Default;Default;Default;Default;Default;Default;3;Default;1;Default;Default;Default;Default;Default;Default;Default;3;"ShortRun(IterationCount=3, LaunchCount=1, WarmupCount=3)";;1;Workload;Pilot;10;75900;8192;9.27;0;0;0;0
EngineBenchmarks.'JitterService.Apply (Random.Shared)';;EngineBenchmarks;'JitterService.Apply (Random.Shared)';ShortRun;Default;Default;Default;Default;Default;Default;Default;Default;Default;Default;Default;Default;Default;Default;Default;Default;Default;Default;Default;Default;Default;Default;Default;Default;Default;Default;Default;Default;Default;Default;Default;3;Default;1;Default;Default;Default;Default;Default;Default;Default;3;"ShortRun(IterationCount=3, LaunchCount=1, WarmupCount=3)";;1;Workload;Pilot;11;151900;16384;9.27;0;0;0;0
EngineBenchmarks.'JitterService.Apply (Random.Shared)';;EngineBenchmarks;'JitterService.Apply (Random.Shared)';ShortRun;Default;Default;Default;Default;Default;Default;Default;Default;Default;Default;Default;Default;Default;Default;Default;Default;Default;Default;Default;Default;Default;Default;Default;Default;Default;Default;Default;Default;Default;Default;Default;3;Default;1;Default;Default;Default;Default;Default;Default;Default;3;"ShortRun(IterationCount=3, LaunchCount=1, WarmupCount=3)";;1;Workload;Pilot;12;302900;32768;9.24;0;0;0;0
EngineBenchmarks.'JitterService.Apply (Random.Shared)';;EngineBenchmarks;'JitterService.Apply (Random.Shared)';ShortRun;Default;Default;Default;Default;Default;Default;Default;Default;Default;Default;Default;Default;Default;Default;Default;Default;Default;Default;Default;Default;Default;Default;Default;Default;Default;Default;Default;Default;Default;Default;Default;3;Default;1;Default;Default;Default;Default;Default;Default;Default;3;"ShortRun(IterationCount=3, LaunchCount=1, WarmupCount=3)";;1;Workload;Pilot;13;619600;65536;9.45;0;0;0;0
EngineBenchmarks.'JitterService.Apply (Random.Shared)';;EngineBenchmarks;'JitterService.Apply (Random.Shared)';ShortRun;Default;Default;Default;Default;Default;Default;Default;Default;Default;Default;Default;Default;Default;Default;Default;Default;Default;Default;Default;Default;Default;Default;Default;Default;Default;Default;Default;Default;Default;Default;Default;3;Default;1;Default;Default;Default;Default;Default;Default;Default;3;"ShortRun(IterationCount=3, LaunchCount=1, WarmupCount=3)";;1;Workload;Pilot;14;1202500;131072;9.17;0;0;0;0
EngineBenchmarks.'JitterService.Apply (Random.Shared)';;EngineBenchmarks;'JitterService.Apply (Random.Shared)';ShortRun;Default;Default;Default;Default;Default;Default;Default;Default;Default;Default;Default;Default;Default;Default;Default;Default;Default;Default;Default;Default;Default;Default;Default;Default;Default;Default;Default;Default;Default;Default;Default;3;Default;1;Default;Default;Default;Default;Default;Default;Default;3;"ShortRun(IterationCount=3, LaunchCount=1, WarmupCount=3)";;1;Workload;Pilot;15;3153700;262144;12.03;0;0;0;0
EngineBenchmarks.'JitterService.Apply (Random.Shared)';;EngineBenchmarks;'JitterService.Apply (Random.Shared)';ShortRun;Default;Default;Default;Default;Default;Default;Default;Default;Default;Default;Default;Default;Default;Default;Default;Default;Default;Default;Default;Default;Default;Default;Default;Default;Default;Default;Default;Default;Default;Default;Default;3;Default;1;Default;Default;Default;Default;Default;Default;Default;3;"ShortRun(IterationCount=3, LaunchCount=1, WarmupCount=3)";;1;Workload;Pilot;16;5566200;524288;10.62;0;0;0;0
EngineBenchmarks.'JitterService.Apply (Random.Shared)';;EngineBenchmarks;'JitterService.Apply (Random.Shared)';ShortRun;Default;Default;Default;Default;Default;Default;Default;Default;Default;Default;Default;Default;Default;Default;Default;Default;Default;Default;Default;Default;Default;Default;Default;Default;Default;Default;Default;Default;Default;Default;Default;3;Default;1;Default;Default;Default;Default;Default;Default;Default;3;"ShortRun(IterationCount=3, LaunchCount=1, WarmupCount=3)";;1;Workload;Pilot;17;10488100;1048576;10;0;0;0;0
EngineBenchmarks.'JitterService.Apply (Random.Shared)';;EngineBenchmarks;'JitterService.Apply (Random.Shared)';ShortRun;Default;Default;Default;Default;Default;Default;Default;Default;Default;Default;Default;Default;Default;Default;Default;Default;Default;Default;Default;Default;Default;Default;Default;Default;Default;Default;Default;Default;Default;Default;Default;3;Default;1;Default;Default;Default;Default;Default;Default;Default;3;"ShortRun(IterationCount=3, LaunchCount=1, WarmupCount=3)";;1;Workload;Pilot;18;20287300;2097152;9.67;0;0;0;0
EngineBenchmarks.'JitterService.Apply (Random.Shared)';;EngineBenchmarks;'JitterService.Apply (Random.Shared)';ShortRun;Default;Default;Default;Default;Default;Default;Default;Default;Default;Default;Default;Default;Default;Default;Default;Default;Default;Default;Default;Default;Default;Default;Default;Default;Default;Default;Default;Default;Default;Default;Default;3;Default;1;Default;Default;Default;Default;Default;Default;Default;3;"ShortRun(IterationCount=3, LaunchCount=1, WarmupCount=3)";;1;Workload;Pilot;19;39911700;4194304;9.52;0;0;0;0
EngineBenchmarks.'JitterService.Apply (Random.Shared)';;EngineBenchmarks;'JitterService.Apply (Random.Shared)';ShortRun;Default;Default;Default;Default;Default;Default;Default;Default;Default;Default;Default;Default;Default;Default;Default;Default;Default;Default;Default;Default;Default;Default;Default;Default;Default;Default;Default;Default;Default;Default;Default;3;Default;1;Default;Default;Default;Default;Default;Default;Default;3;"ShortRun(IterationCount=3, LaunchCount=1, WarmupCount=3)";;1;Workload;Pilot;20;145385900;8388608;17.33;0;0;0;0
EngineBenchmarks.'JitterService.Apply (Random.Shared)';;EngineBenchmarks;'JitterService.Apply (Random.Shared)';ShortRun;Default;Default;Default;Default;Default;Default;Default;Default;Default;Default;Default;Default;Default;Default;Default;Default;Default;Default;Default;Default;Default;Default;Default;Default;Default;Default;Default;Default;Default;Default;Default;3;Default;1;Default;Default;Default;Default;Default;Default;Default;3;"ShortRun(IterationCount=3, LaunchCount=1, WarmupCount=3)";;1;Workload;Pilot;21;64343400;16777216;3.84;0;0;0;0
EngineBenchmarks.'JitterService.Apply (Random.Shared)';;EngineBenchmarks;'JitterService.Apply (Random.Shared)';ShortRun;Default;Default;Default;Default;Default;Default;Default;Default;Default;Default;Default;Default;Default;Default;Default;Default;Default;Default;Default;Default;Default;Default;Default;Default;Default;Default;Default;Default;Default;Default;Default;3;Default;1;Default;Default;Default;Default;Default;Default;Default;3;"ShortRun(IterationCount=3, LaunchCount=1, WarmupCount=3)";;1;Workload;Pilot;22;127075700;33554432;3.79;0;0;0;0
EngineBenchmarks.'JitterService.Apply (Random.Shared)';;EngineBenchmarks;'JitterService.Apply (Random.Shared)';ShortRun;Default;Default;Default;Default;Default;Default;Default;Default;Default;Default;Default;Default;Default;Default;Default;Default;Default;Default;Default;Default;Default;Default;Default;Default;Default;Default;Default;Default;Default;Default;Default;3;Default;1;Default;Default;Default;Default;Default;Default;Default;3;"ShortRun(IterationCount=3, LaunchCount=1, WarmupCount=3)";;1;Workload;Pilot;23;248781000;67108864;3.71;0;0;0;0
EngineBenchmarks.'JitterService.Apply (Random.Shared)';;EngineBenchmarks;'JitterService.Apply (Random.Shared)';ShortRun;Default;Default;Default;Default;Default;Default;Default;Default;Default;Default;Default;Default;Default;Default;Default;Default;Default;Default;Default;Default;Default;Default;Default;Default;Default;Default;Default;Default;Default;Default;Default;3;Default;1;Default;Default;Default;Default;Default;Default;Default;3;"ShortRun(IterationCount=3, LaunchCount=1, WarmupCount=3)";;1;Workload;Pilot;24;498640700;134217728;3.72;0;0;0;0
EngineBenchmarks.'JitterService.Apply (Random.Shared)';;EngineBenchmarks;'JitterService.Apply (Random.Shared)';ShortRun;Default;Default;Default;Default;Default;Default;Default;Default;Default;Default;Default;Default;Default;Default;Default;Default;Default;Default;Default;Default;Default;Default;Default;Default;Default;Default;Default;Default;Default;Default;Default;3;Default;1;Default;Default;Default;Default;Default;Default;Default;3;"ShortRun(IterationCount=3, LaunchCount=1, WarmupCount=3)";;1;Workload;Pilot;25;1002359800;268435456;3.73;0;0;0;0
EngineBenchmarks.'JitterService.Apply (Random.Shared)';;EngineBenchmarks;'JitterService.Apply (Random.Shared)';ShortRun;Default;Default;Default;Default;Default;Default;Default;Default;Default;Default;Default;Default;Default;Default;Default;Default;Default;Default;Default;Default;Default;Default;Default;Default;Default;Default;Default;Default;Default;Default;Default;3;Default;1;Default;Default;Default;Default;Default;Default;Default;3;"ShortRun(IterationCount=3, LaunchCount=1, WarmupCount=3)";;1;Overhead;Warmup;1;465019400;268435456;1.73;0;0;0;0
EngineBenchmarks.'JitterService.Apply (Random.Shared)';;EngineBenchmarks;'JitterService.Apply (Random.Shared)';ShortRun;Default;Default;Default;Default;Default;Default;Default;Default;Default;Default;Default;Default;Default;Default;Default;Default;Default;Default;Default;Default;Default;Default;Default;Default;Default;Default;Default;Default;Default;Default;Default;3;Default;1;Default;Default;Default;Default;Default;Default;Default;3;"ShortRun(IterationCount=3, LaunchCount=1, WarmupCount=3)";;1;Overhead;Warmup;2;297053900;268435456;1.11;0;0;0;0
EngineBenchmarks.'JitterService.Apply (Random.Shared)';;EngineBenchmarks;'JitterService.Apply (Random.Shared)';ShortRun;Default;Default;Default;Default;Default;Default;Default;Default;Default;Default;Default;Default;Default;Default;Default;Default;Default;Default;Default;Default;Default;Default;Default;Default;Default;Default;Default;Default;Default;Default;Default;3;Default;1;Default;Default;Default;Default;Default;Default;Default;3;"ShortRun(IterationCount=3, LaunchCount=1, WarmupCount=3)";;1;Overhead;Warmup;3;302087900;268435456;1.13;0;0;0;0
EngineBenchmarks.'JitterService.Apply (Random.Shared)';;EngineBenchmarks;'JitterService.Apply (Random.Shared)';ShortRun;Default;Default;Default;Default;Default;Default;Default;Default;Default;Default;Default;Default;Default;Default;Default;Default;Default;Default;Default;Default;Default;Default;Default;Default;Default;Default;Default;Default;Default;Default;Default;3;Default;1;Default;Default;Default;Default;Default;Default;Default;3;"ShortRun(IterationCount=3, LaunchCount=1, WarmupCount=3)";;1;Overhead;Warmup;4;296970100;268435456;1.11;0;0;0;0
EngineBenchmarks.'JitterService.Apply (Random.Shared)';;EngineBenchmarks;'JitterService.Apply (Random.Shared)';ShortRun;Default;Default;Default;Default;Default;Default;Default;Default;Default;Default;Default;Default;Default;Default;Default;Default;Default;Default;Default;Default;Default;Default;Default;Default;Default;Default;Default;Default;Default;Default;Default;3;Default;1;Default;Default;Default;Default;Default;Default;Default;3;"ShortRun(IterationCount=3, LaunchCount=1, WarmupCount=3)";;1;Overhead;Warmup;5;301091300;268435456;1.12;0;0;0;0
EngineBenchmarks.'JitterService.Apply (Random.Shared)';;EngineBenchmarks;'JitterService.Apply (Random.Shared)';ShortRun;Default;Default;Default;Default;Default;Default;Default;Default;Default;Default;Default;Default;Default;Default;Default;Default;Default;Default;Default;Default;Default;Default;Default;Default;Default;Default;Default;Default;Default;Default;Default;3;Default;1;Default;Default;Default;Default;Default;Default;Default;3;"ShortRun(IterationCount=3, LaunchCount=1, WarmupCount=3)";;1;Overhead;Warmup;6;296633300;268435456;1.11;0;0;0;0
EngineBenchmarks.'JitterService.Apply (Random.Shared)';;EngineBenchmarks;'JitterService.Apply (Random.Shared)';ShortRun;Default;Default;Default;Default;Default;Default;Default;Default;Default;Default;Default;Default;Default;Default;Default;Default;Default;Default;Default;Default;Default;Default;Default;Default;Default;Default;Default;Default;Default;Default;Default;3;Default;1;Default;Default;Default;Default;Default;Default;Default;3;"ShortRun(IterationCount=3, LaunchCount=1, WarmupCount=3)";;1;Overhead;Actual;1;301351200;268435456;1.12;0;0;0;0
EngineBenchmarks.'JitterService.Apply (Random.Shared)';;EngineBenchmarks;'JitterService.Apply (Random.Shared)';ShortRun;Default;Default;Default;Default;Default;Default;Default;Default;Default;Default;Default;Default;Default;Default;Default;Default;Default;Default;Default;Default;Default;Default;Default;Default;Default;Default;Default;Default;Default;Default;Default;3;Default;1;Default;Default;Default;Default;Default;Default;Default;3;"ShortRun(IterationCount=3, LaunchCount=1, WarmupCount=3)";;1;Overhead;Actual;2;298627600;268435456;1.11;0;0;0;0
EngineBenchmarks.'JitterService.Apply (Random.Shared)';;EngineBenchmarks;'JitterService.Apply (Random.Shared)';ShortRun;Default;Default;Default;Default;Default;Default;Default;Default;Default;Default;Default;Default;Default;Default;Default;Default;Default;Default;Default;Default;Default;Default;Default;Default;Default;Default;Default;Default;Default;Default;Default;3;Default;1;Default;Default;Default;Default;Default;Default;Default;3;"ShortRun(IterationCount=3, LaunchCount=1, WarmupCount=3)";;1;Overhead;Actual;3;298301800;268435456;1.11;0;0;0;0
EngineBenchmarks.'JitterService.Apply (Random.Shared)';;EngineBenchmarks;'JitterService.Apply (Random.Shared)';ShortRun;Default;Default;Default;Default;Default;Default;Default;Default;Default;Default;Default;Default;Default;Default;Default;Default;Default;Default;Default;Default;Default;Default;Default;Default;Default;Default;Default;Default;Default;Default;Default;3;Default;1;Default;Default;Default;Default;Default;Default;Default;3;"ShortRun(IterationCount=3, LaunchCount=1, WarmupCount=3)";;1;Overhead;Actual;4;300342200;268435456;1.12;0;0;0;0
EngineBenchmarks.'JitterService.Apply (Random.Shared)';;EngineBenchmarks;'JitterService.Apply (Random.Shared)';ShortRun;Default;Default;Default;Default;Default;Default;Default;Default;Default;Default;Default;Default;Default;Default;Default;Default;Default;Default;Default;Default;Default;Default;Default;Default;Default;Default;Default;Default;Default;Default;Default;3;Default;1;Default;Default;Default;Default;Default;Default;Default;3;"ShortRun(IterationCount=3, LaunchCount=1, WarmupCount=3)";;1;Overhead;Actual;5;297085500;268435456;1.11;0;0;0;0
EngineBenchmarks.'JitterService.Apply (Random.Shared)';;EngineBenchmarks;'JitterService.Apply (Random.Shared)';ShortRun;Default;Default;Default;Default;Default;Default;Default;Default;Default;Default;Default;Default;Default;Default;Default;Default;Default;Default;Default;Default;Default;Default;Default;Default;Default;Default;Default;Default;Default;Default;Default;3;Default;1;Default;Default;Default;Default;Default;Default;Default;3;"ShortRun(IterationCount=3, LaunchCount=1, WarmupCount=3)";;1;Overhead;Actual;6;300695800;268435456;1.12;0;0;0;0
EngineBenchmarks.'JitterService.Apply (Random.Shared)';;EngineBenchmarks;'JitterService.Apply (Random.Shared)';ShortRun;Default;Default;Default;Default;Default;Default;Default;Default;Default;Default;Default;Default;Default;Default;Default;Default;Default;Default;Default;Default;Default;Default;Default;Default;Default;Default;Default;Default;Default;Default;Default;3;Default;1;Default;Default;Default;Default;Default;Default;Default;3;"ShortRun(IterationCount=3, LaunchCount=1, WarmupCount=3)";;1;Overhead;Actual;7;298348800;268435456;1.11;0;0;0;0
EngineBenchmarks.'JitterService.Apply (Random.Shared)';;EngineBenchmarks;'JitterService.Apply (Random.Shared)';ShortRun;Default;Default;Default;Default;Default;Default;Default;Default;Default;Default;Default;Default;Default;Default;Default;Default;Default;Default;Default;Default;Default;Default;Default;Default;Default;Default;Default;Default;Default;Default;Default;3;Default;1;Default;Default;Default;Default;Default;Default;Default;3;"ShortRun(IterationCount=3, LaunchCount=1, WarmupCount=3)";;1;Overhead;Actual;8;302108700;268435456;1.13;0;0;0;0
EngineBenchmarks.'JitterService.Apply (Random.Shared)';;EngineBenchmarks;'JitterService.Apply (Random.Shared)';ShortRun;Default;Default;Default;Default;Default;Default;Default;Default;Default;Default;Default;Default;Default;Default;Default;Default;Default;Default;Default;Default;Default;Default;Default;Default;Default;Default;Default;Default;Default;Default;Default;3;Default;1;Default;Default;Default;Default;Default;Default;Default;3;"ShortRun(IterationCount=3, LaunchCount=1, WarmupCount=3)";;1;Overhead;Actual;9;298444300;268435456;1.11;0;0;0;0
EngineBenchmarks.'JitterService.Apply (Random.Shared)';;EngineBenchmarks;'JitterService.Apply (Random.Shared)';ShortRun;Default;Default;Default;Default;Default;Default;Default;Default;Default;Default;Default;Default;Default;Default;Default;Default;Default;Default;Default;Default;Default;Default;Default;Default;Default;Default;Default;Default;Default;Default;Default;3;Default;1;Default;Default;Default;Default;Default;Default;Default;3;"ShortRun(IterationCount=3, LaunchCount=1, WarmupCount=3)";;1;Overhead;Actual;10;301876100;268435456;1.12;0;0;0;0
EngineBenchmarks.'JitterService.Apply (Random.Shared)';;EngineBenchmarks;'JitterService.Apply (Random.Shared)';ShortRun;Default;Default;Default;Default;Default;Default;Default;Default;Default;Default;Default;Default;Default;Default;Default;Default;Default;Default;Default;Default;Default;Default;Default;Default;Default;Default;Default;Default;Default;Default;Default;3;Default;1;Default;Default;Default;Default;Default;Default;Default;3;"ShortRun(IterationCount=3, LaunchCount=1, WarmupCount=3)";;1;Overhead;Actual;11;296207800;268435456;1.1;0;0;0;0
EngineBenchmarks.'JitterService.Apply (Random.Shared)';;EngineBenchmarks;'JitterService.Apply (Random.Shared)';ShortRun;Default;Default;Default;Default;Default;Default;Default;Default;Default;Default;Default;Default;Default;Default;Default;Default;Default;Default;Default;Default;Default;Default;Default;Default;Default;Default;Default;Default;Default;Default;Default;3;Default;1;Default;Default;Default;Default;Default;Default;Default;3;"ShortRun(IterationCount=3, LaunchCount=1, WarmupCount=3)";;1;Overhead;Actual;12;300742100;268435456;1.12;0;0;0;0
EngineBenchmarks.'JitterService.Apply (Random.Shared)';;EngineBenchmarks;'JitterService.Apply (Random.Shared)';ShortRun;Default;Default;Default;Default;Default;Default;Default;Default;Default;Default;Default;Default;Default;Default;Default;Default;Default;Default;Default;Default;Default;Default;Default;Default;Default;Default;Default;Default;Default;Default;Default;3;Default;1;Default;Default;Default;Default;Default;Default;Default;3;"ShortRun(IterationCount=3, LaunchCount=1, WarmupCount=3)";;1;Overhead;Actual;13;297947400;268435456;1.11;0;0;0;0
EngineBenchmarks.'JitterService.Apply (Random.Shared)';;EngineBenchmarks;'JitterService.Apply (Random.Shared)';ShortRun;Default;Default;Default;Default;Default;Default;Default;Default;Default;Default;Default;Default;Default;Default;Default;Default;Default;Default;Default;Default;Default;Default;Default;Default;Default;Default;Default;Default;Default;Default;Default;3;Default;1;Default;Default;Default;Default;Default;Default;Default;3;"ShortRun(IterationCount=3, LaunchCount=1, WarmupCount=3)";;1;Overhead;Actual;14;299989100;268435456;1.12;0;0;0;0
EngineBenchmarks.'JitterService.Apply (Random.Shared)';;EngineBenchmarks;'JitterService.Apply (Random.Shared)';ShortRun;Default;Default;Default;Default;Default;Default;Default;Default;Default;Default;Default;Default;Default;Default;Default;Default;Default;Default;Default;Default;Default;Default;Default;Default;Default;Default;Default;Default;Default;Default;Default;3;Default;1;Default;Default;Default;Default;Default;Default;Default;3;"ShortRun(IterationCount=3, LaunchCount=1, WarmupCount=3)";;1;Overhead;Actual;15;300465300;268435456;1.12;0;0;0;0
EngineBenchmarks.'JitterService.Apply (Random.Shared)';;EngineBenchmarks;'JitterService.Apply (Random.Shared)';ShortRun;Default;Default;Default;Default;Default;Default;Default;Default;Default;Default;Default;Default;Default;Default;Default;Default;Default;Default;Default;Default;Default;Default;Default;Default;Default;Default;Default;Default;Default;Default;Default;3;Default;1;Default;Default;Default;Default;Default;Default;Default;3;"ShortRun(IterationCount=3, LaunchCount=1, WarmupCount=3)";;1;Workload;Warmup;1;990091500;268435456;3.69;0;0;0;0
EngineBenchmarks.'JitterService.Apply (Random.Shared)';;EngineBenchmarks;'JitterService.Apply (Random.Shared)';ShortRun;Default;Default;Default;Default;Default;Default;Default;Default;Default;Default;Default;Default;Default;Default;Default;Default;Default;Default;Default;Default;Default;Default;Default;Default;Default;Default;Default;Default;Default;Default;Default;3;Default;1;Default;Default;Default;Default;Default;Default;Default;3;"ShortRun(IterationCount=3, LaunchCount=1, WarmupCount=3)";;1;Workload;Warmup;2;1000084100;268435456;3.73;0;0;0;0
EngineBenchmarks.'JitterService.Apply (Random.Shared)';;EngineBenchmarks;'JitterService.Apply (Random.Shared)';ShortRun;Default;Default;Default;Default;Default;Default;Default;Default;Default;Default;Default;Default;Default;Default;Default;Default;Default;Default;Default;Default;Default;Default;Default;Default;Default;Default;Default;Default;Default;Default;Default;3;Default;1;Default;Default;Default;Default;Default;Default;Default;3;"ShortRun(IterationCount=3, LaunchCount=1, WarmupCount=3)";;1;Workload;Warmup;3;995673600;268435456;3.71;0;0;0;0
EngineBenchmarks.'JitterService.Apply (Random.Shared)';;EngineBenchmarks;'JitterService.Apply (Random.Shared)';ShortRun;Default;Default;Default;Default;Default;Default;Default;Default;Default;Default;Default;Default;Default;Default;Default;Default;Default;Default;Default;Default;Default;Default;Default;Default;Default;Default;Default;Default;Default;Default;Default;3;Default;1;Default;Default;Default;Default;Default;Default;Default;3;"ShortRun(IterationCount=3, LaunchCount=1, WarmupCount=3)";;1;Workload;Actual;1;998364300;268435456;3.72;0;0;0;0
EngineBenchmarks.'JitterService.Apply (Random.Shared)';;EngineBenchmarks;'JitterService.Apply (Random.Shared)';ShortRun;Default;Default;Default;Default;Default;Default;Default;Default;Default;Default;Default;Default;Default;Default;Default;Default;Default;Default;Default;Default;Default;Default;Default;Default;Default;Default;Default;Default;Default;Default;Default;3;Default;1;Default;Default;Default;Default;Default;Default;Default;3;"ShortRun(IterationCount=3, LaunchCount=1, WarmupCount=3)";;1;Workload;Actual;2;993904900;268435456;3.7;0;0;0;0
EngineBenchmarks.'JitterService.Apply (Random.Shared)';;EngineBenchmarks;'JitterService.Apply (Random.Shared)';ShortRun;Default;Default;Default;Default;Default;Default;Default;Default;Default;Default;Default;Default;Default;Default;Default;Default;Default;Default;Default;Default;Default;Default;Default;Default;Default;Default;Default;Default;Default;Default;Default;3;Default;1;Default;Default;Default;Default;Default;Default;Default;3;"ShortRun(IterationCount=3, LaunchCount=1, WarmupCount=3)";;1;Workload;Actual;3;984462900;268435456;3.67;0;0;0;0
EngineBenchmarks.'JitterService.Apply (Random.Shared)';;EngineBenchmarks;'JitterService.Apply (Random.Shared)';ShortRun;Default;Default;Default;Default;Default;Default;Default;Default;Default;Default;Default;Default;Default;Default;Default;Default;Default;Default;Default;Default;Default;Default;Default;Default;Default;Default;Default;Default;Default;Default;Default;3;Default;1;Default;Default;Default;Default;Default;Default;Default;3;"ShortRun(IterationCount=3, LaunchCount=1, WarmupCount=3)";;1;Workload;Result;1;698375200;268435456;2.6;0;0;0;0
EngineBenchmarks.'JitterService.Apply (Random.Shared)';;EngineBenchmarks;'JitterService.Apply (Random.Shared)';ShortRun;Default;Default;Default;Default;Default;Default;Default;Default;Default;Default;Default;Default;Default;Default;Default;Default;Default;Default;Default;Default;Default;Default;Default;Default;Default;Default;Default;Default;Default;Default;Default;3;Default;1;Default;Default;Default;Default;Default;Default;Default;3;"ShortRun(IterationCount=3, LaunchCount=1, WarmupCount=3)";;1;Workload;Result;2;693915800;268435456;2.59;0;0;0;0
EngineBenchmarks.'JitterService.Apply (Random.Shared)';;EngineBenchmarks;'JitterService.Apply (Random.Shared)';ShortRun;Default;Default;Default;Default;Default;Default;Default;Default;Default;Default;Default;Default;Default;Default;Default;Default;Default;Default;Default;Default;Default;Default;Default;Default;Default;Default;Default;Default;Default;Default;Default;3;Default;1;Default;Default;Default;Default;Default;Default;Default;3;"ShortRun(IterationCount=3, LaunchCount=1, WarmupCount=3)";;1;Workload;Result;3;684473800;268435456;2.55;0;0;0;0
EngineBenchmarks.'ComboEngine.Update (button released)';;EngineBenchmarks;'ComboEngine.Update (button released)';ShortRun;Default;Default;Default;Default;Default;Default;Default;Default;Default;Default;Default;Default;Default;Default;Default;Default;Default;Default;Default;Default;Default;Default;Default;Default;Default;Default;Default;Default;Default;Default;Default;3;Default;1;Default;Default;Default;Default;Default;Default;Default;3;"ShortRun(IterationCount=3, LaunchCount=1, WarmupCount=3)";;1;Overhead;Jitting;1;116900;1;116900;0;0;0;0
EngineBenchmarks.'ComboEngine.Update (button released)';;EngineBenchmarks;'ComboEngine.Update (button released)';ShortRun;Default;Default;Default;Default;Default;Default;Default;Default;Default;Default;Default;Default;Default;Default;Default;Default;Default;Default;Default;Default;Default;Default;Default;Default;Default;Default;Default;Default;Default;Default;Default;3;Default;1;Default;Default;Default;Default;Default;Default;Default;3;"ShortRun(IterationCount=3, LaunchCount=1, WarmupCount=3)";;1;Workload;Jitting;1;460700;1;460700;0;0;0;0
EngineBenchmarks.'ComboEngine.Update (button released)';;EngineBenchmarks;'ComboEngine.Update (button released)';ShortRun;Default;Default;Default;Default;Default;Default;Default;Default;Default;Default;Default;Default;Default;Default;Default;Default;Default;Default;Default;Default;Default;Default;Default;Default;Default;Default;Default;Default;Default;Default;Default;3;Default;1;Default;Default;Default;Default;Default;Default;Default;3;"ShortRun(IterationCount=3, LaunchCount=1, WarmupCount=3)";;1;Overhead;Jitting;2;100500;16;6281.25;0;0;0;0
EngineBenchmarks.'ComboEngine.Update (button released)';;EngineBenchmarks;'ComboEngine.Update (button released)';ShortRun;Default;Default;Default;Default;Default;Default;Default;Default;Default;Default;Default;Default;Default;Default;Default;Default;Default;Default;Default;Default;Default;Default;Default;Default;Default;Default;Default;Default;Default;Default;Default;3;Default;1;Default;Default;Default;Default;Default;Default;Default;3;"ShortRun(IterationCount=3, LaunchCount=1, WarmupCount=3)";;1;Workload;Jitting;2;107200;16;6700;0;0;0;0
EngineBenchmarks.'ComboEngine.Update (button released)';;EngineBenchmarks;'ComboEngine.Update (button released)';ShortRun;Default;Default;Default;Default;Default;Default;Default;Default;Default;Default;Default;Default;Default;Default;Default;Default;Default;Default;Default;Default;Default;Default;Default;Default;Default;Default;Default;Default;Default;Default;Default;3;Default;1;Default;Default;Default;Default;Default;Default;Default;3;"ShortRun(IterationCount=3, LaunchCount=1, WarmupCount=3)";;1;Workload;Pilot;1;500;16;31.25;0;0;0;0
EngineBenchmarks.'ComboEngine.Update (button released)';;EngineBenchmarks;'ComboEngine.Update (button released)';ShortRun;Default;Default;Default;Default;Default;Default;Default;Default;Default;Default;Default;Default;Default;Default;Default;Default;Default;Default;Default;Default;Default;Default;Default;Default;Default;Default;Default;Default;Default;Default;Default;3;Default;1;Default;Default;Default;Default;Default;Default;Default;3;"ShortRun(IterationCount=3, LaunchCount=1, WarmupCount=3)";;1;Workload;Pilot;2;700;32;21.88;0;0;0;0
EngineBenchmarks.'ComboEngine.Update (button released)';;EngineBenchmarks;'ComboEngine.Update (button released)';ShortRun;Default;Default;Default;Default;Default;Default;Default;Default;Default;Default;Default;Default;Default;Default;Default;Default;Default;Default;Default;Default;Default;Default;Default;Default;Default;Default;Default;Default;Default;Default;Default;3;Default;1;Default;Default;Default;Default;Default;Default;Default;3;"ShortRun(IterationCount=3, LaunchCount=1, WarmupCount=3)";;1;Workload;Pilot;3;2600;64;40.63;0;0;0;0
EngineBenchmarks.'ComboEngine.Update (button released)';;EngineBenchmarks;'ComboEngine.Update (button released)';ShortRun;Default;Default;Default;Default;Default;Default;Default;Default;Default;Default;Default;Default;Default;Default;Default;Default;Default;Default;Default;Default;Default;Default;Default;Default;Default;Default;Default;Default;Default;Default;Default;3;Default;1;Default;Default;Default;Default;Default;Default;Default;3;"ShortRun(IterationCount=3, LaunchCount=1, WarmupCount=3)";;1;Workload;Pilot;4;1200;128;9.38;0;0;0;0
EngineBenchmarks.'ComboEngine.Update (button released)';;EngineBenchmarks;'ComboEngine.Update (button released)';ShortRun;Default;Default;Default;Default;Default;Default;Default;Default;Default;Default;Default;Default;Default;Default;Default;Default;Default;Default;Default;Default;Default;Default;Default;Default;Default;Default;Default;Default;Default;Default;Default;3;Default;1;Default;Default;Default;Default;Default;Default;Default;3;"ShortRun(IterationCount=3, LaunchCount=1, WarmupCount=3)";;1;Workload;Pilot;5;2000;256;7.81;0;0;0;0
EngineBenchmarks.'ComboEngine.Update (button released)';;EngineBenchmarks;'ComboEngine.Update (button released)';ShortRun;Default;Default;Default;Default;Default;Default;Default;Default;Default;Default;Default;Default;Default;Default;Default;Default;Default;Default;Default;Default;Default;Default;Default;Default;Default;Default;Default;Default;Default;Default;Default;3;Default;1;Default;Default;Default;Default;Default;Default;Default;3;"ShortRun(IterationCount=3, LaunchCount=1, WarmupCount=3)";;1;Workload;Pilot;6;3700;512;7.23;0;0;0;0
EngineBenchmarks.'ComboEngine.Update (button released)';;EngineBenchmarks;'ComboEngine.Update (button released)';ShortRun;Default;Default;Default;Default;Default;Default;Default;Default;Default;Default;Default;Default;Default;Default;Default;Default;Default;Default;Default;Default;Default;Default;Default;Default;Default;Default;Default;Default;Default;Default;Default;3;Default;1;Default;Default;Default;Default;Default;Default;Default;3;"ShortRun(IterationCount=3, LaunchCount=1, WarmupCount=3)";;1;Workload;Pilot;7;7700;1024;7.52;0;0;0;0
EngineBenchmarks.'ComboEngine.Update (button released)';;EngineBenchmarks;'ComboEngine.Update (button released)';ShortRun;Default;Default;Default;Default;Default;Default;Default;Default;Default;Default;Default;Default;Default;Default;Default;Default;Default;Default;Default;Default;Default;Default;Default;Default;Default;Default;Default;Default;Default;Default;Default;3;Default;1;Default;Default;Default;Default;Default;Default;Default;3;"ShortRun(IterationCount=3, LaunchCount=1, WarmupCount=3)";;1;Workload;Pilot;8;14800;2048;7.23;0;0;0;0
EngineBenchmarks.'ComboEngine.Update (button released)';;EngineBenchmarks;'ComboEngine.Update (button released)';ShortRun;Default;Default;Default;Default;Default;Default;Default;Default;Default;Default;Default;Default;Default;Default;Default;Default;Default;Default;Default;Default;Default;Default;Default;Default;Default;Default;Default;Default;Default;Default;Default;3;Default;1;Default;Default;Default;Default;Default;Default;Default;3;"ShortRun(IterationCount=3, LaunchCount=1, WarmupCount=3)";;1;Workload;Pilot;9;29500;4096;7.2;0;0;0;0
EngineBenchmarks.'ComboEngine.Update (button released)';;EngineBenchmarks;'ComboEngine.Update (button released)';ShortRun;Default;Default;Default;Default;Default;Default;Default;Default;Default;Default;Default;Default;Default;Default;Default;Default;Default;Default;Default;Default;Default;Default;Default;Default;Default;Default;Default;Default;Default;Default;Default;3;Default;1;Default;Default;Default;Default;Default;Default;Default;3;"ShortRun(IterationCount=3, LaunchCount=1, WarmupCount=3)";;1;Workload;Pilot;10;57600;8192;7.03;0;0;0;0
EngineBenchmarks.'ComboEngine.Update (button released)';;EngineBenchmarks;'ComboEngine.Update (button released)';ShortRun;Default;Default;Default;Default;Default;Default;Default;Default;Default;Default;Default;Default;Default;Default;Default;Default;Default;Default;Default;Default;Default;Default;Default;Default;Default;Default;Default;Default;Default;Default;Default;3;Default;1;Default;Default;Default;Default;Default;Default;Default;3;"ShortRun(IterationCount=3, LaunchCount=1, WarmupCount=3)";;1;Workload;Pilot;11;118200;16384;7.21;0;0;0;0
EngineBenchmarks.'ComboEngine.Update (button released)';;EngineBenchmarks;'ComboEngine.Update (button released)';ShortRun;Default;Default;Default;Default;Default;Default;Default;Default;Default;Default;Default;Default;Default;Default;Default;Default;Default;Default;Default;Default;Default;Default;Default;Default;Default;Default;Default;Default;Default;Default;Default;3;Default;1;Default;Default;Default;Default;Default;Default;Default;3;"ShortRun(IterationCount=3, LaunchCount=1, WarmupCount=3)";;1;Workload;Pilot;12;236100;32768;7.21;0;0;0;0
EngineBenchmarks.'ComboEngine.Update (button released)';;EngineBenchmarks;'ComboEngine.Update (button released)';ShortRun;Default;Default;Default;Default;Default;Default;Default;Default;Default;Default;Default;Default;Default;Default;Default;Default;Default;Default;Default;Default;Default;Default;Default;Default;Default;Default;Default;Default;Default;Default;Default;3;Default;1;Default;Default;Default;Default;Default;Default;Default;3;"ShortRun(IterationCount=3, LaunchCount=1, WarmupCount=3)";;1;Workload;Pilot;13;470900;65536;7.19;0;0;0;0
EngineBenchmarks.'ComboEngine.Update (button released)';;EngineBenchmarks;'ComboEngine.Update (button released)';ShortRun;Default;Default;Default;Default;Default;Default;Default;Default;Default;Default;Default;Default;Default;Default;Default;Default;Default;Default;Default;Default;Default;Default;Default;Default;Default;Default;Default;Default;Default;Default;Default;3;Default;1;Default;Default;Default;Default;Default;Default;Default;3;"ShortRun(IterationCount=3, LaunchCount=1, WarmupCount=3)";;1;Workload;Pilot;14;946800;131072;7.22;0;0;0;0
EngineBenchmarks.'ComboEngine.Update (button released)';;EngineBenchmarks;'ComboEngine.Update (button released)';ShortRun;Default;Default;Default;Default;Default;Default;Default;Default;Default;Default;Default;Default;Default;Default;Default;Default;Default;Default;Default;Default;Default;Default;Default;Default;Default;Default;Default;Default;Default;Default;Default;3;Default;1;Default;Default;Default;Default;Default;Default;Default;3;"ShortRun(IterationCount=3, LaunchCount=1, WarmupCount=3)";;1;Workload;Pilot;15;1876100;262144;7.16;0;0;0;0
EngineBenchmarks.'ComboEngine.Update (button released)';;EngineBenchmarks;'ComboEngine.Update (button released)';ShortRun;Default;Default;Default;Default;Default;Default;Default;Default;Default;Default;Default;Default;Default;Default;Default;Default;Default;Default;Default;Default;Default;Default;Default;Default;Default;Default;Default;Default;Default;Default;Default;3;Default;1;Default;Default;Default;Default;Default;Default;Default;3;"ShortRun(IterationCount=3, LaunchCount=1, WarmupCount=3)";;1;Workload;Pilot;16;3741500;524288;7.14;0;0;0;0
EngineBenchmarks.'ComboEngine.Update (button released)';;EngineBenchmarks;'ComboEngine.Update (button released)';ShortRun;Default;Default;Default;Default;Default;Default;Default;Default;Default;Default;Default;Default;Default;Default;Default;Default;Default;Default;Default;Default;Default;Default;Default;Default;Default;Default;Default;Default;Default;Default;Default;3;Default;1;Default;Default;Default;Default;Default;Default;Default;3;"ShortRun(IterationCount=3, LaunchCount=1, WarmupCount=3)";;1;Workload;Pilot;17;8244600;1048576;7.86;0;0;0;0
EngineBenchmarks.'ComboEngine.Update (button released)';;EngineBenchmarks;'ComboEngine.Update (button released)';ShortRun;Default;Default;Default;Default;Default;Default;Default;Default;Default;Default;Default;Default;Default;Default;Default;Default;Default;Default;Default;Default;Default;Default;Default;Default;Default;Default;Default;Default;Default;Default;Default;3;Default;1;Default;Default;Default;Default;Default;Default;Default;3;"ShortRun(IterationCount=3, LaunchCount=1, WarmupCount=3)";;1;Workload;Pilot;18;15445300;2097152;7.36;0;0;0;0
EngineBenchmarks.'ComboEngine.Update (button released)';;EngineBenchmarks;'ComboEngine.Update (button released)';ShortRun;Default;Default;Default;Default;Default;Default;Default;Default;Default;Default;Default;Default;Default;Default;Default;Default;Default;Default;Default;Default;Default;Default;Default;Default;Default;Default;Default;Default;Default;Default;Default;3;Default;1;Default;Default;Default;Default;Default;Default;Default;3;"ShortRun(IterationCount=3, LaunchCount=1, WarmupCount=3)";;1;Workload;Pilot;19;30722000;4194304;7.32;0;0;0;0
EngineBenchmarks.'ComboEngine.Update (button released)';;EngineBenchmarks;'ComboEngine.Update (button released)';ShortRun;Default;Default;Default;Default;Default;Default;Default;Default;Default;Default;Default;Default;Default;Default;Default;Default;Default;Default;Default;Default;Default;Default;Default;Default;Default;Default;Default;Default;Default;Default;Default;3;Default;1;Default;Default;Default;Default;Default;Default;Default;3;"ShortRun(IterationCount=3, LaunchCount=1, WarmupCount=3)";;1;Workload;Pilot;20;58299600;8388608;6.95;0;0;0;0
EngineBenchmarks.'ComboEngine.Update (button released)';;EngineBenchmarks;'ComboEngine.Update (button released)';ShortRun;Default;Default;Default;Default;Default;Default;Default;Default;Default;Default;Default;Default;Default;Default;Default;Default;Default;Default;Default;Default;Default;Default;Default;Default;Default;Default;Default;Default;Default;Default;Default;3;Default;1;Default;Default;Default;Default;Default;Default;Default;3;"ShortRun(IterationCount=3, LaunchCount=1, WarmupCount=3)";;1;Workload;Pilot;21;25426700;16777216;1.52;0;0;0;0
EngineBenchmarks.'ComboEngine.Update (button released)';;EngineBenchmarks;'ComboEngine.Update (button released)';ShortRun;Default;Default;Default;Default;Default;Default;Default;Default;Default;Default;Default;Default;Default;Default;Default;Default;Default;Default;Default;Default;Default;Default;Default;Default;Default;Default;Default;Default;Default;Default;Default;3;Default;1;Default;Default;Default;Default;Default;Default;Default;3;"ShortRun(IterationCount=3, LaunchCount=1, WarmupCount=3)";;1;Workload;Pilot;22;50494700;33554432;1.5;0;0;0;0
EngineBenchmarks.'ComboEngine.Update (button released)';;EngineBenchmarks;'ComboEngine.Update (button released)';ShortRun;Default;Default;Default;Default;Default;Default;Default;Default;Default;Default;Default;Default;Default;Default;Default;Default;Default;Default;Default;Default;Default;Default;Default;Default;Default;Default;Default;Default;Default;Default;Default;3;Default;1;Default;Default;Default;Default;Default;Default;Default;3;"ShortRun(IterationCount=3, LaunchCount=1, WarmupCount=3)";;1;Workload;Pilot;23;102161100;67108864;1.52;0;0;0;0
EngineBenchmarks.'ComboEngine.Update (button released)';;EngineBenchmarks;'ComboEngine.Update (button released)';ShortRun;Default;Default;Default;Default;Default;Default;Default;Default;Default;Default;Default;Default;Default;Default;Default;Default;Default;Default;Default;Default;Default;Default;Default;Default;Default;Default;Default;Default;Default;Default;Default;3;Default;1;Default;Default;Default;Default;Default;Default;Default;3;"ShortRun(IterationCount=3, LaunchCount=1, WarmupCount=3)";;1;Workload;Pilot;24;204617200;134217728;1.52;0;0;0;0
EngineBenchmarks.'ComboEngine.Update (button released)';;EngineBenchmarks;'ComboEngine.Update (button released)';ShortRun;Default;Default;Default;Default;Default;Default;Default;Default;Default;Default;Default;Default;Default;Default;Default;Default;Default;Default;Default;Default;Default;Default;Default;Default;Default;Default;Default;Default;Default;Default;Default;3;Default;1;Default;Default;Default;Default;Default;Default;Default;3;"ShortRun(IterationCount=3, LaunchCount=1, WarmupCount=3)";;1;Workload;Pilot;25;405006300;268435456;1.51;0;0;0;0
EngineBenchmarks.'ComboEngine.Update (button released)';;EngineBenchmarks;'ComboEngine.Update (button released)';ShortRun;Default;Default;Default;Default;Default;Default;Default;Default;Default;Default;Default;Default;Default;Default;Default;Default;Default;Default;Default;Default;Default;Default;Default;Default;Default;Default;Default;Default;Default;Default;Default;3;Default;1;Default;Default;Default;Default;Default;Default;Default;3;"ShortRun(IterationCount=3, LaunchCount=1, WarmupCount=3)";;1;Workload;Pilot;26;814255000;536870912;1.52;0;0;0;0
EngineBenchmarks.'ComboEngine.Update (button released)';;EngineBenchmarks;'ComboEngine.Update (button released)';ShortRun;Default;Default;Default;Default;Default;Default;Default;Default;Default;Default;Default;Default;Default;Default;Default;Default;Default;Default;Default;Default;Default;Default;Default;Default;Default;Default;Default;Default;Default;Default;Default;3;Default;1;Default;Default;Default;Default;Default;Default;Default;3;"ShortRun(IterationCount=3, LaunchCount=1, WarmupCount=3)";;1;Overhead;Warmup;1;956273800;536870912;1.78;0;0;0;0
EngineBenchmarks.'ComboEngine.Update (button released)';;EngineBenchmarks;'ComboEngine.Update (button released)';ShortRun;Default;Default;Default;Default;Default;Default;Default;Default;Default;Default;Default;Default;Default;Default;Default;Default;Default;Default;Default;Default;Default;Default;Default;Default;Default;Default;Default;Default;Default;Default;Default;3;Default;1;Default;Default;Default;Default;Default;Default;Default;3;"ShortRun(IterationCount=3, LaunchCount=1, WarmupCount=3)";;1;Overhead;Warmup;2;574942300;536870912;1.07;0;0;0;0
EngineBenchmarks.'ComboEngine.Update (button released)';;EngineBenchmarks;'ComboEngine.Update (button released)';ShortRun;Default;Default;Default;Default;Default;Default;Default;Default;Default;Default;Default;Default;Default;Default;Default;Default;Default;Default;Default;Default;Default;Default;Default;Default;Default;Default;Default;Default;Default;Default;Default;3;Default;1;Default;Default;Default;Default;Default;Default;Default;3;"ShortRun(IterationCount=3, LaunchCount=1, WarmupCount=3)";;1;Overhead;Warmup;3;575775800;536870912;1.07;0;0;0;0
EngineBenchmarks.'ComboEngine.Update (button released)';;EngineBenchmarks;'ComboEngine.Update (button released)';ShortRun;Default;Default;Default;Default;Default;Default;Default;Default;Default;Default;Default;Default;Default;Default;Default;Default;Default;Default;Default;Default;Default;Default;Default;Default;Default;Default;Default;Default;Default;Default;Default;3;Default;1;Default;Default;Default;Default;Default;Default;Default;3;"ShortRun(IterationCount=3, LaunchCount=1, WarmupCount=3)";;1;Overhead;Warmup;4;576320600;536870912;1.07;0;0;0;0
EngineBenchmarks.'ComboEngine.Update (button released)';;EngineBenchmarks;'ComboEngine.Update (button released)';ShortRun;Default;Default;Default;Default;Default;Default;Default;Default;Default;Default;Default;Default;Default;Default;Default;Default;Default;Default;Default;Default;Default;Default;Default;Default;Default;Default;Default;Default;Default;Default;Default;3;Default;1;Default;Default;Default;Default;Default;Default;Default;3;"ShortRun(IterationCount=3, LaunchCount=1, WarmupCount=3)";;1;Overhead;Warmup;5;582758300;536870912;1.09;0;0;0;0
EngineBenchmarks.'ComboEngine.Update (button released)';;EngineBenchmarks;'ComboEngine.Update (button released)';ShortRun;Default;Default;Default;Default;Default;Default;Default;Default;Default;Default;Default;Default;Default;Default;Default;Default;Default;Default;Default;Default;Default;Default;Default;Default;Default;Default;Default;Default;Default;Default;Default;3;Default;1;Default;Default;Default;Default;Default;Default;Default;3;"ShortRun(IterationCount=3, LaunchCount=1, WarmupCount=3)";;1;Overhead;Warmup;6;575070500;536870912;1.07;0;0;0;0
EngineBenchmarks.'ComboEngine.Update (button released)';;EngineBenchmarks;'ComboEngine.Update (button released)';ShortRun;Default;Default;Default;Default;Default;Default;Default;Default;Default;Default;Default;Default;Default;Default;Default;Default;Default;Default;Default;Default;Default;Default;Default;Default;Default;Default;Default;Default;Default;Default;Default;3;Default;1;Default;Default;Default;Default;Default;Default;Default;3;"ShortRun(IterationCount=3, LaunchCount=1, WarmupCount=3)";;1;Overhead;Warmup;7;579661900;536870912;1.08;0;0;0;0
EngineBenchmarks.'ComboEngine.Update (button released)';;EngineBenchmarks;'ComboEngine.Update (button released)';ShortRun;Default;Default;Default;Default;Default;Default;Default;Default;Default;Default;Default;Default;Default;Default;Default;Default;Default;Default;Default;Default;Default;Default;Default;Default;Default;Default;Default;Default;Default;Default;Default;3;Default;1;Default;Default;Default;Default;Default;Default;Default;3;"ShortRun(IterationCount=3, LaunchCount=1, WarmupCount=3)";;1;Overhead;Warmup;8;575381100;536870912;1.07;0;0;0;0
EngineBenchmarks.'ComboEngine.Update (button released)';;EngineBenchmarks;'ComboEngine.Update (button released)';ShortRun;Default;Default;Default;Default;Default;Default;Default;Default;Default;Default;Default;Default;Default;Default;Default;Default;Default;Default;Default;Default;Default;Default;Default;Default;Default;Default;Default;Default;Default;Default;Default;3;Default;1;Default;Default;Default;Default;Default;Default;Default;3;"ShortRun(IterationCount=3, LaunchCount=1, WarmupCount=3)";;1;Overhead;Actual;1;574728800;536870912;1.07;0;0;0;0
EngineBenchmarks.'ComboEngine.Update (button released)';;EngineBenchmarks;'ComboEngine.Update (button released)';ShortRun;Default;Default;Default;Default;Default;Default;Default;Default;Default;Default;Default;Default;Default;Default;Default;Default;Default;Default;Default;Default;Default;Default;Default;Default;Default;Default;Default;Default;Default;Default;Default;3;Default;1;Default;Default;Default;Default;Default;Default;Default;3;"ShortRun(IterationCount=3, LaunchCount=1, WarmupCount=3)";;1;Overhead;Actual;2;575724200;536870912;1.07;0;0;0;0
EngineBenchmarks.'ComboEngine.Update (button released)';;EngineBenchmarks;'ComboEngine.Update (button released)';ShortRun;Default;Default;Default;Default;Default;Default;Default;Default;Default;Default;Default;Default;Default;Default;Default;Default;Default;Default;Default;Default;Default;Default;Default;Default;Default;Default;Default;Default;Default;Default;Default;3;Default;1;Default;Default;Default;Default;Default;Default;Default;3;"ShortRun(IterationCount=3, LaunchCount=1, WarmupCount=3)";;1;Overhead;Actual;3;575546300;536870912;1.07;0;0;0;0
EngineBenchmarks.'ComboEngine.Update (button released)';;EngineBenchmarks;'ComboEngine.Update (button released)';ShortRun;Default;Default;Default;Default;Default;Default;Default;Default;Default;Default;Default;Default;Default;Default;Default;Default;Default;Default;Default;Default;Default;Default;Default;Default;Default;Default;Default;Default;Default;Default;Default;3;Default;1;Default;Default;Default;Default;Default;Default;Default;3;"ShortRun(IterationCount=3, LaunchCount=1, WarmupCount=3)";;1;Overhead;Actual;4;576065400;536870912;1.07;0;0;0;0
EngineBenchmarks.'ComboEngine.Update (button released)';;EngineBenchmarks;'ComboEngine.Update (button released)';ShortRun;Default;Default;Default;Default;Default;Default;Default;Default;Default;Default;Default;Default;Default;Default;Default;Default;Default;Default;Default;Default;Default;Default;Default;Default;Default;Default;Default;Default;Default;Default;Default;3;Default;1;Default;Default;Default;Default;Default;Default;Default;3;"ShortRun(IterationCount=3, LaunchCount=1, WarmupCount=3)";;1;Overhead;Actual;5;576514800;536870912;1.07;0;0;0;0
EngineBenchmarks.'ComboEngine.Update (button released)';;EngineBenchmarks;'ComboEngine.Update (button released)';ShortRun;Default;Default;Default;Default;Default;Default;Default;Default;Default;Default;Default;Default;Default;Default;Default;Default;Default;Default;Default;Default;Default;Default;Default;Default;Default;Default;Default;Default;Default;Default;Default;3;Default;1;Default;Default;Default;Default;Default;Default;Default;3;"ShortRun(IterationCount=3, LaunchCount=1, WarmupCount=3)";;1;Overhead;Actual;6;576021700;536870912;1.07;0;0;0;0
EngineBenchmarks.'ComboEngine.Update (button released)';;EngineBenchmarks;'ComboEngine.Update (button released)';ShortRun;Default;Default;Default;Default;Default;Default;Default;Default;Default;Default;Default;Default;Default;Default;Default;Default;Default;Default;Default;Default;Default;Default;Default;Default;Default;Default;Default;Default;Default;Default;Default;3;Default;1;Default;Default;Default;Default;Default;Default;Default;3;"ShortRun(IterationCount=3, LaunchCount=1, WarmupCount=3)";;1;Overhead;Actual;7;575753000;536870912;1.07;0;0;0;0
EngineBenchmarks.'ComboEngine.Update (button released)';;EngineBenchmarks;'ComboEngine.Update (button released)';ShortRun;Default;Default;Default;Default;Default;Default;Default;Default;Default;Default;Default;Default;Default;Default;Default;Default;Default;Default;Default;Default;Default;Default;Default;Default;Default;Default;Default;Default;Default;Default;Default;3;Default;1;Default;Default;Default;Default;Default;Default;Default;3;"ShortRun(IterationCount=3, LaunchCount=1, WarmupCount=3)";;1;Overhead;Actual;8;577482700;536870912;1.08;0;0;0;0
EngineBenchmarks.'ComboEngine.Update (button released)';;EngineBenchmarks;'ComboEngine.Update (button released)';ShortRun;Default;Default;Default;Default;Default;Default;Default;Default;Default;Default;Default;Default;Default;Default;Default;Default;Default;Default;Default;Default;Default;Default;Default;Default;Default;Default;Default;Default;Default;Default;Default;3;Default;1;Default;Default;Default;Default;Default;Default;Default;3;"ShortRun(IterationCount=3, LaunchCount=1, WarmupCount=3)";;1;Overhead;Actual;9;575444100;536870912;1.07;0;0;0;0
EngineBenchmarks.'ComboEngine.Update (button released)';;EngineBenchmarks;'ComboEngine.Update (button released)';ShortRun;Default;Default;Default;Default;Default;Default;Default;Default;Default;Default;Default;Default;Default;Default;Default;Default;Default;Default;Default;Default;Default;Default;Default;Default;Default;Default;Default;Default;Default;Default;Default;3;Default;1;Default;Default;Default;Default;Default;Default;Default;3;"ShortRun(IterationCount=3, LaunchCount=1, WarmupCount=3)";;1;Overhead;Actual;10;575780100;536870912;1.07;0;0;0;0
EngineBenchmarks.'ComboEngine.Update (button released)';;EngineBenchmarks;'ComboEngine.Update (button released)';ShortRun;Default;Default;Default;Default;Default;Default;Default;Default;Default;Default;Default;Default;Default;Default;Default;Default;Default;Default;Default;Default;Default;Default;Default;Default;Default;Default;Default;Default;Default;Default;Default;3;Default;1;Default;Default;Default;Default;Default;Default;Default;3;"ShortRun(IterationCount=3, LaunchCount=1, WarmupCount=3)";;1;Overhead;Actual;11;584696700;536870912;1.09;0;0;0;0
EngineBenchmarks.'ComboEngine.Update (button released)';;EngineBenchmarks;'ComboEngine.Update (button released)';ShortRun;Default;Default;Default;Default;Default;Default;Default;Default;Default;Default;Default;Default;Default;Default;Default;Default;Default;Default;Default;Default;Default;Default;Default;Default;Default;Default;Default;Default;Default;Default;Default;3;Default;1;Default;Default;Default;Default;Default;Default;Default;3;"ShortRun(IterationCount=3, LaunchCount=1, WarmupCount=3)";;1;Overhead;Actual;12;575777600;536870912;1.07;0;0;0;0
EngineBenchmarks.'ComboEngine.Update (button released)';;EngineBenchmarks;'ComboEngine.Update (button released)';ShortRun;Default;Default;Default;Default;Default;Default;Default;Default;Default;Default;Default;Default;Default;Default;Default;Default;Default;Default;Default;Default;Default;Default;Default;Default;Default;Default;Default;Default;Default;Default;Default;3;Default;1;Default;Default;Default;Default;Default;Default;Default;3;"ShortRun(IterationCount=3, LaunchCount=1, WarmupCount=3)";;1;Overhead;Actual;13;576597200;536870912;1.07;0;0;0;0
EngineBenchmarks.'ComboEngine.Update (button released)';;EngineBenchmarks;'ComboEngine.Update (button released)';ShortRun;Default;Default;Default;Default;Default;Default;Default;Default;Default;Default;Default;Default;Default;Default;Default;Default;Default;Default;Default;Default;Default;Default;Default;Default;Default;Default;Default;Default;Default;Default;Default;3;Default;1;Default;Default;Default;Default;Default;Default;Default;3;"ShortRun(IterationCount=3, LaunchCount=1, WarmupCount=3)";;1;Overhead;Actual;14;575900400;536870912;1.07;0;0;0;0
EngineBenchmarks.'ComboEngine.Update (button released)';;EngineBenchmarks;'ComboEngine.Update (button released)';ShortRun;Default;Default;Default;Default;Default;Default;Default;Default;Default;Default;Default;Default;Default;Default;Default;Default;Default;Default;Default;Default;Default;Default;Default;Default;Default;Default;Default;Default;Default;Default;Default;3;Default;1;Default;Default;Default;Default;Default;Default;Default;3;"ShortRun(IterationCount=3, LaunchCount=1, WarmupCount=3)";;1;Overhead;Actual;15;575435400;536870912;1.07;0;0;0;0
EngineBenchmarks.'ComboEngine.Update (button released)';;EngineBenchmarks;'ComboEngine.Update (button released)';ShortRun;Default;Default;Default;Default;Default;Default;Default;Default;Default;Default;Default;Default;Default;Default;Default;Default;Default;Default;Default;Default;Default;Default;Default;Default;Default;Default;Default;Default;Default;Default;Default;3;Default;1;Default;Default;Default;Default;Default;Default;Default;3;"ShortRun(IterationCount=3, LaunchCount=1, WarmupCount=3)";;1;Workload;Warmup;1;812625800;536870912;1.51;0;0;0;0
EngineBenchmarks.'ComboEngine.Update (button released)';;EngineBenchmarks;'ComboEngine.Update (button released)';ShortRun;Default;Default;Default;Default;Default;Default;Default;Default;Default;Default;Default;Default;Default;Default;Default;Default;Default;Default;Default;Default;Default;Default;Default;Default;Default;Default;Default;Default;Default;Default;Default;3;Default;1;Default;Default;Default;Default;Default;Default;Default;3;"ShortRun(IterationCount=3, LaunchCount=1, WarmupCount=3)";;1;Workload;Warmup;2;814515600;536870912;1.52;0;0;0;0
EngineBenchmarks.'ComboEngine.Update (button released)';;EngineBenchmarks;'ComboEngine.Update (button released)';ShortRun;Default;Default;Default;Default;Default;Default;Default;Default;Default;Default;Default;Default;Default;Default;Default;Default;Default;Default;Default;Default;Default;Default;Default;Default;Default;Default;Default;Default;Default;Default;Default;3;Default;1;Default;Default;Default;Default;Default;Default;Default;3;"ShortRun(IterationCount=3, LaunchCount=1, WarmupCount=3)";;1;Workload;Warmup;3;818070800;536870912;1.52;0;0;0;0
EngineBenchmarks.'ComboEngine.Update (button released)';;EngineBenchmarks;'ComboEngine.Update (button released)';ShortRun;Default;Default;Default;Default;Default;Default;Default;Default;Default;Default;Default;Default;Default;Default;Default;Default;Default;Default;Default;Default;Default;Default;Default;Default;Default;Default;Default;Default;Default;Default;Default;3;Default;1;Default;Default;Default;Default;Default;Default;Default;3;"ShortRun(IterationCount=3, LaunchCount=1, WarmupCount=3)";;1;Workload;Actual;1;820905400;536870912;1.53;0;0;0;0
EngineBenchmarks.'ComboEngine.Update (button released)';;EngineBenchmarks;'ComboEngine.Update (button released)';ShortRun;Default;Default;Default;Default;Default;Default;Default;Default;Default;Default;Default;Default;Default;Default;Default;Default;Default;Default;Default;Default;Default;Default;Default;Default;Default;Default;Default;Default;Default;Default;Default;3;Default;1;Default;Default;Default;Default;Default;Default;Default;3;"ShortRun(IterationCount=3, LaunchCount=1, WarmupCount=3)";;1;Workload;Actual;2;807464700;536870912;1.5;0;0;0;0
EngineBenchmarks.'ComboEngine.Update (button released)';;EngineBenchmarks;'ComboEngine.Update (button released)';ShortRun;Default;Default;Default;Default;Default;Default;Default;Default;Default;Default;Default;Default;Default;Default;Default;Default;Default;Default;Default;Default;Default;Default;Default;Default;Default;Default;Default;Default;Default;Default;Default;3;Default;1;Default;Default;Default;Default;Default;Default;Default;3;"ShortRun(IterationCount=3, LaunchCount=1, WarmupCount=3)";;1;Workload;Actual;3;814521200;536870912;1.52;0;0;0;0
EngineBenchmarks.'ComboEngine.Update (button released)';;EngineBenchmarks;'ComboEngine.Update (button released)';ShortRun;Default;Default;Default;Default;Default;Default;Default;Default;Default;Default;Default;Default;Default;Default;Default;Default;Default;Default;Default;Default;Default;Default;Default;Default;Default;Default;Default;Default;Default;Default;Default;3;Default;1;Default;Default;Default;Default;Default;Default;Default;3;"ShortRun(IterationCount=3, LaunchCount=1, WarmupCount=3)";;1;Workload;Result;1;245125300;536870912;0.46;0;0;0;0
EngineBenchmarks.'ComboEngine.Update (button released)';;EngineBenchmarks;'ComboEngine.Update (button released)';ShortRun;Default;Default;Default;Default;Default;Default;Default;Default;Default;Default;Default;Default;Default;Default;Default;Default;Default;Default;Default;Default;Default;Default;Default;Default;Default;Default;Default;Default;Default;Default;Default;3;Default;1;Default;Default;Default;Default;Default;Default;Default;3;"ShortRun(IterationCount=3, LaunchCount=1, WarmupCount=3)";;1;Workload;Result;2;231684600;536870912;0.43;0;0;0;0
EngineBenchmarks.'ComboEngine.Update (button released)';;EngineBenchmarks;'ComboEngine.Update (button released)';ShortRun;Default;Default;Default;Default;Default;Default;Default;Default;Default;Default;Default;Default;Default;Default;Default;Default;Default;Default;Default;Default;Default;Default;Default;Default;Default;Default;Default;Default;Default;Default;Default;3;Default;1;Default;Default;Default;Default;Default;Default;Default;3;"ShortRun(IterationCount=3, LaunchCount=1, WarmupCount=3)";;1;Workload;Result;3;238741100;536870912;0.44;0;0;0;0
EngineBenchmarks.'MovementEngine.Update (no movement)';;EngineBenchmarks;'MovementEngine.Update (no movement)';ShortRun;Default;Default;Default;Default;Default;Default;Default;Default;Default;Default;Default;Default;Default;Default;Default;Default;Default;Default;Default;Default;Default;Default;Default;Default;Default;Default;Default;Default;Default;Default;Default;3;Default;1;Default;Default;Default;Default;Default;Default;Default;3;"ShortRun(IterationCount=3, LaunchCount=1, WarmupCount=3)";;1;Overhead;Jitting;1;117800;1;117800;0;0;0;0
EngineBenchmarks.'MovementEngine.Update (no movement)';;EngineBenchmarks;'MovementEngine.Update (no movement)';ShortRun;Default;Default;Default;Default;Default;Default;Default;Default;Default;Default;Default;Default;Default;Default;Default;Default;Default;Default;Default;Default;Default;Default;Default;Default;Default;Default;Default;Default;Default;Default;Default;3;Default;1;Default;Default;Default;Default;Default;Default;Default;3;"ShortRun(IterationCount=3, LaunchCount=1, WarmupCount=3)";;1;Workload;Jitting;1;682600;1;682600;0;0;0;0
EngineBenchmarks.'MovementEngine.Update (no movement)';;EngineBenchmarks;'MovementEngine.Update (no movement)';ShortRun;Default;Default;Default;Default;Default;Default;Default;Default;Default;Default;Default;Default;Default;Default;Default;Default;Default;Default;Default;Default;Default;Default;Default;Default;Default;Default;Default;Default;Default;Default;Default;3;Default;1;Default;Default;Default;Default;Default;Default;Default;3;"ShortRun(IterationCount=3, LaunchCount=1, WarmupCount=3)";;1;Overhead;Jitting;2;105900;16;6618.75;0;0;0;0
EngineBenchmarks.'MovementEngine.Update (no movement)';;EngineBenchmarks;'MovementEngine.Update (no movement)';ShortRun;Default;Default;Default;Default;Default;Default;Default;Default;Default;Default;Default;Default;Default;Default;Default;Default;Default;Default;Default;Default;Default;Default;Default;Default;Default;Default;Default;Default;Default;Default;Default;3;Default;1;Default;Default;Default;Default;Default;Default;Default;3;"ShortRun(IterationCount=3, LaunchCount=1, WarmupCount=3)";;1;Workload;Jitting;2;108300;16;6768.75;0;0;0;0
EngineBenchmarks.'MovementEngine.Update (no movement)';;EngineBenchmarks;'MovementEngine.Update (no movement)';ShortRun;Default;Default;Default;Default;Default;Default;Default;Default;Default;Default;Default;Default;Default;Default;Default;Default;Default;Default;Default;Default;Default;Default;Default;Default;Default;Default;Default;Default;Default;Default;Default;3;Default;1;Default;Default;Default;Default;Default;Default;Default;3;"ShortRun(IterationCount=3, LaunchCount=1, WarmupCount=3)";;1;Workload;Pilot;1;500;16;31.25;0;0;0;0
EngineBenchmarks.'MovementEngine.Update (no movement)';;EngineBenchmarks;'MovementEngine.Update (no movement)';ShortRun;Default;Default;Default;Default;Default;Default;Default;Default;Default;Default;Default;Default;Default;Default;Default;Default;Default;Default;Default;Default;Default;Default;Default;Default;Default;Default;Default;Default;Default;Default;Default;3;Default;1;Default;Default;Default;Default;Default;Default;Default;3;"ShortRun(IterationCount=3, LaunchCount=1, WarmupCount=3)";;1;Workload;Pilot;2;600;32;18.75;0;0;0;0
EngineBenchmarks.'MovementEngine.Update (no movement)';;EngineBenchmarks;'MovementEngine.Update (no movement)';ShortRun;Default;Default;Default;Default;Default;Default;Default;Default;Default;Default;Default;Default;Default;Default;Default;Default;Default;Default;Default;Default;Default;Default;Default;Default;Default;Default;Default;Default;Default;Default;Default;3;Default;1;Default;Default;Default;Default;Default;Default;Default;3;"ShortRun(IterationCount=3, LaunchCount=1, WarmupCount=3)";;1;Workload;Pilot;3;600;64;9.38;0;0;0;0
EngineBenchmarks.'MovementEngine.Update (no movement)';;EngineBenchmarks;'MovementEngine.Update (no movement)';ShortRun;Default;Default;Default;Default;Default;Default;Default;Default;Default;Default;Default;Default;Default;Default;Default;Default;Default;Default;Default;Default;Default;Default;Default;Default;Default;Default;Default;Default;Default;Default;Default;3;Default;1;Default;Default;Default;Default;Default;Default;Default;3;"ShortRun(IterationCount=3, LaunchCount=1, WarmupCount=3)";;1;Workload;Pilot;4;800;128;6.25;0;0;0;0
EngineBenchmarks.'MovementEngine.Update (no movement)';;EngineBenchmarks;'MovementEngine.Update (no movement)';ShortRun;Default;Default;Default;Default;Default;Default;Default;Default;Default;Default;Default;Default;Default;Default;Default;Default;Default;Default;Default;Default;Default;Default;Default;Default;Default;Default;Default;Default;Default;Default;Default;3;Default;1;Default;Default;Default;Default;Default;Default;Default;3;"ShortRun(IterationCount=3, LaunchCount=1, WarmupCount=3)";;1;Workload;Pilot;5;1700;256;6.64;0;0;0;0
EngineBenchmarks.'MovementEngine.Update (no movement)';;EngineBenchmarks;'MovementEngine.Update (no movement)';ShortRun;Default;Default;Default;Default;Default;Default;Default;Default;Default;Default;Default;Default;Default;Default;Default;Default;Default;Default;Default;Default;Default;Default;Default;Default;Default;Default;Default;Default;Default;Default;Default;3;Default;1;Default;Default;Default;Default;Default;Default;Default;3;"ShortRun(IterationCount=3, LaunchCount=1, WarmupCount=3)";;1;Workload;Pilot;6;3400;512;6.64;0;0;0;0
EngineBenchmarks.'MovementEngine.Update (no movement)';;EngineBenchmarks;'MovementEngine.Update (no movement)';ShortRun;Default;Default;Default;Default;Default;Default;Default;Default;Default;Default;Default;Default;Default;Default;Default;Default;Default;Default;Default;Default;Default;Default;Default;Default;Default;Default;Default;Default;Default;Default;Default;3;Default;1;Default;Default;Default;Default;Default;Default;Default;3;"ShortRun(IterationCount=3, LaunchCount=1, WarmupCount=3)";;1;Workload;Pilot;7;6500;1024;6.35;0;0;0;0
EngineBenchmarks.'MovementEngine.Update (no movement)';;EngineBenchmarks;'MovementEngine.Update (no movement)';ShortRun;Default;Default;Default;Default;Default;Default;Default;Default;Default;Default;Default;Default;Default;Default;Default;Default;Default;Default;Default;Default;Default;Default;Default;Default;Default;Default;Default;Default;Default;Default;Default;3;Default;1;Default;Default;Default;Default;Default;Default;Default;3;"ShortRun(IterationCount=3, LaunchCount=1, WarmupCount=3)";;1;Workload;Pilot;8;12900;2048;6.3;0;0;0;0
EngineBenchmarks.'MovementEngine.Update (no movement)';;EngineBenchmarks;'MovementEngine.Update (no movement)';ShortRun;Default;Default;Default;Default;Default;Default;Default;Default;Default;Default;Default;Default;Default;Default;Default;Default;Default;Default;Default;Default;Default;Default;Default;Default;Default;Default;Default;Default;Default;Default;Default;3;Default;1;Default;Default;Default;Default;Default;Default;Default;3;"ShortRun(IterationCount=3, LaunchCount=1, WarmupCount=3)";;1;Workload;Pilot;9;25700;4096;6.27;0;0;0;0
EngineBenchmarks.'MovementEngine.Update (no movement)';;EngineBenchmarks;'MovementEngine.Update (no movement)';ShortRun;Default;Default;Default;Default;Default;Default;Default;Default;Default;Default;Default;Default;Default;Default;Default;Default;Default;Default;Default;Default;Default;Default;Default;Default;Default;Default;Default;Default;Default;Default;Default;3;Default;1;Default;Default;Default;Default;Default;Default;Default;3;"ShortRun(IterationCount=3, LaunchCount=1, WarmupCount=3)";;1;Workload;Pilot;10;50800;8192;6.2;0;0;0;0
EngineBenchmarks.'MovementEngine.Update (no movement)';;EngineBenchmarks;'MovementEngine.Update (no movement)';ShortRun;Default;Default;Default;Default;Default;Default;Default;Default;Default;Default;Default;Default;Default;Default;Default;Default;Default;Default;Default;Default;Default;Default;Default;Default;Default;Default;Default;Default;Default;Default;Default;3;Default;1;Default;Default;Default;Default;Default;Default;Default;3;"ShortRun(IterationCount=3, LaunchCount=1, WarmupCount=3)";;1;Workload;Pilot;11;101800;16384;6.21;0;0;0;0
EngineBenchmarks.'MovementEngine.Update (no movement)';;EngineBenchmarks;'MovementEngine.Update (no movement)';ShortRun;Default;Default;Default;Default;Default;Default;Default;Default;Default;Default;Default;Default;Default;Default;Default;Default;Default;Default;Default;Default;Default;Default;Default;Default;Default;Default;Default;Default;Default;Default;Default;3;Default;1;Default;Default;Default;Default;Default;Default;Default;3;"ShortRun(IterationCount=3, LaunchCount=1, WarmupCount=3)";;1;Workload;Pilot;12;202300;32768;6.17;0;0;0;0
EngineBenchmarks.'MovementEngine.Update (no movement)';;EngineBenchmarks;'MovementEngine.Update (no movement)';ShortRun;Default;Default;Default;Default;Default;Default;Default;Default;Default;Default;Default;Default;Default;Default;Default;Default;Default;Default;Default;Default;Default;Default;Default;Default;Default;Default;Default;Default;Default;Default;Default;3;Default;1;Default;Default;Default;Default;Default;Default;Default;3;"ShortRun(IterationCount=3, LaunchCount=1, WarmupCount=3)";;1;Workload;Pilot;13;407800;65536;6.22;0;0;0;0
EngineBenchmarks.'MovementEngine.Update (no movement)';;EngineBenchmarks;'MovementEngine.Update (no movement)';ShortRun;Default;Default;Default;Default;Default;Default;Default;Default;Default;Default;Default;Default;Default;Default;Default;Default;Default;Default;Default;Default;Default;Default;Default;Default;Default;Default;Default;Default;Default;Default;Default;3;Default;1;Default;Default;Default;Default;Default;Default;Default;3;"ShortRun(IterationCount=3, LaunchCount=1, WarmupCount=3)";;1;Workload;Pilot;14;798800;131072;6.09;0;0;0;0
EngineBenchmarks.'MovementEngine.Update (no movement)';;EngineBenchmarks;'MovementEngine.Update (no movement)';ShortRun;Default;Default;Default;Default;Default;Default;Default;Default;Default;Default;Default;Default;Default;Default;Default;Default;Default;Default;Default;Default;Default;Default;Default;Default;Default;Default;Default;Default;Default;Default;Default;3;Default;1;Default;Default;Default;Default;Default;Default;Default;3;"ShortRun(IterationCount=3, LaunchCount=1, WarmupCount=3)";;1;Workload;Pilot;15;1647200;262144;6.28;0;0;0;0
EngineBenchmarks.'MovementEngine.Update (no movement)';;EngineBenchmarks;'MovementEngine.Update (no movement)';ShortRun;Default;Default;Default;Default;Default;Default;Default;Default;Default;Default;Default;Default;Default;Default;Default;Default;Default;Default;Default;Default;Default;Default;Default;Default;Default;Default;Default;Default;Default;Default;Default;3;Default;1;Default;Default;Default;Default;Default;Default;Default;3;"ShortRun(IterationCount=3, LaunchCount=1, WarmupCount=3)";;1;Workload;Pilot;16;3887300;524288;7.41;0;0;0;0
EngineBenchmarks.'MovementEngine.Update (no movement)';;EngineBenchmarks;'MovementEngine.Update (no movement)';ShortRun;Default;Default;Default;Default;Default;Default;Default;Default;Default;Default;Default;Default;Default;Default;Default;Default;Default;Default;Default;Default;Default;Default;Default;Default;Default;Default;Default;Default;Default;Default;Default;3;Default;1;Default;Default;Default;Default;Default;Default;Default;3;"ShortRun(IterationCount=3, LaunchCount=1, WarmupCount=3)";;1;Workload;Pilot;17;6853200;1048576;6.54;0;0;0;0
EngineBenchmarks.'MovementEngine.Update (no movement)';;EngineBenchmarks;'MovementEngine.Update (no movement)';ShortRun;Default;Default;Default;Default;Default;Default;Default;Default;Default;Default;Default;Default;Default;Default;Default;Default;Default;Default;Default;Default;Default;Default;Default;Default;Default;Default;Default;Default;Default;Default;Default;3;Default;1;Default;Default;Default;Default;Default;Default;Default;3;"ShortRun(IterationCount=3, LaunchCount=1, WarmupCount=3)";;1;Workload;Pilot;18;13237300;2097152;6.31;0;0;0;0
EngineBenchmarks.'MovementEngine.Update (no movement)';;EngineBenchmarks;'MovementEngine.Update (no movement)';ShortRun;Default;Default;Default;Default;Default;Default;Default;Default;Default;Default;Default;Default;Default;Default;Default;Default;Default;Default;Default;Default;Default;Default;Default;Default;Default;Default;Default;Default;Default;Default;Default;3;Default;1;Default;Default;Default;Default;Default;Default;Default;3;"ShortRun(IterationCount=3, LaunchCount=1, WarmupCount=3)";;1;Workload;Pilot;19;25459900;4194304;6.07;0;0;0;0
EngineBenchmarks.'MovementEngine.Update (no movement)';;EngineBenchmarks;'MovementEngine.Update (no movement)';ShortRun;Default;Default;Default;Default;Default;Default;Default;Default;Default;Default;Default;Default;Default;Default;Default;Default;Default;Default;Default;Default;Default;Default;Default;Default;Default;Default;Default;Default;Default;Default;Default;3;Default;1;Default;Default;Default;Default;Default;Default;Default;3;"ShortRun(IterationCount=3, LaunchCount=1, WarmupCount=3)";;1;Workload;Pilot;20;52034600;8388608;6.2;0;0;0;0
EngineBenchmarks.'MovementEngine.Update (no movement)';;EngineBenchmarks;'MovementEngine.Update (no movement)';ShortRun;Default;Default;Default;Default;Default;Default;Default;Default;Default;Default;Default;Default;Default;Default;Default;Default;Default;Default;Default;Default;Default;Default;Default;Default;Default;Default;Default;Default;Default;Default;Default;3;Default;1;Default;Default;Default;Default;Default;Default;Default;3;"ShortRun(IterationCount=3, LaunchCount=1, WarmupCount=3)";;1;Workload;Pilot;21;102752400;16777216;6.12;0;0;0;0
EngineBenchmarks.'MovementEngine.Update (no movement)';;EngineBenchmarks;'MovementEngine.Update (no movement)';ShortRun;Default;Default;Default;Default;Default;Default;Default;Default;Default;Default;Default;Default;Default;Default;Default;Default;Default;Default;Default;Default;Default;Default;Default;Default;Default;Default;Default;Default;Default;Default;Default;3;Default;1;Default;Default;Default;Default;Default;Default;Default;3;"ShortRun(IterationCount=3, LaunchCount=1, WarmupCount=3)";;1;Workload;Pilot;22;114050300;33554432;3.4;0;0;0;0
EngineBenchmarks.'MovementEngine.Update (no movement)';;EngineBenchmarks;'MovementEngine.Update (no movement)';ShortRun;Default;Default;Default;Default;Default;Default;Default;Default;Default;Default;Default;Default;Default;Default;Default;Default;Default;Default;Default;Default;Default;Default;Default;Default;Default;Default;Default;Default;Default;Default;Default;3;Default;1;Default;Default;Default;Default;Default;Default;Default;3;"ShortRun(IterationCount=3, LaunchCount=1, WarmupCount=3)";;1;Workload;Pilot;23;156942400;67108864;2.34;0;0;0;0
EngineBenchmarks.'MovementEngine.Update (no movement)';;EngineBenchmarks;'MovementEngine.Update (no movement)';ShortRun;Default;Default;Default;Default;Default;Default;Default;Default;Default;Default;Default;Default;Default;Default;Default;Default;Default;Default;Default;Default;Default;Default;Default;Default;Default;Default;Default;Default;Default;Default;Default;3;Default;1;Default;Default;Default;Default;Default;Default;Default;3;"ShortRun(IterationCount=3, LaunchCount=1, WarmupCount=3)";;1;Workload;Pilot;24;318164500;134217728;2.37;0;0;0;0
EngineBenchmarks.'MovementEngine.Update (no movement)';;EngineBenchmarks;'MovementEngine.Update (no movement)';ShortRun;Default;Default;Default;Default;Default;Default;Default;Default;Default;Default;Default;Default;Default;Default;Default;Default;Default;Default;Default;Default;Default;Default;Default;Default;Default;Default;Default;Default;Default;Default;Default;3;Default;1;Default;Default;Default;Default;Default;Default;Default;3;"ShortRun(IterationCount=3, LaunchCount=1, WarmupCount=3)";;1;Workload;Pilot;25;632340700;268435456;2.36;0;0;0;0
EngineBenchmarks.'MovementEngine.Update (no movement)';;EngineBenchmarks;'MovementEngine.Update (no movement)';ShortRun;Default;Default;Default;Default;Default;Default;Default;Default;Default;Default;Default;Default;Default;Default;Default;Default;Default;Default;Default;Default;Default;Default;Default;Default;Default;Default;Default;Default;Default;Default;Default;3;Default;1;Default;Default;Default;Default;Default;Default;Default;3;"ShortRun(IterationCount=3, LaunchCount=1, WarmupCount=3)";;1;Overhead;Warmup;1;450221200;268435456;1.68;0;0;0;0
EngineBenchmarks.'MovementEngine.Update (no movement)';;EngineBenchmarks;'MovementEngine.Update (no movement)';ShortRun;Default;Default;Default;Default;Default;Default;Default;Default;Default;Default;Default;Default;Default;Default;Default;Default;Default;Default;Default;Default;Default;Default;Default;Default;Default;Default;Default;Default;Default;Default;Default;3;Default;1;Default;Default;Default;Default;Default;Default;Default;3;"ShortRun(IterationCount=3, LaunchCount=1, WarmupCount=3)";;1;Overhead;Warmup;2;288080800;268435456;1.07;0;0;0;0
EngineBenchmarks.'MovementEngine.Update (no movement)';;EngineBenchmarks;'MovementEngine.Update (no movement)';ShortRun;Default;Default;Default;Default;Default;Default;Default;Default;Default;Default;Default;Default;Default;Default;Default;Default;Default;Default;Default;Default;Default;Default;Default;Default;Default;Default;Default;Default;Default;Default;Default;3;Default;1;Default;Default;Default;Default;Default;Default;Default;3;"ShortRun(IterationCount=3, LaunchCount=1, WarmupCount=3)";;1;Overhead;Warmup;3;287104800;268435456;1.07;0;0;0;0
EngineBenchmarks.'MovementEngine.Update (no movement)';;EngineBenchmarks;'MovementEngine.Update (no movement)';ShortRun;Default;Default;Default;Default;Default;Default;Default;Default;Default;Default;Default;Default;Default;Default;Default;Default;Default;Default;Default;Default;Default;Default;Default;Default;Default;Default;Default;Default;Default;Default;Default;3;Default;1;Default;Default;Default;Default;Default;Default;Default;3;"ShortRun(IterationCount=3, LaunchCount=1, WarmupCount=3)";;1;Overhead;Warmup;4;291911100;268435456;1.09;0;0;0;0
EngineBenchmarks.'MovementEngine.Update (no movement)';;EngineBenchmarks;'MovementEngine.Update (no movement)';ShortRun;Default;Default;Default;Default;Default;Default;Default;Default;Default;Default;Default;Default;Default;Default;Default;Default;Default;Default;Default;Default;Default;Default;Default;Default;Default;Default;Default;Default;Default;Default;Default;3;Default;1;Default;Default;Default;Default;Default;Default;Default;3;"ShortRun(IterationCount=3, LaunchCount=1, WarmupCount=3)";;1;Overhead;Warmup;5;286517600;268435456;1.07;0;0;0;0
EngineBenchmarks.'MovementEngine.Update (no movement)';;EngineBenchmarks;'MovementEngine.Update (no movement)';ShortRun;Default;Default;Default;Default;Default;Default;Default;Default;Default;Default;Default;Default;Default;Default;Default;Default;Default;Default;Default;Default;Default;Default;Default;Default;Default;Default;Default;Default;Default;Default;Default;3;Default;1;Default;Default;Default;Default;Default;Default;Default;3;"ShortRun(IterationCount=3, LaunchCount=1, WarmupCount=3)";;1;Overhead;Warmup;6;288712000;268435456;1.08;0;0;0;0
EngineBenchmarks.'MovementEngine.Update (no movement)';;EngineBenchmarks;'MovementEngine.Update (no movement)';ShortRun;Default;Default;Default;Default;Default;Default;Default;Default;Default;Default;Default;Default;Default;Default;Default;Default;Default;Default;Default;Default;Default;Default;Default;Default;Default;Default;Default;Default;Default;Default;Default;3;Default;1;Default;Default;Default;Default;Default;Default;Default;3;"ShortRun(IterationCount=3, LaunchCount=1, WarmupCount=3)";;1;Overhead;Warmup;7;286141700;268435456;1.07;0;0;0;0
EngineBenchmarks.'MovementEngine.Update (no movement)';;EngineBenchmarks;'MovementEngine.Update (no movement)';ShortRun;Default;Default;Default;Default;Default;Default;Default;Default;Default;Default;Default;Default;Default;Default;Default;Default;Default;Default;Default;Default;Default;Default;Default;Default;Default;Default;Default;Default;Default;Default;Default;3;Default;1;Default;Default;Default;Default;Default;Default;Default;3;"ShortRun(IterationCount=3, LaunchCount=1, WarmupCount=3)";;1;Overhead;Actual;1;289133800;268435456;1.08;0;0;0;0
EngineBenchmarks.'MovementEngine.Update (no movement)';;EngineBenchmarks;'MovementEngine.Update (no movement)';ShortRun;Default;Default;Default;Default;Default;Default;Default;Default;Default;Default;Default;Default;Default;Default;Default;Default;Default;Default;Default;Default;Default;Default;Default;Default;Default;Default;Default;Default;Default;Default;Default;3;Default;1;Default;Default;Default;Default;Default;Default;Default;3;"ShortRun(IterationCount=3, LaunchCount=1, WarmupCount=3)";;1;Overhead;Actual;2;285785700;268435456;1.06;0;0;0;0
EngineBenchmarks.'MovementEngine.Update (no movement)';;EngineBenchmarks;'MovementEngine.Update (no movement)';ShortRun;Default;Default;Default;Default;Default;Default;Default;Default;Default;Default;Default;Default;Default;Default;Default;Default;Default;Default;Default;Default;Default;Default;Default;Default;Default;Default;Default;Default;Default;Default;Default;3;Default;1;Default;Default;Default;Default;Default;Default;Default;3;"ShortRun(IterationCount=3, LaunchCount=1, WarmupCount=3)";;1;Overhead;Actual;3;289863500;268435456;1.08;0;0;0;0
EngineBenchmarks.'MovementEngine.Update (no movement)';;EngineBenchmarks;'MovementEngine.Update (no movement)';ShortRun;Default;Default;Default;Default;Default;Default;Default;Default;Default;Default;Default;Default;Default;Default;Default;Default;Default;Default;Default;Default;Default;Default;Default;Default;Default;Default;Default;Default;Default;Default;Default;3;Default;1;Default;Default;Default;Default;Default;Default;Default;3;"ShortRun(IterationCount=3, LaunchCount=1, WarmupCount=3)";;1;Overhead;Actual;4;287206100;268435456;1.07;0;0;0;0
EngineBenchmarks.'MovementEngine.Update (no movement)';;EngineBenchmarks;'MovementEngine.Update (no movement)';ShortRun;Default;Default;Default;Default;Default;Default;Default;Default;Default;Default;Default;Default;Default;Default;Default;Default;Default;Default;Default;Default;Default;Default;Default;Default;Default;Default;Default;Default;Default;Default;Default;3;Default;1;Default;Default;Default;Default;Default;Default;Default;3;"ShortRun(IterationCount=3, LaunchCount=1, WarmupCount=3)";;1;Overhead;Actual;5;289285300;268435456;1.08;0;0;0;0
EngineBenchmarks.'MovementEngine.Update (no movement)';;EngineBenchmarks;'MovementEngine.Update (no movement)';ShortRun;Default;Default;Default;Default;Default;Default;Default;Default;Default;Default;Default;Default;Default;Default;Default;Default;Default;Default;Default;Default;Default;Default;Default;Default;Default;Default;Default;Default;Default;Default;Default;3;Default;1;Default;Default;Default;Default;Default;Default;Default;3;"ShortRun(IterationCount=3, LaunchCount=1, WarmupCount=3)";;1;Overhead;Actual;6;286229800;268435456;1.07;0;0;0;0
EngineBenchmarks.'MovementEngine.Update (no movement)';;EngineBenchmarks;'MovementEngine.Update (no movement)';ShortRun;Default;Default;Default;Default;Default;Default;Default;Default;Default;Default;Default;Default;Default;Default;Default;Default;Default;Default;Default;Default;Default;Default;Default;Default;Default;Default;Default;Default;Default;Default;Default;3;Default;1;Default;Default;Default;Default;Default;Default;Default;3;"ShortRun(IterationCount=3, LaunchCount=1, WarmupCount=3)";;1;Overhead;Actual;7;290138400;268435456;1.08;0;0;0;0
EngineBenchmarks.'MovementEngine.Update (no movement)';;EngineBenchmarks;'MovementEngine.Update (no movement)';ShortRun;Default;Default;Default;Default;Default;Default;Default;Default;Default;Default;Default;Default;Default;Default;Default;Default;Default;Default;Default;Default;Default;Default;Default;Default;Default;Default;Default;Default;Default;Default;Default;3;Default;1;Default;Default;Default;Default;Default;Default;Default;3;"ShortRun(IterationCount=3, LaunchCount=1, WarmupCount=3)";;1;Overhead;Actual;8;287081600;268435456;1.07;0;0;0;0
EngineBenchmarks.'MovementEngine.Update (no movement)';;EngineBenchmarks;'MovementEngine.Update (no movement)';ShortRun;Default;Default;Default;Default;Default;Default;Default;Default;Default;Default;Default;Default;Default;Default;Default;Default;Default;Default;Default;Default;Default;Default;Default;Default;Default;Default;Default;Default;Default;Default;Default;3;Default;1;Default;Default;Default;Default;Default;Default;Default;3;"ShortRun(IterationCount=3, LaunchCount=1, WarmupCount=3)";;1;Overhead;Actual;9;289573400;268435456;1.08;0;0;0;0
EngineBenchmarks.'MovementEngine.Update (no movement)';;EngineBenchmarks;'MovementEngine.Update (no movement)';ShortRun;Default;Default;Default;Default;Default;Default;Default;Default;Default;Default;Default;Default;Default;Default;Default;Default;Default;Default;Default;Default;Default;Default;Default;Default;Default;Default;Default;Default;Default;Default;Default;3;Default;1;Default;Default;Default;Default;Default;Default;Default;3;"ShortRun(IterationCount=3, LaunchCount=1, WarmupCount=3)";;1;Overhead;Actual;10;286858900;268435456;1.07;0;0;0;0
EngineBenchmarks.'MovementEngine.Update (no movement)';;EngineBenchmarks;'MovementEngine.Update (no movement)';ShortRun;Default;Default;Default;Default;Default;Default;Default;Default;Default;Default;Default;Default;Default;Default;Default;Default;Default;Default;Default;Default;Default;Default;Default;Default;Default;Default;Default;Default;Default;Default;Default;3;Default;1;Default;Default;Default;Default;Default;Default;Default;3;"ShortRun(IterationCount=3, LaunchCount=1, WarmupCount=3)";;1;Overhead;Actual;11;290133900;268435456;1.08;0;0;0;0
EngineBenchmarks.'MovementEngine.Update (no movement)';;EngineBenchmarks;'MovementEngine.Update (no movement)';ShortRun;Default;Default;Default;Default;Default;Default;Default;Default;Default;Default;Default;Default;Default;Default;Default;Default;Default;Default;Default;Default;Default;Default;Default;Default;Default;Default;Default;Default;Default;Default;Default;3;Default;1;Default;Default;Default;Default;Default;Default;Default;3;"ShortRun(IterationCount=3, LaunchCount=1, WarmupCount=3)";;1;Overhead;Actual;12;289333800;268435456;1.08;0;0;0;0
EngineBenchmarks.'MovementEngine.Update (no movement)';;EngineBenchmarks;'MovementEngine.Update (no movement)';ShortRun;Default;Default;Default;Default;Default;Default;Default;Default;Default;Default;Default;Default;Default;Default;Default;Default;Default;Default;Default;Default;Default;Default;Default;Default;Default;Default;Default;Default;Default;Default;Default;3;Default;1;Default;Default;Default;Default;Default;Default;Default;3;"ShortRun(IterationCount=3, LaunchCount=1, WarmupCount=3)";;1;Overhead;Actual;13;289709000;268435456;1.08;0;0;0;0
EngineBenchmarks.'MovementEngine.Update (no movement)';;EngineBenchmarks;'MovementEngine.Update (no movement)';ShortRun;Default;Default;Default;Default;Default;Default;Default;Default;Default;Default;Default;Default;Default;Default;Default;Default;Default;Default;Default;Default;Default;Default;Default;Default;Default;Default;Default;Default;Default;Default;Default;3;Default;1;Default;Default;Default;Default;Default;Default;Default;3;"ShortRun(IterationCount=3, LaunchCount=1, WarmupCount=3)";;1;Overhead;Actual;14;287612000;268435456;1.07;0;0;0;0
EngineBenchmarks.'MovementEngine.Update (no movement)';;EngineBenchmarks;'MovementEngine.Update (no movement)';ShortRun;Default;Default;Default;Default;Default;Default;Default;Default;Default;Default;Default;Default;Default;Default;Default;Default;Default;Default;Default;Default;Default;Default;Default;Default;Default;Default;Default;Default;Default;Default;Default;3;Default;1;Default;Default;Default;Default;Default;Default;Default;3;"ShortRun(IterationCount=3, LaunchCount=1, WarmupCount=3)";;1;Overhead;Actual;15;291253100;268435456;1.09;0;0;0;0
EngineBenchmarks.'MovementEngine.Update (no movement)';;EngineBenchmarks;'MovementEngine.Update (no movement)';ShortRun;Default;Default;Default;Default;Default;Default;Default;Default;Default;Default;Default;Default;Default;Default;Default;Default;Default;Default;Default;Default;Default;Default;Default;Default;Default;Default;Default;Default;Default;Default;Default;3;Default;1;Default;Default;Default;Default;Default;Default;Default;3;"ShortRun(IterationCount=3, LaunchCount=1, WarmupCount=3)";;1;Workload;Warmup;1;632133400;268435456;2.35;0;0;0;0
EngineBenchmarks.'MovementEngine.Update (no movement)';;EngineBenchmarks;'MovementEngine.Update (no movement)';ShortRun;Default;Default;Default;Default;Default;Default;Default;Default;Default;Default;Default;Default;Default;Default;Default;Default;Default;Default;Default;Default;Default;Default;Default;Default;Default;Default;Default;Default;Default;Default;Default;3;Default;1;Default;Default;Default;Default;Default;Default;Default;3;"ShortRun(IterationCount=3, LaunchCount=1, WarmupCount=3)";;1;Workload;Warmup;2;633207700;268435456;2.36;0;0;0;0
EngineBenchmarks.'MovementEngine.Update (no movement)';;EngineBenchmarks;'MovementEngine.Update (no movement)';ShortRun;Default;Default;Default;Default;Default;Default;Default;Default;Default;Default;Default;Default;Default;Default;Default;Default;Default;Default;Default;Default;Default;Default;Default;Default;Default;Default;Default;Default;Default;Default;Default;3;Default;1;Default;Default;Default;Default;Default;Default;Default;3;"ShortRun(IterationCount=3, LaunchCount=1, WarmupCount=3)";;1;Workload;Warmup;3;634576500;268435456;2.36;0;0;0;0
EngineBenchmarks.'MovementEngine.Update (no movement)';;EngineBenchmarks;'MovementEngine.Update (no movement)';ShortRun;Default;Default;Default;Default;Default;Default;Default;Default;Default;Default;Default;Default;Default;Default;Default;Default;Default;Default;Default;Default;Default;Default;Default;Default;Default;Default;Default;Default;Default;Default;Default;3;Default;1;Default;Default;Default;Default;Default;Default;Default;3;"ShortRun(IterationCount=3, LaunchCount=1, WarmupCount=3)";;1;Workload;Actual;1;636506600;268435456;2.37;0;0;0;0
EngineBenchmarks.'MovementEngine.Update (no movement)';;EngineBenchmarks;'MovementEngine.Update (no movement)';ShortRun;Default;Default;Default;Default;Default;Default;Default;Default;Default;Default;Default;Default;Default;Default;Default;Default;Default;Default;Default;Default;Default;Default;Default;Default;Default;Default;Default;Default;Default;Default;Default;3;Default;1;Default;Default;Default;Default;Default;Default;Default;3;"ShortRun(IterationCount=3, LaunchCount=1, WarmupCount=3)";;1;Workload;Actual;2;630894200;268435456;2.35;0;0;0;0
EngineBenchmarks.'MovementEngine.Update (no movement)';;EngineBenchmarks;'MovementEngine.Update (no movement)';ShortRun;Default;Default;Default;Default;Default;Default;Default;Default;Default;Default;Default;Default;Default;Default;Default;Default;Default;Default;Default;Default;Default;Default;Default;Default;Default;Default;Default;Default;Default;Default;Default;3;Default;1;Default;Default;Default;Default;Default;Default;Default;3;"ShortRun(IterationCount=3, LaunchCount=1, WarmupCount=3)";;1;Workload;Actual;3;633840800;268435456;2.36;0;0;0;0
EngineBenchmarks.'MovementEngine.Update (no movement)';;EngineBenchmarks;'MovementEngine.Update (no movement)';ShortRun;Default;Default;Default;Default;Default;Default;Default;Default;Default;Default;Default;Default;Default;Default;Default;Default;Default;Default;Default;Default;Default;Default;Default;Default;Default;Default;Default;Default;Default;Default;Default;3;Default;1;Default;Default;Default;Default;Default;Default;Default;3;"ShortRun(IterationCount=3, LaunchCount=1, WarmupCount=3)";;1;Workload;Result;1;347221300;268435456;1.29;0;0;0;0
EngineBenchmarks.'MovementEngine.Update (no movement)';;EngineBenchmarks;'MovementEngine.Update (no movement)';ShortRun;Default;Default;Default;Default;Default;Default;Default;Default;Default;Default;Default;Default;Default;Default;Default;Default;Default;Default;Default;Default;Default;Default;Default;Default;Default;Default;Default;Default;Default;Default;Default;3;Default;1;Default;Default;Default;Default;Default;Default;Default;3;"ShortRun(IterationCount=3, LaunchCount=1, WarmupCount=3)";;1;Workload;Result;2;341608900;268435456;1.27;0;0;0;0
EngineBenchmarks.'MovementEngine.Update (no movement)';;EngineBenchmarks;'MovementEngine.Update (no movement)';ShortRun;Default;Default;Default;Default;Default;Default;Default;Default;Default;Default;Default;Default;Default;Default;Default;Default;Default;Default;Default;Default;Default;Default;Default;Default;Default;Default;Default;Default;Default;Default;Default;3;Default;1;Default;Default;Default;Default;Default;Default;Default;3;"ShortRun(IterationCount=3, LaunchCount=1, WarmupCount=3)";;1;Workload;Result;3;344555500;268435456;1.28;0;0;0;0
EngineBenchmarks.'Messenger.Publish (empty message)';;EngineBenchmarks;'Messenger.Publish (empty message)';ShortRun;Default;Default;Default;Default;Default;Default;Default;Default;Default;Default;Default;Default;Default;Default;Default;Default;Default;Default;Default;Default;Default;Default;Default;Default;Default;Default;Default;Default;Default;Default;Default;3;Default;1;Default;Default;Default;Default;Default;Default;Default;3;"ShortRun(IterationCount=3, LaunchCount=1, WarmupCount=3)";;1;Overhead;Jitting;1;120100;1;120100;96;0;0;24
EngineBenchmarks.'Messenger.Publish (empty message)';;EngineBenchmarks;'Messenger.Publish (empty message)';ShortRun;Default;Default;Default;Default;Default;Default;Default;Default;Default;Default;Default;Default;Default;Default;Default;Default;Default;Default;Default;Default;Default;Default;Default;Default;Default;Default;Default;Default;Default;Default;Default;3;Default;1;Default;Default;Default;Default;Default;Default;Default;3;"ShortRun(IterationCount=3, LaunchCount=1, WarmupCount=3)";;1;Workload;Jitting;1;589600;1;589600;96;0;0;24
EngineBenchmarks.'Messenger.Publish (empty message)';;EngineBenchmarks;'Messenger.Publish (empty message)';ShortRun;Default;Default;Default;Default;Default;Default;Default;Default;Default;Default;Default;Default;Default;Default;Default;Default;Default;Default;Default;Default;Default;Default;Default;Default;Default;Default;Default;Default;Default;Default;Default;3;Default;1;Default;Default;Default;Default;Default;Default;Default;3;"ShortRun(IterationCount=3, LaunchCount=1, WarmupCount=3)";;1;Overhead;Jitting;2;109600;16;6850;96;0;0;24
EngineBenchmarks.'Messenger.Publish (empty message)';;EngineBenchmarks;'Messenger.Publish (empty message)';ShortRun;Default;Default;Default;Default;Default;Default;Default;Default;Default;Default;Default;Default;Default;Default;Default;Default;Default;Default;Default;Default;Default;Default;Default;Default;Default;Default;Default;Default;Default;Default;Default;3;Default;1;Default;Default;Default;Default;Default;Default;Default;3;"ShortRun(IterationCount=3, LaunchCount=1, WarmupCount=3)";;1;Workload;Jitting;2;293500;16;18343.75;96;0;0;24
EngineBenchmarks.'Messenger.Publish (empty message)';;EngineBenchmarks;'Messenger.Publish (empty message)';ShortRun;Default;Default;Default;Default;Default;Default;Default;Default;Default;Default;Default;Default;Default;Default;Default;Default;Default;Default;Default;Default;Default;Default;Default;Default;Default;Default;Default;Default;Default;Default;Default;3;Default;1;Default;Default;Default;Default;Default;Default;Default;3;"ShortRun(IterationCount=3, LaunchCount=1, WarmupCount=3)";;1;Workload;Pilot;1;4000;16;250;96;0;0;24
EngineBenchmarks.'Messenger.Publish (empty message)';;EngineBenchmarks;'Messenger.Publish (empty message)';ShortRun;Default;Default;Default;Default;Default;Default;Default;Default;Default;Default;Default;Default;Default;Default;Default;Default;Default;Default;Default;Default;Default;Default;Default;Default;Default;Default;Default;Default;Default;Default;Default;3;Default;1;Default;Default;Default;Default;Default;Default;Default;3;"ShortRun(IterationCount=3, LaunchCount=1, WarmupCount=3)";;1;Workload;Pilot;2;6500;32;203.13;96;0;0;24
EngineBenchmarks.'Messenger.Publish (empty message)';;EngineBenchmarks;'Messenger.Publish (empty message)';ShortRun;Default;Default;Default;Default;Default;Default;Default;Default;Default;Default;Default;Default;Default;Default;Default;Default;Default;Default;Default;Default;Default;Default;Default;Default;Default;Default;Default;Default;Default;Default;Default;3;Default;1;Default;Default;Default;Default;Default;Default;Default;3;"ShortRun(IterationCount=3, LaunchCount=1, WarmupCount=3)";;1;Workload;Pilot;3;30000;64;468.75;96;0;0;24
EngineBenchmarks.'Messenger.Publish (empty message)';;EngineBenchmarks;'Messenger.Publish (empty message)';ShortRun;Default;Default;Default;Default;Default;Default;Default;Default;Default;Default;Default;Default;Default;Default;Default;Default;Default;Default;Default;Default;Default;Default;Default;Default;Default;Default;Default;Default;Default;Default;Default;3;Default;1;Default;Default;Default;Default;Default;Default;Default;3;"ShortRun(IterationCount=3, LaunchCount=1, WarmupCount=3)";;1;Workload;Pilot;4;22100;128;172.66;96;0;0;24
EngineBenchmarks.'Messenger.Publish (empty message)';;EngineBenchmarks;'Messenger.Publish (empty message)';ShortRun;Default;Default;Default;Default;Default;Default;Default;Default;Default;Default;Default;Default;Default;Default;Default;Default;Default;Default;Default;Default;Default;Default;Default;Default;Default;Default;Default;Default;Default;Default;Default;3;Default;1;Default;Default;Default;Default;Default;Default;Default;3;"ShortRun(IterationCount=3, LaunchCount=1, WarmupCount=3)";;1;Workload;Pilot;5;46400;256;181.25;96;0;0;24
EngineBenchmarks.'Messenger.Publish (empty message)';;EngineBenchmarks;'Messenger.Publish (empty message)';ShortRun;Default;Default;Default;Default;Default;Default;Default;Default;Default;Default;Default;Default;Default;Default;Default;Default;Default;Default;Default;Default;Default;Default;Default;Default;Default;Default;Default;Default;Default;Default;Default;3;Default;1;Default;Default;Default;Default;Default;Default;Default;3;"ShortRun(IterationCount=3, LaunchCount=1, WarmupCount=3)";;1;Workload;Pilot;6;96900;512;189.26;96;0;0;24
EngineBenchmarks.'Messenger.Publish (empty message)';;EngineBenchmarks;'Messenger.Publish (empty message)';ShortRun;Default;Default;Default;Default;Default;Default;Default;Default;Default;Default;Default;Default;Default;Default;Default;Default;Default;Default;Default;Default;Default;Default;Default;Default;Default;Default;Default;Default;Default;Default;Default;3;Default;1;Default;Default;Default;Default;Default;Default;Default;3;"ShortRun(IterationCount=3, LaunchCount=1, WarmupCount=3)";;1;Workload;Pilot;7;220200;1024;215.04;96;0;0;24
EngineBenchmarks.'Messenger.Publish (empty message)';;EngineBenchmarks;'Messenger.Publish (empty message)';ShortRun;Default;Default;Default;Default;Default;Default;Default;Default;Default;Default;Default;Default;Default;Default;Default;Default;Default;Default;Default;Default;Default;Default;Default;Default;Default;Default;Default;Default;Default;Default;Default;3;Default;1;Default;Default;Default;Default;Default;Default;Default;3;"ShortRun(IterationCount=3, LaunchCount=1, WarmupCount=3)";;1;Workload;Pilot;8;406200;2048;198.34;96;0;0;24
EngineBenchmarks.'Messenger.Publish (empty message)';;EngineBenchmarks;'Messenger.Publish (empty message)';ShortRun;Default;Default;Default;Default;Default;Default;Default;Default;Default;Default;Default;Default;Default;Default;Default;Default;Default;Default;Default;Default;Default;Default;Default;Default;Default;Default;Default;Default;Default;Default;Default;3;Default;1;Default;Default;Default;Default;Default;Default;Default;3;"ShortRun(IterationCount=3, LaunchCount=1, WarmupCount=3)";;1;Workload;Pilot;9;770200;4096;188.04;96;0;0;24
EngineBenchmarks.'Messenger.Publish (empty message)';;EngineBenchmarks;'Messenger.Publish (empty message)';ShortRun;Default;Default;Default;Default;Default;Default;Default;Default;Default;Default;Default;Default;Default;Default;Default;Default;Default;Default;Default;Default;Default;Default;Default;Default;Default;Default;Default;Default;Default;Default;Default;3;Default;1;Default;Default;Default;Default;Default;Default;Default;3;"ShortRun(IterationCount=3, LaunchCount=1, WarmupCount=3)";;1;Workload;Pilot;10;1555500;8192;189.88;96;0;0;24
EngineBenchmarks.'Messenger.Publish (empty message)';;EngineBenchmarks;'Messenger.Publish (empty message)';ShortRun;Default;Default;Default;Default;Default;Default;Default;Default;Default;Default;Default;Default;Default;Default;Default;Default;Default;Default;Default;Default;Default;Default;Default;Default;Default;Default;Default;Default;Default;Default;Default;3;Default;1;Default;Default;Default;Default;Default;Default;Default;3;"ShortRun(IterationCount=3, LaunchCount=1, WarmupCount=3)";;1;Workload;Pilot;11;3709800;16384;226.43;96;0;0;24
EngineBenchmarks.'Messenger.Publish (empty message)';;EngineBenchmarks;'Messenger.Publish (empty message)';ShortRun;Default;Default;Default;Default;Default;Default;Default;Default;Default;Default;Default;Default;Default;Default;Default;Default;Default;Default;Default;Default;Default;Default;Default;Default;Default;Default;Default;Default;Default;Default;Default;3;Default;1;Default;Default;Default;Default;Default;Default;Default;3;"ShortRun(IterationCount=3, LaunchCount=1, WarmupCount=3)";;1;Workload;Pilot;12;6197100;32768;189.12;96;0;0;24
EngineBenchmarks.'Messenger.Publish (empty message)';;EngineBenchmarks;'Messenger.Publish (empty message)';ShortRun;Default;Default;Default;Default;Default;Default;Default;Default;Default;Default;Default;Default;Default;Default;Default;Default;Default;Default;Default;Default;Default;Default;Default;Default;Default;Default;Default;Default;Default;Default;Default;3;Default;1;Default;Default;Default;Default;Default;Default;Default;3;"ShortRun(IterationCount=3, LaunchCount=1, WarmupCount=3)";;1;Workload;Pilot;13;12172000;65536;185.73;96;0;0;24
EngineBenchmarks.'Messenger.Publish (empty message)';;EngineBenchmarks;'Messenger.Publish (empty message)';ShortRun;Default;Default;Default;Default;Default;Default;Default;Default;Default;Default;Default;Default;Default;Default;Default;Default;Default;Default;Default;Default;Default;Default;Default;Default;Default;Default;Default;Default;Default;Default;Default;3;Default;1;Default;Default;Default;Default;Default;Default;Default;3;"ShortRun(IterationCount=3, LaunchCount=1, WarmupCount=3)";;1;Workload;Pilot;14;23804400;131072;181.61;96;0;0;24
EngineBenchmarks.'Messenger.Publish (empty message)';;EngineBenchmarks;'Messenger.Publish (empty message)';ShortRun;Default;Default;Default;Default;Default;Default;Default;Default;Default;Default;Default;Default;Default;Default;Default;Default;Default;Default;Default;Default;Default;Default;Default;Default;Default;Default;Default;Default;Default;Default;Default;3;Default;1;Default;Default;Default;Default;Default;Default;Default;3;"ShortRun(IterationCount=3, LaunchCount=1, WarmupCount=3)";;1;Workload;Pilot;15;47257800;262144;180.27;96;0;0;24
EngineBenchmarks.'Messenger.Publish (empty message)';;EngineBenchmarks;'Messenger.Publish (empty message)';ShortRun;Default;Default;Default;Default;Default;Default;Default;Default;Default;Default;Default;Default;Default;Default;Default;Default;Default;Default;Default;Default;Default;Default;Default;Default;Default;Default;Default;Default;Default;Default;Default;3;Default;1;Default;Default;Default;Default;Default;Default;Default;3;"ShortRun(IterationCount=3, LaunchCount=1, WarmupCount=3)";;1;Workload;Pilot;16;91855500;524288;175.2;96;0;0;24
EngineBenchmarks.'Messenger.Publish (empty message)';;EngineBenchmarks;'Messenger.Publish (empty message)';ShortRun;Default;Default;Default;Default;Default;Default;Default;Default;Default;Default;Default;Default;Default;Default;Default;Default;Default;Default;Default;Default;Default;Default;Default;Default;Default;Default;Default;Default;Default;Default;Default;3;Default;1;Default;Default;Default;Default;Default;Default;Default;3;"ShortRun(IterationCount=3, LaunchCount=1, WarmupCount=3)";;1;Workload;Pilot;17;51196700;1048576;48.82;96;0;0;24
EngineBenchmarks.'Messenger.Publish (empty message)';;EngineBenchmarks;'Messenger.Publish (empty message)';ShortRun;Default;Default;Default;Default;Default;Default;Default;Default;Default;Default;Default;Default;Default;Default;Default;Default;Default;Default;Default;Default;Default;Default;Default;Default;Default;Default;Default;Default;Default;Default;Default;3;Default;1;Default;Default;Default;Default;Default;Default;Default;3;"ShortRun(IterationCount=3, LaunchCount=1, WarmupCount=3)";;1;Workload;Pilot;18;56389600;2097152;26.89;96;0;0;24
EngineBenchmarks.'Messenger.Publish (empty message)';;EngineBenchmarks;'Messenger.Publish (empty message)';ShortRun;Default;Default;Default;Default;Default;Default;Default;Default;Default;Default;Default;Default;Default;Default;Default;Default;Default;Default;Default;Default;Default;Default;Default;Default;Default;Default;Default;Default;Default;Default;Default;3;Default;1;Default;Default;Default;Default;Default;Default;Default;3;"ShortRun(IterationCount=3, LaunchCount=1, WarmupCount=3)";;1;Workload;Pilot;19;109183100;4194304;26.03;96;0;0;24
EngineBenchmarks.'Messenger.Publish (empty message)';;EngineBenchmarks;'Messenger.Publish (empty message)';ShortRun;Default;Default;Default;Default;Default;Default;Default;Default;Default;Default;Default;Default;Default;Default;Default;Default;Default;Default;Default;Default;Default;Default;Default;Default;Default;Default;Default;Default;Default;Default;Default;3;Default;1;Default;Default;Default;Default;Default;Default;Default;3;"ShortRun(IterationCount=3, LaunchCount=1, WarmupCount=3)";;1;Workload;Pilot;20;217707100;8388608;25.95;96;0;0;24
EngineBenchmarks.'Messenger.Publish (empty message)';;EngineBenchmarks;'Messenger.Publish (empty message)';ShortRun;Default;Default;Default;Default;Default;Default;Default;Default;Default;Default;Default;Default;Default;Default;Default;Default;Default;Default;Default;Default;Default;Default;Default;Default;Default;Default;Default;Default;Default;Default;Default;3;Default;1;Default;Default;Default;Default;Default;Default;Default;3;"ShortRun(IterationCount=3, LaunchCount=1, WarmupCount=3)";;1;Workload;Pilot;21;429489200;16777216;25.6;96;0;0;24
EngineBenchmarks.'Messenger.Publish (empty message)';;EngineBenchmarks;'Messenger.Publish (empty message)';ShortRun;Default;Default;Default;Default;Default;Default;Default;Default;Default;Default;Default;Default;Default;Default;Default;Default;Default;Default;Default;Default;Default;Default;Default;Default;Default;Default;Default;Default;Default;Default;Default;3;Default;1;Default;Default;Default;Default;Default;Default;Default;3;"ShortRun(IterationCount=3, LaunchCount=1, WarmupCount=3)";;1;Workload;Pilot;22;896429800;33554432;26.72;96;0;0;24
EngineBenchmarks.'Messenger.Publish (empty message)';;EngineBenchmarks;'Messenger.Publish (empty message)';ShortRun;Default;Default;Default;Default;Default;Default;Default;Default;Default;Default;Default;Default;Default;Default;Default;Default;Default;Default;Default;Default;Default;Default;Default;Default;Default;Default;Default;Default;Default;Default;Default;3;Default;1;Default;Default;Default;Default;Default;Default;Default;3;"ShortRun(IterationCount=3, LaunchCount=1, WarmupCount=3)";;1;Overhead;Warmup;1;49451800;33554432;1.47;96;0;0;24
EngineBenchmarks.'Messenger.Publish (empty message)';;EngineBenchmarks;'Messenger.Publish (empty message)';ShortRun;Default;Default;Default;Default;Default;Default;Default;Default;Default;Default;Default;Default;Default;Default;Default;Default;Default;Default;Default;Default;Default;Default;Default;Default;Default;Default;Default;Default;Default;Default;Default;3;Default;1;Default;Default;Default;Default;Default;Default;Default;3;"ShortRun(IterationCount=3, LaunchCount=1, WarmupCount=3)";;1;Overhead;Warmup;2;49706800;33554432;1.48;96;0;0;24
EngineBenchmarks.'Messenger.Publish (empty message)';;EngineBenchmarks;'Messenger.Publish (empty message)';ShortRun;Default;Default;Default;Default;Default;Default;Default;Default;Default;Default;Default;Default;Default;Default;Default;Default;Default;Default;Default;Default;Default;Default;Default;Default;Default;Default;Default;Default;Default;Default;Default;3;Default;1;Default;Default;Default;Default;Default;Default;Default;3;"ShortRun(IterationCount=3, LaunchCount=1, WarmupCount=3)";;1;Overhead;Warmup;3;49917500;33554432;1.49;96;0;0;24
EngineBenchmarks.'Messenger.Publish (empty message)';;EngineBenchmarks;'Messenger.Publish (empty message)';ShortRun;Default;Default;Default;Default;Default;Default;Default;Default;Default;Default;Default;Default;Default;Default;Default;Default;Default;Default;Default;Default;Default;Default;Default;Default;Default;Default;Default;Default;Default;Default;Default;3;Default;1;Default;Default;Default;Default;Default;Default;Default;3;"ShortRun(IterationCount=3, LaunchCount=1, WarmupCount=3)";;1;Overhead;Warmup;4;51019600;33554432;1.52;96;0;0;24
EngineBenchmarks.'Messenger.Publish (empty message)';;EngineBenchmarks;'Messenger.Publish (empty message)';ShortRun;Default;Default;Default;Default;Default;Default;Default;Default;Default;Default;Default;Default;Default;Default;Default;Default;Default;Default;Default;Default;Default;Default;Default;Default;Default;Default;Default;Default;Default;Default;Default;3;Default;1;Default;Default;Default;Default;Default;Default;Default;3;"ShortRun(IterationCount=3, LaunchCount=1, WarmupCount=3)";;1;Overhead;Warmup;5;52275700;33554432;1.56;96;0;0;24
EngineBenchmarks.'Messenger.Publish (empty message)';;EngineBenchmarks;'Messenger.Publish (empty message)';ShortRun;Default;Default;Default;Default;Default;Default;Default;Default;Default;Default;Default;Default;Default;Default;Default;Default;Default;Default;Default;Default;Default;Default;Default;Default;Default;Default;Default;Default;Default;Default;Default;3;Default;1;Default;Default;Default;Default;Default;Default;Default;3;"ShortRun(IterationCount=3, LaunchCount=1, WarmupCount=3)";;1;Overhead;Warmup;6;50600100;33554432;1.51;96;0;0;24
EngineBenchmarks.'Messenger.Publish (empty message)';;EngineBenchmarks;'Messenger.Publish (empty message)';ShortRun;Default;Default;Default;Default;Default;Default;Default;Default;Default;Default;Default;Default;Default;Default;Default;Default;Default;Default;Default;Default;Default;Default;Default;Default;Default;Default;Default;Default;Default;Default;Default;3;Default;1;Default;Default;Default;Default;Default;Default;Default;3;"ShortRun(IterationCount=3, LaunchCount=1, WarmupCount=3)";;1;Overhead;Warmup;7;58282500;33554432;1.74;96;0;0;24
EngineBenchmarks.'Messenger.Publish (empty message)';;EngineBenchmarks;'Messenger.Publish (empty message)';ShortRun;Default;Default;Default;Default;Default;Default;Default;Default;Default;Default;Default;Default;Default;Default;Default;Default;Default;Default;Default;Default;Default;Default;Default;Default;Default;Default;Default;Default;Default;Default;Default;3;Default;1;Default;Default;Default;Default;Default;Default;Default;3;"ShortRun(IterationCount=3, LaunchCount=1, WarmupCount=3)";;1;Overhead;Warmup;8;36305600;33554432;1.08;96;0;0;24
EngineBenchmarks.'Messenger.Publish (empty message)';;EngineBenchmarks;'Messenger.Publish (empty message)';ShortRun;Default;Default;Default;Default;Default;Default;Default;Default;Default;Default;Default;Default;Default;Default;Default;Default;Default;Default;Default;Default;Default;Default;Default;Default;Default;Default;Default;Default;Default;Default;Default;3;Default;1;Default;Default;Default;Default;Default;Default;Default;3;"ShortRun(IterationCount=3, LaunchCount=1, WarmupCount=3)";;1;Overhead;Actual;1;35952800;33554432;1.07;96;0;0;24
EngineBenchmarks.'Messenger.Publish (empty message)';;EngineBenchmarks;'Messenger.Publish (empty message)';ShortRun;Default;Default;Default;Default;Default;Default;Default;Default;Default;Default;Default;Default;Default;Default;Default;Default;Default;Default;Default;Default;Default;Default;Default;Default;Default;Default;Default;Default;Default;Default;Default;3;Default;1;Default;Default;Default;Default;Default;Default;Default;3;"ShortRun(IterationCount=3, LaunchCount=1, WarmupCount=3)";;1;Overhead;Actual;2;35743300;33554432;1.07;96;0;0;24
EngineBenchmarks.'Messenger.Publish (empty message)';;EngineBenchmarks;'Messenger.Publish (empty message)';ShortRun;Default;Default;Default;Default;Default;Default;Default;Default;Default;Default;Default;Default;Default;Default;Default;Default;Default;Default;Default;Default;Default;Default;Default;Default;Default;Default;Default;Default;Default;Default;Default;3;Default;1;Default;Default;Default;Default;Default;Default;Default;3;"ShortRun(IterationCount=3, LaunchCount=1, WarmupCount=3)";;1;Overhead;Actual;3;36650600;33554432;1.09;96;0;0;24
EngineBenchmarks.'Messenger.Publish (empty message)';;EngineBenchmarks;'Messenger.Publish (empty message)';ShortRun;Default;Default;Default;Default;Default;Default;Default;Default;Default;Default;Default;Default;Default;Default;Default;Default;Default;Default;Default;Default;Default;Default;Default;Default;Default;Default;Default;Default;Default;Default;Default;3;Default;1;Default;Default;Default;Default;Default;Default;Default;3;"ShortRun(IterationCount=3, LaunchCount=1, WarmupCount=3)";;1;Overhead;Actual;4;35724500;33554432;1.06;96;0;0;24
EngineBenchmarks.'Messenger.Publish (empty message)';;EngineBenchmarks;'Messenger.Publish (empty message)';ShortRun;Default;Default;Default;Default;Default;Default;Default;Default;Default;Default;Default;Default;Default;Default;Default;Default;Default;Default;Default;Default;Default;Default;Default;Default;Default;Default;Default;Default;Default;Default;Default;3;Default;1;Default;Default;Default;Default;Default;Default;Default;3;"ShortRun(IterationCount=3, LaunchCount=1, WarmupCount=3)";;1;Overhead;Actual;5;36170700;33554432;1.08;96;0;0;24
EngineBenchmarks.'Messenger.Publish (empty message)';;EngineBenchmarks;'Messenger.Publish (empty message)';ShortRun;Default;Default;Default;Default;Default;Default;Default;Default;Default;Default;Default;Default;Default;Default;Default;Default;Default;Default;Default;Default;Default;Default;Default;Default;Default;Default;Default;Default;Default;Default;Default;3;Default;1;Default;Default;Default;Default;Default;Default;Default;3;"ShortRun(IterationCount=3, LaunchCount=1, WarmupCount=3)";;1;Overhead;Actual;6;36180400;33554432;1.08;96;0;0;24
EngineBenchmarks.'Messenger.Publish (empty message)';;EngineBenchmarks;'Messenger.Publish (empty message)';ShortRun;Default;Default;Default;Default;Default;Default;Default;Default;Default;Default;Default;Default;Default;Default;Default;Default;Default;Default;Default;Default;Default;Default;Default;Default;Default;Default;Default;Default;Default;Default;Default;3;Default;1;Default;Default;Default;Default;Default;Default;Default;3;"ShortRun(IterationCount=3, LaunchCount=1, WarmupCount=3)";;1;Overhead;Actual;7;36091900;33554432;1.08;96;0;0;24
EngineBenchmarks.'Messenger.Publish (empty message)';;EngineBenchmarks;'Messenger.Publish (empty message)';ShortRun;Default;Default;Default;Default;Default;Default;Default;Default;Default;Default;Default;Default;Default;Default;Default;Default;Default;Default;Default;Default;Default;Default;Default;Default;Default;Default;Default;Default;Default;Default;Default;3;Default;1;Default;Default;Default;Default;Default;Default;Default;3;"ShortRun(IterationCount=3, LaunchCount=1, WarmupCount=3)";;1;Overhead;Actual;8;36176000;33554432;1.08;96;0;0;24
EngineBenchmarks.'Messenger.Publish (empty message)';;EngineBenchmarks;'Messenger.Publish (empty message)';ShortRun;Default;Default;Default;Default;Default;Default;Default;Default;Default;Default;Default;Default;Default;Default;Default;Default;Default;Default;Default;Default;Default;Default;Default;Default;Default;Default;Default;Default;Default;Default;Default;3;Default;1;Default;Default;Default;Default;Default;Default;Default;3;"ShortRun(IterationCount=3, LaunchCount=1, WarmupCount=3)";;1;Overhead;Actual;9;36957800;33554432;1.1;96;0;0;24
EngineBenchmarks.'Messenger.Publish (empty message)';;EngineBenchmarks;'Messenger.Publish (empty message)';ShortRun;Default;Default;Default;Default;Default;Default;Default;Default;Default;Default;Default;Default;Default;Default;Default;Default;Default;Default;Default;Default;Default;Default;Default;Default;Default;Default;Default;Default;Default;Default;Default;3;Default;1;Default;Default;Default;Default;Default;Default;Default;3;"ShortRun(IterationCount=3, LaunchCount=1, WarmupCount=3)";;1;Overhead;Actual;10;37890200;33554432;1.13;96;0;0;24
EngineBenchmarks.'Messenger.Publish (empty message)';;EngineBenchmarks;'Messenger.Publish (empty message)';ShortRun;Default;Default;Default;Default;Default;Default;Default;Default;Default;Default;Default;Default;Default;Default;Default;Default;Default;Default;Default;Default;Default;Default;Default;Default;Default;Default;Default;Default;Default;Default;Default;3;Default;1;Default;Default;Default;Default;Default;Default;Default;3;"ShortRun(IterationCount=3, LaunchCount=1, WarmupCount=3)";;1;Overhead;Actual;11;36545400;33554432;1.09;96;0;0;24
EngineBenchmarks.'Messenger.Publish (empty message)';;EngineBenchmarks;'Messenger.Publish (empty message)';ShortRun;Default;Default;Default;Default;Default;Default;Default;Default;Default;Default;Default;Default;Default;Default;Default;Default;Default;Default;Default;Default;Default;Default;Default;Default;Default;Default;Default;Default;Default;Default;Default;3;Default;1;Default;Default;Default;Default;Default;Default;Default;3;"ShortRun(IterationCount=3, LaunchCount=1, WarmupCount=3)";;1;Overhead;Actual;12;36042700;33554432;1.07;96;0;0;24
EngineBenchmarks.'Messenger.Publish (empty message)';;EngineBenchmarks;'Messenger.Publish (empty message)';ShortRun;Default;Default;Default;Default;Default;Default;Default;Default;Default;Default;Default;Default;Default;Default;Default;Default;Default;Default;Default;Default;Default;Default;Default;Default;Default;Default;Default;Default;Default;Default;Default;3;Default;1;Default;Default;Default;Default;Default;Default;Default;3;"ShortRun(IterationCount=3, LaunchCount=1, WarmupCount=3)";;1;Overhead;Actual;13;36157200;33554432;1.08;96;0;0;24
EngineBenchmarks.'Messenger.Publish (empty message)';;EngineBenchmarks;'Messenger.Publish (empty message)';ShortRun;Default;Default;Default;Default;Default;Default;Default;Default;Default;Default;Default;Default;Default;Default;Default;Default;Default;Default;Default;Default;Default;Default;Default;Default;Default;Default;Default;Default;Default;Default;Default;3;Default;1;Default;Default;Default;Default;Default;Default;Default;3;"ShortRun(IterationCount=3, LaunchCount=1, WarmupCount=3)";;1;Overhead;Actual;14;36394200;33554432;1.08;96;0;0;24
EngineBenchmarks.'Messenger.Publish (empty message)';;EngineBenchmarks;'Messenger.Publish (empty message)';ShortRun;Default;Default;Default;Default;Default;Default;Default;Default;Default;Default;Default;Default;Default;Default;Default;Default;Default;Default;Default;Default;Default;Default;Default;Default;Default;Default;Default;Default;Default;Default;Default;3;Default;1;Default;Default;Default;Default;Default;Default;Default;3;"ShortRun(IterationCount=3, LaunchCount=1, WarmupCount=3)";;1;Overhead;Actual;15;35745900;33554432;1.07;96;0;0;24
EngineBenchmarks.'Messenger.Publish (empty message)';;EngineBenchmarks;'Messenger.Publish (empty message)';ShortRun;Default;Default;Default;Default;Default;Default;Default;Default;Default;Default;Default;Default;Default;Default;Default;Default;Default;Default;Default;Default;Default;Default;Default;Default;Default;Default;Default;Default;Default;Default;Default;3;Default;1;Default;Default;Default;Default;Default;Default;Default;3;"ShortRun(IterationCount=3, LaunchCount=1, WarmupCount=3)";;1;Workload;Warmup;1;887591300;33554432;26.45;96;0;0;24
EngineBenchmarks.'Messenger.Publish (empty message)';;EngineBenchmarks;'Messenger.Publish (empty message)';ShortRun;Default;Default;Default;Default;Default;Default;Default;Default;Default;Default;Default;Default;Default;Default;Default;Default;Default;Default;Default;Default;Default;Default;Default;Default;Default;Default;Default;Default;Default;Default;Default;3;Default;1;Default;Default;Default;Default;Default;Default;Default;3;"ShortRun(IterationCount=3, LaunchCount=1, WarmupCount=3)";;1;Workload;Warmup;2;862069600;33554432;25.69;96;0;0;24
EngineBenchmarks.'Messenger.Publish (empty message)';;EngineBenchmarks;'Messenger.Publish (empty message)';ShortRun;Default;Default;Default;Default;Default;Default;Default;Default;Default;Default;Default;Default;Default;Default;Default;Default;Default;Default;Default;Default;Default;Default;Default;Default;Default;Default;Default;Default;Default;Default;Default;3;Default;1;Default;Default;Default;Default;Default;Default;Default;3;"ShortRun(IterationCount=3, LaunchCount=1, WarmupCount=3)";;1;Workload;Warmup;3;873578700;33554432;26.03;96;0;0;24
EngineBenchmarks.'Messenger.Publish (empty message)';;EngineBenchmarks;'Messenger.Publish (empty message)';ShortRun;Default;Default;Default;Default;Default;Default;Default;Default;Default;Default;Default;Default;Default;Default;Default;Default;Default;Default;Default;Default;Default;Default;Default;Default;Default;Default;Default;Default;Default;Default;Default;3;Default;1;Default;Default;Default;Default;Default;Default;Default;3;"ShortRun(IterationCount=3, LaunchCount=1, WarmupCount=3)";;1;Workload;Actual;1;862686500;33554432;25.71;96;0;0;24
EngineBenchmarks.'Messenger.Publish (empty message)';;EngineBenchmarks;'Messenger.Publish (empty message)';ShortRun;Default;Default;Default;Default;Default;Default;Default;Default;Default;Default;Default;Default;Default;Default;Default;Default;Default;Default;Default;Default;Default;Default;Default;Default;Default;Default;Default;Default;Default;Default;Default;3;Default;1;Default;Default;Default;Default;Default;Default;Default;3;"ShortRun(IterationCount=3, LaunchCount=1, WarmupCount=3)";;1;Workload;Actual;2;862798900;33554432;25.71;96;0;0;24
EngineBenchmarks.'Messenger.Publish (empty message)';;EngineBenchmarks;'Messenger.Publish (empty message)';ShortRun;Default;Default;Default;Default;Default;Default;Default;Default;Default;Default;Default;Default;Default;Default;Default;Default;Default;Default;Default;Default;Default;Default;Default;Default;Default;Default;Default;Default;Default;Default;Default;3;Default;1;Default;Default;Default;Default;Default;Default;Default;3;"ShortRun(IterationCount=3, LaunchCount=1, WarmupCount=3)";;1;Workload;Actual;3;860599400;33554432;25.65;96;0;0;24
EngineBenchmarks.'Messenger.Publish (empty message)';;EngineBenchmarks;'Messenger.Publish (empty message)';ShortRun;Default;Default;Default;Default;Default;Default;Default;Default;Default;Default;Default;Default;Default;Default;Default;Default;Default;Default;Default;Default;Default;Default;Default;Default;Default;Default;Default;Default;Default;Default;Default;3;Default;1;Default;Default;Default;Default;Default;Default;Default;3;"ShortRun(IterationCount=3, LaunchCount=1, WarmupCount=3)";;1;Workload;Result;1;826515800;33554432;24.63;96;0;0;24
EngineBenchmarks.'Messenger.Publish (empty message)';;EngineBenchmarks;'Messenger.Publish (empty message)';ShortRun;Default;Default;Default;Default;Default;Default;Default;Default;Default;Default;Default;Default;Default;Default;Default;Default;Default;Default;Default;Default;Default;Default;Default;Default;Default;Default;Default;Default;Default;Default;Default;3;Default;1;Default;Default;Default;Default;Default;Default;Default;3;"ShortRun(IterationCount=3, LaunchCount=1, WarmupCount=3)";;1;Workload;Result;2;826628200;33554432;24.64;96;0;0;24
EngineBenchmarks.'Messenger.Publish (empty message)';;EngineBenchmarks;'Messenger.Publish (empty message)';ShortRun;Default;Default;Default;Default;Default;Default;Default;Default;Default;Default;Default;Default;Default;Default;Default;Default;Default;Default;Default;Default;Default;Default;Default;Default;Default;Default;Default;Default;Default;Default;Default;3;Default;1;Default;Default;Default;Default;Default;Default;Default;3;"ShortRun(IterationCount=3, LaunchCount=1, WarmupCount=3)";;1;Workload;Result;3;824428700;33554432;24.57;96;0;0;24
EngineBenchmarks.'JitterService.Apply (low jitter)';;EngineBenchmarks;'JitterService.Apply (low jitter)';ShortRun;Default;Default;Default;Default;Default;Default;Default;Default;Default;Default;Default;Default;Default;Default;Default;Default;Default;Default;Default;Default;Default;Default;Default;Default;Default;Default;Default;Default;Default;Default;Default;3;Default;1;Default;Default;Default;Default;Default;Default;Default;3;"ShortRun(IterationCount=3, LaunchCount=1, WarmupCount=3)";;1;Overhead;Jitting;1;140200;1;140200;0;0;0;0
EngineBenchmarks.'JitterService.Apply (low jitter)';;EngineBenchmarks;'JitterService.Apply (low jitter)';ShortRun;Default;Default;Default;Default;Default;Default;Default;Default;Default;Default;Default;Default;Default;Default;Default;Default;Default;Default;Default;Default;Default;Default;Default;Default;Default;Default;Default;Default;Default;Default;Default;3;Default;1;Default;Default;Default;Default;Default;Default;Default;3;"ShortRun(IterationCount=3, LaunchCount=1, WarmupCount=3)";;1;Workload;Jitting;1;188300;1;188300;0;0;0;0
EngineBenchmarks.'JitterService.Apply (low jitter)';;EngineBenchmarks;'JitterService.Apply (low jitter)';ShortRun;Default;Default;Default;Default;Default;Default;Default;Default;Default;Default;Default;Default;Default;Default;Default;Default;Default;Default;Default;Default;Default;Default;Default;Default;Default;Default;Default;Default;Default;Default;Default;3;Default;1;Default;Default;Default;Default;Default;Default;Default;3;"ShortRun(IterationCount=3, LaunchCount=1, WarmupCount=3)";;1;Overhead;Jitting;2;216100;16;13506.25;0;0;0;0
EngineBenchmarks.'JitterService.Apply (low jitter)';;EngineBenchmarks;'JitterService.Apply (low jitter)';ShortRun;Default;Default;Default;Default;Default;Default;Default;Default;Default;Default;Default;Default;Default;Default;Default;Default;Default;Default;Default;Default;Default;Default;Default;Default;Default;Default;Default;Default;Default;Default;Default;3;Default;1;Default;Default;Default;Default;Default;Default;Default;3;"ShortRun(IterationCount=3, LaunchCount=1, WarmupCount=3)";;1;Workload;Jitting;2;330600;16;20662.5;0;0;0;0
EngineBenchmarks.'JitterService.Apply (low jitter)';;EngineBenchmarks;'JitterService.Apply (low jitter)';ShortRun;Default;Default;Default;Default;Default;Default;Default;Default;Default;Default;Default;Default;Default;Default;Default;Default;Default;Default;Default;Default;Default;Default;Default;Default;Default;Default;Default;Default;Default;Default;Default;3;Default;1;Default;Default;Default;Default;Default;Default;Default;3;"ShortRun(IterationCount=3, LaunchCount=1, WarmupCount=3)";;1;Workload;Pilot;1;800;16;50;0;0;0;0
EngineBenchmarks.'JitterService.Apply (low jitter)';;EngineBenchmarks;'JitterService.Apply (low jitter)';ShortRun;Default;Default;Default;Default;Default;Default;Default;Default;Default;Default;Default;Default;Default;Default;Default;Default;Default;Default;Default;Default;Default;Default;Default;Default;Default;Default;Default;Default;Default;Default;Default;3;Default;1;Default;Default;Default;Default;Default;Default;Default;3;"ShortRun(IterationCount=3, LaunchCount=1, WarmupCount=3)";;1;Workload;Pilot;2;800;32;25;0;0;0;0
EngineBenchmarks.'JitterService.Apply (low jitter)';;EngineBenchmarks;'JitterService.Apply (low jitter)';ShortRun;Default;Default;Default;Default;Default;Default;Default;Default;Default;Default;Default;Default;Default;Default;Default;Default;Default;Default;Default;Default;Default;Default;Default;Default;Default;Default;Default;Default;Default;Default;Default;3;Default;1;Default;Default;Default;Default;Default;Default;Default;3;"ShortRun(IterationCount=3, LaunchCount=1, WarmupCount=3)";;1;Workload;Pilot;3;3100;64;48.44;0;0;0;0
EngineBenchmarks.'JitterService.Apply (low jitter)';;EngineBenchmarks;'JitterService.Apply (low jitter)';ShortRun;Default;Default;Default;Default;Default;Default;Default;Default;Default;Default;Default;Default;Default;Default;Default;Default;Default;Default;Default;Default;Default;Default;Default;Default;Default;Default;Default;Default;Default;Default;Default;3;Default;1;Default;Default;Default;Default;Default;Default;Default;3;"ShortRun(IterationCount=3, LaunchCount=1, WarmupCount=3)";;1;Workload;Pilot;4;1600;128;12.5;0;0;0;0
EngineBenchmarks.'JitterService.Apply (low jitter)';;EngineBenchmarks;'JitterService.Apply (low jitter)';ShortRun;Default;Default;Default;Default;Default;Default;Default;Default;Default;Default;Default;Default;Default;Default;Default;Default;Default;Default;Default;Default;Default;Default;Default;Default;Default;Default;Default;Default;Default;Default;Default;3;Default;1;Default;Default;Default;Default;Default;Default;Default;3;"ShortRun(IterationCount=3, LaunchCount=1, WarmupCount=3)";;1;Workload;Pilot;5;2800;256;10.94;0;0;0;0
EngineBenchmarks.'JitterService.Apply (low jitter)';;EngineBenchmarks;'JitterService.Apply (low jitter)';ShortRun;Default;Default;Default;Default;Default;Default;Default;Default;Default;Default;Default;Default;Default;Default;Default;Default;Default;Default;Default;Default;Default;Default;Default;Default;Default;Default;Default;Default;Default;Default;Default;3;Default;1;Default;Default;Default;Default;Default;Default;Default;3;"ShortRun(IterationCount=3, LaunchCount=1, WarmupCount=3)";;1;Workload;Pilot;6;5200;512;10.16;0;0;0;0
EngineBenchmarks.'JitterService.Apply (low jitter)';;EngineBenchmarks;'JitterService.Apply (low jitter)';ShortRun;Default;Default;Default;Default;Default;Default;Default;Default;Default;Default;Default;Default;Default;Default;Default;Default;Default;Default;Default;Default;Default;Default;Default;Default;Default;Default;Default;Default;Default;Default;Default;3;Default;1;Default;Default;Default;Default;Default;Default;Default;3;"ShortRun(IterationCount=3, LaunchCount=1, WarmupCount=3)";;1;Workload;Pilot;7;10500;1024;10.25;0;0;0;0
EngineBenchmarks.'JitterService.Apply (low jitter)';;EngineBenchmarks;'JitterService.Apply (low jitter)';ShortRun;Default;Default;Default;Default;Default;Default;Default;Default;Default;Default;Default;Default;Default;Default;Default;Default;Default;Default;Default;Default;Default;Default;Default;Default;Default;Default;Default;Default;Default;Default;Default;3;Default;1;Default;Default;Default;Default;Default;Default;Default;3;"ShortRun(IterationCount=3, LaunchCount=1, WarmupCount=3)";;1;Workload;Pilot;8;20600;2048;10.06;0;0;0;0
EngineBenchmarks.'JitterService.Apply (low jitter)';;EngineBenchmarks;'JitterService.Apply (low jitter)';ShortRun;Default;Default;Default;Default;Default;Default;Default;Default;Default;Default;Default;Default;Default;Default;Default;Default;Default;Default;Default;Default;Default;Default;Default;Default;Default;Default;Default;Default;Default;Default;Default;3;Default;1;Default;Default;Default;Default;Default;Default;Default;3;"ShortRun(IterationCount=3, LaunchCount=1, WarmupCount=3)";;1;Workload;Pilot;9;41000;4096;10.01;0;0;0;0
EngineBenchmarks.'JitterService.Apply (low jitter)';;EngineBenchmarks;'JitterService.Apply (low jitter)';ShortRun;Default;Default;Default;Default;Default;Default;Default;Default;Default;Default;Default;Default;Default;Default;Default;Default;Default;Default;Default;Default;Default;Default;Default;Default;Default;Default;Default;Default;Default;Default;Default;3;Default;1;Default;Default;Default;Default;Default;Default;Default;3;"ShortRun(IterationCount=3, LaunchCount=1, WarmupCount=3)";;1;Workload;Pilot;10;82400;8192;10.06;0;0;0;0
EngineBenchmarks.'JitterService.Apply (low jitter)';;EngineBenchmarks;'JitterService.Apply (low jitter)';ShortRun;Default;Default;Default;Default;Default;Default;Default;Default;Default;Default;Default;Default;Default;Default;Default;Default;Default;Default;Default;Default;Default;Default;Default;Default;Default;Default;Default;Default;Default;Default;Default;3;Default;1;Default;Default;Default;Default;Default;Default;Default;3;"ShortRun(IterationCount=3, LaunchCount=1, WarmupCount=3)";;1;Workload;Pilot;11;166200;16384;10.14;0;0;0;0
EngineBenchmarks.'JitterService.Apply (low jitter)';;EngineBenchmarks;'JitterService.Apply (low jitter)';ShortRun;Default;Default;Default;Default;Default;Default;Default;Default;Default;Default;Default;Default;Default;Default;Default;Default;Default;Default;Default;Default;Default;Default;Default;Default;Default;Default;Default;Default;Default;Default;Default;3;Default;1;Default;Default;Default;Default;Default;Default;Default;3;"ShortRun(IterationCount=3, LaunchCount=1, WarmupCount=3)";;1;Workload;Pilot;12;329100;32768;10.04;0;0;0;0
EngineBenchmarks.'JitterService.Apply (low jitter)';;EngineBenchmarks;'JitterService.Apply (low jitter)';ShortRun;Default;Default;Default;Default;Default;Default;Default;Default;Default;Default;Default;Default;Default;Default;Default;Default;Default;Default;Default;Default;Default;Default;Default;Default;Default;Default;Default;Default;Default;Default;Default;3;Default;1;Default;Default;Default;Default;Default;Default;Default;3;"ShortRun(IterationCount=3, LaunchCount=1, WarmupCount=3)";;1;Workload;Pilot;13;658000;65536;10.04;0;0;0;0
EngineBenchmarks.'JitterService.Apply (low jitter)';;EngineBenchmarks;'JitterService.Apply (low jitter)';ShortRun;Default;Default;Default;Default;Default;Default;Default;Default;Default;Default;Default;Default;Default;Default;Default;Default;Default;Default;Default;Default;Default;Default;Default;Default;Default;Default;Default;Default;Default;Default;Default;3;Default;1;Default;Default;Default;Default;Default;Default;Default;3;"ShortRun(IterationCount=3, LaunchCount=1, WarmupCount=3)";;1;Workload;Pilot;14;1315400;131072;10.04;0;0;0;0
EngineBenchmarks.'JitterService.Apply (low jitter)';;EngineBenchmarks;'JitterService.Apply (low jitter)';ShortRun;Default;Default;Default;Default;Default;Default;Default;Default;Default;Default;Default;Default;Default;Default;Default;Default;Default;Default;Default;Default;Default;Default;Default;Default;Default;Default;Default;Default;Default;Default;Default;3;Default;1;Default;Default;Default;Default;Default;Default;Default;3;"ShortRun(IterationCount=3, LaunchCount=1, WarmupCount=3)";;1;Workload;Pilot;15;3060500;262144;11.67;0;0;0;0
EngineBenchmarks.'JitterService.Apply (low jitter)';;EngineBenchmarks;'JitterService.Apply (low jitter)';ShortRun;Default;Default;Default;Default;Default;Default;Default;Default;Default;Default;Default;Default;Default;Default;Default;Default;Default;Default;Default;Default;Default;Default;Default;Default;Default;Default;Default;Default;Default;Default;Default;3;Default;1;Default;Default;Default;Default;Default;Default;Default;3;"ShortRun(IterationCount=3, LaunchCount=1, WarmupCount=3)";;1;Workload;Pilot;16;5757400;524288;10.98;0;0;0;0
EngineBenchmarks.'JitterService.Apply (low jitter)';;EngineBenchmarks;'JitterService.Apply (low jitter)';ShortRun;Default;Default;Default;Default;Default;Default;Default;Default;Default;Default;Default;Default;Default;Default;Default;Default;Default;Default;Default;Default;Default;Default;Default;Default;Default;Default;Default;Default;Default;Default;Default;3;Default;1;Default;Default;Default;Default;Default;Default;Default;3;"ShortRun(IterationCount=3, LaunchCount=1, WarmupCount=3)";;1;Workload;Pilot;17;11060800;1048576;10.55;0;0;0;0
EngineBenchmarks.'JitterService.Apply (low jitter)';;EngineBenchmarks;'JitterService.Apply (low jitter)';ShortRun;Default;Default;Default;Default;Default;Default;Default;Default;Default;Default;Default;Default;Default;Default;Default;Default;Default;Default;Default;Default;Default;Default;Default;Default;Default;Default;Default;Default;Default;Default;Default;3;Default;1;Default;Default;Default;Default;Default;Default;Default;3;"ShortRun(IterationCount=3, LaunchCount=1, WarmupCount=3)";;1;Workload;Pilot;18;21633000;2097152;10.32;0;0;0;0
EngineBenchmarks.'JitterService.Apply (low jitter)';;EngineBenchmarks;'JitterService.Apply (low jitter)';ShortRun;Default;Default;Default;Default;Default;Default;Default;Default;Default;Default;Default;Default;Default;Default;Default;Default;Default;Default;Default;Default;Default;Default;Default;Default;Default;Default;Default;Default;Default;Default;Default;3;Default;1;Default;Default;Default;Default;Default;Default;Default;3;"ShortRun(IterationCount=3, LaunchCount=1, WarmupCount=3)";;1;Workload;Pilot;19;45693100;4194304;10.89;0;0;0;0
EngineBenchmarks.'JitterService.Apply (low jitter)';;EngineBenchmarks;'JitterService.Apply (low jitter)';ShortRun;Default;Default;Default;Default;Default;Default;Default;Default;Default;Default;Default;Default;Default;Default;Default;Default;Default;Default;Default;Default;Default;Default;Default;Default;Default;Default;Default;Default;Default;Default;Default;3;Default;1;Default;Default;Default;Default;Default;Default;Default;3;"ShortRun(IterationCount=3, LaunchCount=1, WarmupCount=3)";;1;Workload;Pilot;20;145636200;8388608;17.36;0;0;0;0
EngineBenchmarks.'JitterService.Apply (low jitter)';;EngineBenchmarks;'JitterService.Apply (low jitter)';ShortRun;Default;Default;Default;Default;Default;Default;Default;Default;Default;Default;Default;Default;Default;Default;Default;Default;Default;Default;Default;Default;Default;Default;Default;Default;Default;Default;Default;Default;Default;Default;Default;3;Default;1;Default;Default;Default;Default;Default;Default;Default;3;"ShortRun(IterationCount=3, LaunchCount=1, WarmupCount=3)";;1;Workload;Pilot;21;79412800;16777216;4.73;0;0;0;0
EngineBenchmarks.'JitterService.Apply (low jitter)';;EngineBenchmarks;'JitterService.Apply (low jitter)';ShortRun;Default;Default;Default;Default;Default;Default;Default;Default;Default;Default;Default;Default;Default;Default;Default;Default;Default;Default;Default;Default;Default;Default;Default;Default;Default;Default;Default;Default;Default;Default;Default;3;Default;1;Default;Default;Default;Default;Default;Default;Default;3;"ShortRun(IterationCount=3, LaunchCount=1, WarmupCount=3)";;1;Workload;Pilot;22;160546000;33554432;4.78;0;0;0;0
EngineBenchmarks.'JitterService.Apply (low jitter)';;EngineBenchmarks;'JitterService.Apply (low jitter)';ShortRun;Default;Default;Default;Default;Default;Default;Default;Default;Default;Default;Default;Default;Default;Default;Default;Default;Default;Default;Default;Default;Default;Default;Default;Default;Default;Default;Default;Default;Default;Default;Default;3;Default;1;Default;Default;Default;Default;Default;Default;Default;3;"ShortRun(IterationCount=3, LaunchCount=1, WarmupCount=3)";;1;Workload;Pilot;23;322770500;67108864;4.81;0;0;0;0
EngineBenchmarks.'JitterService.Apply (low jitter)';;EngineBenchmarks;'JitterService.Apply (low jitter)';ShortRun;Default;Default;Default;Default;Default;Default;Default;Default;Default;Default;Default;Default;Default;Default;Default;Default;Default;Default;Default;Default;Default;Default;Default;Default;Default;Default;Default;Default;Default;Default;Default;3;Default;1;Default;Default;Default;Default;Default;Default;Default;3;"ShortRun(IterationCount=3, LaunchCount=1, WarmupCount=3)";;1;Workload;Pilot;24;642109500;134217728;4.78;0;0;0;0
EngineBenchmarks.'JitterService.Apply (low jitter)';;EngineBenchmarks;'JitterService.Apply (low jitter)';ShortRun;Default;Default;Default;Default;Default;Default;Default;Default;Default;Default;Default;Default;Default;Default;Default;Default;Default;Default;Default;Default;Default;Default;Default;Default;Default;Default;Default;Default;Default;Default;Default;3;Default;1;Default;Default;Default;Default;Default;Default;Default;3;"ShortRun(IterationCount=3, LaunchCount=1, WarmupCount=3)";;1;Overhead;Warmup;1;203755400;134217728;1.52;0;0;0;0
EngineBenchmarks.'JitterService.Apply (low jitter)';;EngineBenchmarks;'JitterService.Apply (low jitter)';ShortRun;Default;Default;Default;Default;Default;Default;Default;Default;Default;Default;Default;Default;Default;Default;Default;Default;Default;Default;Default;Default;Default;Default;Default;Default;Default;Default;Default;Default;Default;Default;Default;3;Default;1;Default;Default;Default;Default;Default;Default;Default;3;"ShortRun(IterationCount=3, LaunchCount=1, WarmupCount=3)";;1;Overhead;Warmup;2;259083100;134217728;1.93;0;0;0;0
EngineBenchmarks.'JitterService.Apply (low jitter)';;EngineBenchmarks;'JitterService.Apply (low jitter)';ShortRun;Default;Default;Default;Default;Default;Default;Default;Default;Default;Default;Default;Default;Default;Default;Default;Default;Default;Default;Default;Default;Default;Default;Default;Default;Default;Default;Default;Default;Default;Default;Default;3;Default;1;Default;Default;Default;Default;Default;Default;Default;3;"ShortRun(IterationCount=3, LaunchCount=1, WarmupCount=3)";;1;Overhead;Warmup;3;148089300;134217728;1.1;0;0;0;0
EngineBenchmarks.'JitterService.Apply (low jitter)';;EngineBenchmarks;'JitterService.Apply (low jitter)';ShortRun;Default;Default;Default;Default;Default;Default;Default;Default;Default;Default;Default;Default;Default;Default;Default;Default;Default;Default;Default;Default;Default;Default;Default;Default;Default;Default;Default;Default;Default;Default;Default;3;Default;1;Default;Default;Default;Default;Default;Default;Default;3;"ShortRun(IterationCount=3, LaunchCount=1, WarmupCount=3)";;1;Overhead;Warmup;4;148081400;134217728;1.1;0;0;0;0
EngineBenchmarks.'JitterService.Apply (low jitter)';;EngineBenchmarks;'JitterService.Apply (low jitter)';ShortRun;Default;Default;Default;Default;Default;Default;Default;Default;Default;Default;Default;Default;Default;Default;Default;Default;Default;Default;Default;Default;Default;Default;Default;Default;Default;Default;Default;Default;Default;Default;Default;3;Default;1;Default;Default;Default;Default;Default;Default;Default;3;"ShortRun(IterationCount=3, LaunchCount=1, WarmupCount=3)";;1;Overhead;Warmup;5;152212800;134217728;1.13;0;0;0;0
EngineBenchmarks.'JitterService.Apply (low jitter)';;EngineBenchmarks;'JitterService.Apply (low jitter)';ShortRun;Default;Default;Default;Default;Default;Default;Default;Default;Default;Default;Default;Default;Default;Default;Default;Default;Default;Default;Default;Default;Default;Default;Default;Default;Default;Default;Default;Default;Default;Default;Default;3;Default;1;Default;Default;Default;Default;Default;Default;Default;3;"ShortRun(IterationCount=3, LaunchCount=1, WarmupCount=3)";;1;Overhead;Warmup;6;148283600;134217728;1.1;0;0;0;0
EngineBenchmarks.'JitterService.Apply (low jitter)';;EngineBenchmarks;'JitterService.Apply (low jitter)';ShortRun;Default;Default;Default;Default;Default;Default;Default;Default;Default;Default;Default;Default;Default;Default;Default;Default;Default;Default;Default;Default;Default;Default;Default;Default;Default;Default;Default;Default;Default;Default;Default;3;Default;1;Default;Default;Default;Default;Default;Default;Default;3;"ShortRun(IterationCount=3, LaunchCount=1, WarmupCount=3)";;1;Overhead;Actual;1;148091200;134217728;1.1;0;0;0;0
EngineBenchmarks.'JitterService.Apply (low jitter)';;EngineBenchmarks;'JitterService.Apply (low jitter)';ShortRun;Default;Default;Default;Default;Default;Default;Default;Default;Default;Default;Default;Default;Default;Default;Default;Default;Default;Default;Default;Default;Default;Default;Default;Default;Default;Default;Default;Default;Default;Default;Default;3;Default;1;Default;Default;Default;Default;Default;Default;Default;3;"ShortRun(IterationCount=3, LaunchCount=1, WarmupCount=3)";;1;Overhead;Actual;2;148263900;134217728;1.1;0;0;0;0
EngineBenchmarks.'JitterService.Apply (low jitter)';;EngineBenchmarks;'JitterService.Apply (low jitter)';ShortRun;Default;Default;Default;Default;Default;Default;Default;Default;Default;Default;Default;Default;Default;Default;Default;Default;Default;Default;Default;Default;Default;Default;Default;Default;Default;Default;Default;Default;Default;Default;Default;3;Default;1;Default;Default;Default;Default;Default;Default;Default;3;"ShortRun(IterationCount=3, LaunchCount=1, WarmupCount=3)";;1;Overhead;Actual;3;149659400;134217728;1.12;0;0;0;0
EngineBenchmarks.'JitterService.Apply (low jitter)';;EngineBenchmarks;'JitterService.Apply (low jitter)';ShortRun;Default;Default;Default;Default;Default;Default;Default;Default;Default;Default;Default;Default;Default;Default;Default;Default;Default;Default;Default;Default;Default;Default;Default;Default;Default;Default;Default;Default;Default;Default;Default;3;Default;1;Default;Default;Default;Default;Default;Default;Default;3;"ShortRun(IterationCount=3, LaunchCount=1, WarmupCount=3)";;1;Overhead;Actual;4;149470700;134217728;1.11;0;0;0;0
EngineBenchmarks.'JitterService.Apply (low jitter)';;EngineBenchmarks;'JitterService.Apply (low jitter)';ShortRun;Default;Default;Default;Default;Default;Default;Default;Default;Default;Default;Default;Default;Default;Default;Default;Default;Default;Default;Default;Default;Default;Default;Default;Default;Default;Default;Default;Default;Default;Default;Default;3;Default;1;Default;Default;Default;Default;Default;Default;Default;3;"ShortRun(IterationCount=3, LaunchCount=1, WarmupCount=3)";;1;Overhead;Actual;5;148062300;134217728;1.1;0;0;0;0
EngineBenchmarks.'JitterService.Apply (low jitter)';;EngineBenchmarks;'JitterService.Apply (low jitter)';ShortRun;Default;Default;Default;Default;Default;Default;Default;Default;Default;Default;Default;Default;Default;Default;Default;Default;Default;Default;Default;Default;Default;Default;Default;Default;Default;Default;Default;Default;Default;Default;Default;3;Default;1;Default;Default;Default;Default;Default;Default;Default;3;"ShortRun(IterationCount=3, LaunchCount=1, WarmupCount=3)";;1;Overhead;Actual;6;152016100;134217728;1.13;0;0;0;0
EngineBenchmarks.'JitterService.Apply (low jitter)';;EngineBenchmarks;'JitterService.Apply (low jitter)';ShortRun;Default;Default;Default;Default;Default;Default;Default;Default;Default;Default;Default;Default;Default;Default;Default;Default;Default;Default;Default;Default;Default;Default;Default;Default;Default;Default;Default;Default;Default;Default;Default;3;Default;1;Default;Default;Default;Default;Default;Default;Default;3;"ShortRun(IterationCount=3, LaunchCount=1, WarmupCount=3)";;1;Overhead;Actual;7;150522800;134217728;1.12;0;0;0;0
EngineBenchmarks.'JitterService.Apply (low jitter)';;EngineBenchmarks;'JitterService.Apply (low jitter)';ShortRun;Default;Default;Default;Default;Default;Default;Default;Default;Default;Default;Default;Default;Default;Default;Default;Default;Default;Default;Default;Default;Default;Default;Default;Default;Default;Default;Default;Default;Default;Default;Default;3;Default;1;Default;Default;Default;Default;Default;Default;Default;3;"ShortRun(IterationCount=3, LaunchCount=1, WarmupCount=3)";;1;Overhead;Actual;8;149681000;134217728;1.12;0;0;0;0
EngineBenchmarks.'JitterService.Apply (low jitter)';;EngineBenchmarks;'JitterService.Apply (low jitter)';ShortRun;Default;Default;Default;Default;Default;Default;Default;Default;Default;Default;Default;Default;Default;Default;Default;Default;Default;Default;Default;Default;Default;Default;Default;Default;Default;Default;Default;Default;Default;Default;Default;3;Default;1;Default;Default;Default;Default;Default;Default;Default;3;"ShortRun(IterationCount=3, LaunchCount=1, WarmupCount=3)";;1;Overhead;Actual;9;148046900;134217728;1.1;0;0;0;0
EngineBenchmarks.'JitterService.Apply (low jitter)';;EngineBenchmarks;'JitterService.Apply (low jitter)';ShortRun;Default;Default;Default;Default;Default;Default;Default;Default;Default;Default;Default;Default;Default;Default;Default;Default;Default;Default;Default;Default;Default;Default;Default;Default;Default;Default;Default;Default;Default;Default;Default;3;Default;1;Default;Default;Default;Default;Default;Default;Default;3;"ShortRun(IterationCount=3, LaunchCount=1, WarmupCount=3)";;1;Overhead;Actual;10;151561600;134217728;1.13;0;0;0;0
EngineBenchmarks.'JitterService.Apply (low jitter)';;EngineBenchmarks;'JitterService.Apply (low jitter)';ShortRun;Default;Default;Default;Default;Default;Default;Default;Default;Default;Default;Default;Default;Default;Default;Default;Default;Default;Default;Default;Default;Default;Default;Default;Default;Default;Default;Default;Default;Default;Default;Default;3;Default;1;Default;Default;Default;Default;Default;Default;Default;3;"ShortRun(IterationCount=3, LaunchCount=1, WarmupCount=3)";;1;Overhead;Actual;11;148202600;134217728;1.1;0;0;0;0
EngineBenchmarks.'JitterService.Apply (low jitter)';;EngineBenchmarks;'JitterService.Apply (low jitter)';ShortRun;Default;Default;Default;Default;Default;Default;Default;Default;Default;Default;Default;Default;Default;Default;Default;Default;Default;Default;Default;Default;Default;Default;Default;Default;Default;Default;Default;Default;Default;Default;Default;3;Default;1;Default;Default;Default;Default;Default;Default;Default;3;"ShortRun(IterationCount=3, LaunchCount=1, WarmupCount=3)";;1;Overhead;Actual;12;148194500;134217728;1.1;0;0;0;0
EngineBenchmarks.'JitterService.Apply (low jitter)';;EngineBenchmarks;'JitterService.Apply (low jitter)';ShortRun;Default;Default;Default;Default;Default;Default;Default;Default;Default;Default;Default;Default;Default;Default;Default;Default;Default;Default;Default;Default;Default;Default;Default;Default;Default;Default;Default;Default;Default;Default;Default;3;Default;1;Default;Default;Default;Default;Default;Default;Default;3;"ShortRun(IterationCount=3, LaunchCount=1, WarmupCount=3)";;1;Overhead;Actual;13;148002900;134217728;1.1;0;0;0;0
EngineBenchmarks.'JitterService.Apply (low jitter)';;EngineBenchmarks;'JitterService.Apply (low jitter)';ShortRun;Default;Default;Default;Default;Default;Default;Default;Default;Default;Default;Default;Default;Default;Default;Default;Default;Default;Default;Default;Default;Default;Default;Default;Default;Default;Default;Default;Default;Default;Default;Default;3;Default;1;Default;Default;Default;Default;Default;Default;Default;3;"ShortRun(IterationCount=3, LaunchCount=1, WarmupCount=3)";;1;Overhead;Actual;14;154092700;134217728;1.15;0;0;0;0
EngineBenchmarks.'JitterService.Apply (low jitter)';;EngineBenchmarks;'JitterService.Apply (low jitter)';ShortRun;Default;Default;Default;Default;Default;Default;Default;Default;Default;Default;Default;Default;Default;Default;Default;Default;Default;Default;Default;Default;Default;Default;Default;Default;Default;Default;Default;Default;Default;Default;Default;3;Default;1;Default;Default;Default;Default;Default;Default;Default;3;"ShortRun(IterationCount=3, LaunchCount=1, WarmupCount=3)";;1;Overhead;Actual;15;148843000;134217728;1.11;0;0;0;0
EngineBenchmarks.'JitterService.Apply (low jitter)';;EngineBenchmarks;'JitterService.Apply (low jitter)';ShortRun;Default;Default;Default;Default;Default;Default;Default;Default;Default;Default;Default;Default;Default;Default;Default;Default;Default;Default;Default;Default;Default;Default;Default;Default;Default;Default;Default;Default;Default;Default;Default;3;Default;1;Default;Default;Default;Default;Default;Default;Default;3;"ShortRun(IterationCount=3, LaunchCount=1, WarmupCount=3)";;1;Workload;Warmup;1;641117300;134217728;4.78;0;0;0;0
EngineBenchmarks.'JitterService.Apply (low jitter)';;EngineBenchmarks;'JitterService.Apply (low jitter)';ShortRun;Default;Default;Default;Default;Default;Default;Default;Default;Default;Default;Default;Default;Default;Default;Default;Default;Default;Default;Default;Default;Default;Default;Default;Default;Default;Default;Default;Default;Default;Default;Default;3;Default;1;Default;Default;Default;Default;Default;Default;Default;3;"ShortRun(IterationCount=3, LaunchCount=1, WarmupCount=3)";;1;Workload;Warmup;2;641718000;134217728;4.78;0;0;0;0
EngineBenchmarks.'JitterService.Apply (low jitter)';;EngineBenchmarks;'JitterService.Apply (low jitter)';ShortRun;Default;Default;Default;Default;Default;Default;Default;Default;Default;Default;Default;Default;Default;Default;Default;Default;Default;Default;Default;Default;Default;Default;Default;Default;Default;Default;Default;Default;Default;Default;Default;3;Default;1;Default;Default;Default;Default;Default;Default;Default;3;"ShortRun(IterationCount=3, LaunchCount=1, WarmupCount=3)";;1;Workload;Warmup;3;645855100;134217728;4.81;0;0;0;0
EngineBenchmarks.'JitterService.Apply (low jitter)';;EngineBenchmarks;'JitterService.Apply (low jitter)';ShortRun;Default;Default;Default;Default;Default;Default;Default;Default;Default;Default;Default;Default;Default;Default;Default;Default;Default;Default;Default;Default;Default;Default;Default;Default;Default;Default;Default;Default;Default;Default;Default;3;Default;1;Default;Default;Default;Default;Default;Default;Default;3;"ShortRun(IterationCount=3, LaunchCount=1, WarmupCount=3)";;1;Workload;Actual;1;654595700;134217728;4.88;0;0;0;0
EngineBenchmarks.'JitterService.Apply (low jitter)';;EngineBenchmarks;'JitterService.Apply (low jitter)';ShortRun;Default;Default;Default;Default;Default;Default;Default;Default;Default;Default;Default;Default;Default;Default;Default;Default;Default;Default;Default;Default;Default;Default;Default;Default;Default;Default;Default;Default;Default;Default;Default;3;Default;1;Default;Default;Default;Default;Default;Default;Default;3;"ShortRun(IterationCount=3, LaunchCount=1, WarmupCount=3)";;1;Workload;Actual;2;652537000;134217728;4.86;0;0;0;0
EngineBenchmarks.'JitterService.Apply (low jitter)';;EngineBenchmarks;'JitterService.Apply (low jitter)';ShortRun;Default;Default;Default;Default;Default;Default;Default;Default;Default;Default;Default;Default;Default;Default;Default;Default;Default;Default;Default;Default;Default;Default;Default;Default;Default;Default;Default;Default;Default;Default;Default;3;Default;1;Default;Default;Default;Default;Default;Default;Default;3;"ShortRun(IterationCount=3, LaunchCount=1, WarmupCount=3)";;1;Workload;Actual;3;643259300;134217728;4.79;0;0;0;0
EngineBenchmarks.'JitterService.Apply (low jitter)';;EngineBenchmarks;'JitterService.Apply (low jitter)';ShortRun;Default;Default;Default;Default;Default;Default;Default;Default;Default;Default;Default;Default;Default;Default;Default;Default;Default;Default;Default;Default;Default;Default;Default;Default;Default;Default;Default;Default;Default;Default;Default;3;Default;1;Default;Default;Default;Default;Default;Default;Default;3;"ShortRun(IterationCount=3, LaunchCount=1, WarmupCount=3)";;1;Workload;Result;1;505752700;134217728;3.77;0;0;0;0
EngineBenchmarks.'JitterService.Apply (low jitter)';;EngineBenchmarks;'JitterService.Apply (low jitter)';ShortRun;Default;Default;Default;Default;Default;Default;Default;Default;Default;Default;Default;Default;Default;Default;Default;Default;Default;Default;Default;Default;Default;Default;Default;Default;Default;Default;Default;Default;Default;Default;Default;3;Default;1;Default;Default;Default;Default;Default;Default;Default;3;"ShortRun(IterationCount=3, LaunchCount=1, WarmupCount=3)";;1;Workload;Result;2;503694000;134217728;3.75;0;0;0;0
EngineBenchmarks.'JitterService.Apply (low jitter)';;EngineBenchmarks;'JitterService.Apply (low jitter)';ShortRun;Default;Default;Default;Default;Default;Default;Default;Default;Default;Default;Default;Default;Default;Default;Default;Default;Default;Default;Default;Default;Default;Default;Default;Default;Default;Default;Default;Default;Default;Default;Default;3;Default;1;Default;Default;Default;Default;Default;Default;Default;3;"ShortRun(IterationCount=3, LaunchCount=1, WarmupCount=3)";;1;Workload;Result;3;494416300;134217728;3.68;0;0;0;0
EngineBenchmarks.'JitterService.Apply (high jitter)';;EngineBenchmarks;'JitterService.Apply (high jitter)';ShortRun;Default;Default;Default;Default;Default;Default;Default;Default;Default;Default;Default;Default;Default;Default;Default;Default;Default;Default;Default;Default;Default;Default;Default;Default;Default;Default;Default;Default;Default;Default;Default;3;Default;1;Default;Default;Default;Default;Default;Default;Default;3;"ShortRun(IterationCount=3, LaunchCount=1, WarmupCount=3)";;1;Overhead;Jitting;1;130100;1;130100;0;0;0;0
EngineBenchmarks.'JitterService.Apply (high jitter)';;EngineBenchmarks;'JitterService.Apply (high jitter)';ShortRun;Default;Default;Default;Default;Default;Default;Default;Default;Default;Default;Default;Default;Default;Default;Default;Default;Default;Default;Default;Default;Default;Default;Default;Default;Default;Default;Default;Default;Default;Default;Default;3;Default;1;Default;Default;Default;Default;Default;Default;Default;3;"ShortRun(IterationCount=3, LaunchCount=1, WarmupCount=3)";;1;Workload;Jitting;1;192000;1;192000;0;0;0;0
EngineBenchmarks.'JitterService.Apply (high jitter)';;EngineBenchmarks;'JitterService.Apply (high jitter)';ShortRun;Default;Default;Default;Default;Default;Default;Default;Default;Default;Default;Default;Default;Default;Default;Default;Default;Default;Default;Default;Default;Default;Default;Default;Default;Default;Default;Default;Default;Default;Default;Default;3;Default;1;Default;Default;Default;Default;Default;Default;Default;3;"ShortRun(IterationCount=3, LaunchCount=1, WarmupCount=3)";;1;Overhead;Jitting;2;218700;16;13668.75;0;0;0;0
EngineBenchmarks.'JitterService.Apply (high jitter)';;EngineBenchmarks;'JitterService.Apply (high jitter)';ShortRun;Default;Default;Default;Default;Default;Default;Default;Default;Default;Default;Default;Default;Default;Default;Default;Default;Default;Default;Default;Default;Default;Default;Default;Default;Default;Default;Default;Default;Default;Default;Default;3;Default;1;Default;Default;Default;Default;Default;Default;Default;3;"ShortRun(IterationCount=3, LaunchCount=1, WarmupCount=3)";;1;Workload;Jitting;2;214600;16;13412.5;0;0;0;0
EngineBenchmarks.'JitterService.Apply (high jitter)';;EngineBenchmarks;'JitterService.Apply (high jitter)';ShortRun;Default;Default;Default;Default;Default;Default;Default;Default;Default;Default;Default;Default;Default;Default;Default;Default;Default;Default;Default;Default;Default;Default;Default;Default;Default;Default;Default;Default;Default;Default;Default;3;Default;1;Default;Default;Default;Default;Default;Default;Default;3;"ShortRun(IterationCount=3, LaunchCount=1, WarmupCount=3)";;1;Workload;Pilot;1;900;16;56.25;0;0;0;0
EngineBenchmarks.'JitterService.Apply (high jitter)';;EngineBenchmarks;'JitterService.Apply (high jitter)';ShortRun;Default;Default;Default;Default;Default;Default;Default;Default;Default;Default;Default;Default;Default;Default;Default;Default;Default;Default;Default;Default;Default;Default;Default;Default;Default;Default;Default;Default;Default;Default;Default;3;Default;1;Default;Default;Default;Default;Default;Default;Default;3;"ShortRun(IterationCount=3, LaunchCount=1, WarmupCount=3)";;1;Workload;Pilot;2;900;32;28.13;0;0;0;0
EngineBenchmarks.'JitterService.Apply (high jitter)';;EngineBenchmarks;'JitterService.Apply (high jitter)';ShortRun;Default;Default;Default;Default;Default;Default;Default;Default;Default;Default;Default;Default;Default;Default;Default;Default;Default;Default;Default;Default;Default;Default;Default;Default;Default;Default;Default;Default;Default;Default;Default;3;Default;1;Default;Default;Default;Default;Default;Default;Default;3;"ShortRun(IterationCount=3, LaunchCount=1, WarmupCount=3)";;1;Workload;Pilot;3;2800;64;43.75;0;0;0;0
EngineBenchmarks.'JitterService.Apply (high jitter)';;EngineBenchmarks;'JitterService.Apply (high jitter)';ShortRun;Default;Default;Default;Default;Default;Default;Default;Default;Default;Default;Default;Default;Default;Default;Default;Default;Default;Default;Default;Default;Default;Default;Default;Default;Default;Default;Default;Default;Default;Default;Default;3;Default;1;Default;Default;Default;Default;Default;Default;Default;3;"ShortRun(IterationCount=3, LaunchCount=1, WarmupCount=3)";;1;Workload;Pilot;4;3300;128;25.78;0;0;0;0
EngineBenchmarks.'JitterService.Apply (high jitter)';;EngineBenchmarks;'JitterService.Apply (high jitter)';ShortRun;Default;Default;Default;Default;Default;Default;Default;Default;Default;Default;Default;Default;Default;Default;Default;Default;Default;Default;Default;Default;Default;Default;Default;Default;Default;Default;Default;Default;Default;Default;Default;3;Default;1;Default;Default;Default;Default;Default;Default;Default;3;"ShortRun(IterationCount=3, LaunchCount=1, WarmupCount=3)";;1;Workload;Pilot;5;2900;256;11.33;0;0;0;0
EngineBenchmarks.'JitterService.Apply (high jitter)';;EngineBenchmarks;'JitterService.Apply (high jitter)';ShortRun;Default;Default;Default;Default;Default;Default;Default;Default;Default;Default;Default;Default;Default;Default;Default;Default;Default;Default;Default;Default;Default;Default;Default;Default;Default;Default;Default;Default;Default;Default;Default;3;Default;1;Default;Default;Default;Default;Default;Default;Default;3;"ShortRun(IterationCount=3, LaunchCount=1, WarmupCount=3)";;1;Workload;Pilot;6;5000;512;9.77;0;0;0;0
EngineBenchmarks.'JitterService.Apply (high jitter)';;EngineBenchmarks;'JitterService.Apply (high jitter)';ShortRun;Default;Default;Default;Default;Default;Default;Default;Default;Default;Default;Default;Default;Default;Default;Default;Default;Default;Default;Default;Default;Default;Default;Default;Default;Default;Default;Default;Default;Default;Default;Default;3;Default;1;Default;Default;Default;Default;Default;Default;Default;3;"ShortRun(IterationCount=3, LaunchCount=1, WarmupCount=3)";;1;Workload;Pilot;7;9600;1024;9.38;0;0;0;0
EngineBenchmarks.'JitterService.Apply (high jitter)';;EngineBenchmarks;'JitterService.Apply (high jitter)';ShortRun;Default;Default;Default;Default;Default;Default;Default;Default;Default;Default;Default;Default;Default;Default;Default;Default;Default;Default;Default;Default;Default;Default;Default;Default;Default;Default;Default;Default;Default;Default;Default;3;Default;1;Default;Default;Default;Default;Default;Default;Default;3;"ShortRun(IterationCount=3, LaunchCount=1, WarmupCount=3)";;1;Workload;Pilot;8;19100;2048;9.33;0;0;0;0
EngineBenchmarks.'JitterService.Apply (high jitter)';;EngineBenchmarks;'JitterService.Apply (high jitter)';ShortRun;Default;Default;Default;Default;Default;Default;Default;Default;Default;Default;Default;Default;Default;Default;Default;Default;Default;Default;Default;Default;Default;Default;Default;Default;Default;Default;Default;Default;Default;Default;Default;3;Default;1;Default;Default;Default;Default;Default;Default;Default;3;"ShortRun(IterationCount=3, LaunchCount=1, WarmupCount=3)";;1;Workload;Pilot;9;38200;4096;9.33;0;0;0;0
EngineBenchmarks.'JitterService.Apply (high jitter)';;EngineBenchmarks;'JitterService.Apply (high jitter)';ShortRun;Default;Default;Default;Default;Default;Default;Default;Default;Default;Default;Default;Default;Default;Default;Default;Default;Default;Default;Default;Default;Default;Default;Default;Default;Default;Default;Default;Default;Default;Default;Default;3;Default;1;Default;Default;Default;Default;Default;Default;Default;3;"ShortRun(IterationCount=3, LaunchCount=1, WarmupCount=3)";;1;Workload;Pilot;10;75400;8192;9.2;0;0;0;0
EngineBenchmarks.'JitterService.Apply (high jitter)';;EngineBenchmarks;'JitterService.Apply (high jitter)';ShortRun;Default;Default;Default;Default;Default;Default;Default;Default;Default;Default;Default;Default;Default;Default;Default;Default;Default;Default;Default;Default;Default;Default;Default;Default;Default;Default;Default;Default;Default;Default;Default;3;Default;1;Default;Default;Default;Default;Default;Default;Default;3;"ShortRun(IterationCount=3, LaunchCount=1, WarmupCount=3)";;1;Workload;Pilot;11;151500;16384;9.25;0;0;0;0
EngineBenchmarks.'JitterService.Apply (high jitter)';;EngineBenchmarks;'JitterService.Apply (high jitter)';ShortRun;Default;Default;Default;Default;Default;Default;Default;Default;Default;Default;Default;Default;Default;Default;Default;Default;Default;Default;Default;Default;Default;Default;Default;Default;Default;Default;Default;Default;Default;Default;Default;3;Default;1;Default;Default;Default;Default;Default;Default;Default;3;"ShortRun(IterationCount=3, LaunchCount=1, WarmupCount=3)";;1;Workload;Pilot;12;301900;32768;9.21;0;0;0;0
EngineBenchmarks.'JitterService.Apply (high jitter)';;EngineBenchmarks;'JitterService.Apply (high jitter)';ShortRun;Default;Default;Default;Default;Default;Default;Default;Default;Default;Default;Default;Default;Default;Default;Default;Default;Default;Default;Default;Default;Default;Default;Default;Default;Default;Default;Default;Default;Default;Default;Default;3;Default;1;Default;Default;Default;Default;Default;Default;Default;3;"ShortRun(IterationCount=3, LaunchCount=1, WarmupCount=3)";;1;Workload;Pilot;13;630500;65536;9.62;0;0;0;0
EngineBenchmarks.'JitterService.Apply (high jitter)';;EngineBenchmarks;'JitterService.Apply (high jitter)';ShortRun;Default;Default;Default;Default;Default;Default;Default;Default;Default;Default;Default;Default;Default;Default;Default;Default;Default;Default;Default;Default;Default;Default;Default;Default;Default;Default;Default;Default;Default;Default;Default;3;Default;1;Default;Default;Default;Default;Default;Default;Default;3;"ShortRun(IterationCount=3, LaunchCount=1, WarmupCount=3)";;1;Workload;Pilot;14;1201800;131072;9.17;0;0;0;0
EngineBenchmarks.'JitterService.Apply (high jitter)';;EngineBenchmarks;'JitterService.Apply (high jitter)';ShortRun;Default;Default;Default;Default;Default;Default;Default;Default;Default;Default;Default;Default;Default;Default;Default;Default;Default;Default;Default;Default;Default;Default;Default;Default;Default;Default;Default;Default;Default;Default;Default;3;Default;1;Default;Default;Default;Default;Default;Default;Default;3;"ShortRun(IterationCount=3, LaunchCount=1, WarmupCount=3)";;1;Workload;Pilot;15;3111300;262144;11.87;0;0;0;0
EngineBenchmarks.'JitterService.Apply (high jitter)';;EngineBenchmarks;'JitterService.Apply (high jitter)';ShortRun;Default;Default;Default;Default;Default;Default;Default;Default;Default;Default;Default;Default;Default;Default;Default;Default;Default;Default;Default;Default;Default;Default;Default;Default;Default;Default;Default;Default;Default;Default;Default;3;Default;1;Default;Default;Default;Default;Default;Default;Default;3;"ShortRun(IterationCount=3, LaunchCount=1, WarmupCount=3)";;1;Workload;Pilot;16;4870500;524288;9.29;0;0;0;0
EngineBenchmarks.'JitterService.Apply (high jitter)';;EngineBenchmarks;'JitterService.Apply (high jitter)';ShortRun;Default;Default;Default;Default;Default;Default;Default;Default;Default;Default;Default;Default;Default;Default;Default;Default;Default;Default;Default;Default;Default;Default;Default;Default;Default;Default;Default;Default;Default;Default;Default;3;Default;1;Default;Default;Default;Default;Default;Default;Default;3;"ShortRun(IterationCount=3, LaunchCount=1, WarmupCount=3)";;1;Workload;Pilot;17;10243100;1048576;9.77;0;0;0;0
EngineBenchmarks.'JitterService.Apply (high jitter)';;EngineBenchmarks;'JitterService.Apply (high jitter)';ShortRun;Default;Default;Default;Default;Default;Default;Default;Default;Default;Default;Default;Default;Default;Default;Default;Default;Default;Default;Default;Default;Default;Default;Default;Default;Default;Default;Default;Default;Default;Default;Default;3;Default;1;Default;Default;Default;Default;Default;Default;Default;3;"ShortRun(IterationCount=3, LaunchCount=1, WarmupCount=3)";;1;Workload;Pilot;18;19951600;2097152;9.51;0;0;0;0
EngineBenchmarks.'JitterService.Apply (high jitter)';;EngineBenchmarks;'JitterService.Apply (high jitter)';ShortRun;Default;Default;Default;Default;Default;Default;Default;Default;Default;Default;Default;Default;Default;Default;Default;Default;Default;Default;Default;Default;Default;Default;Default;Default;Default;Default;Default;Default;Default;Default;Default;3;Default;1;Default;Default;Default;Default;Default;Default;Default;3;"ShortRun(IterationCount=3, LaunchCount=1, WarmupCount=3)";;1;Workload;Pilot;19;39181500;4194304;9.34;0;0;0;0
EngineBenchmarks.'JitterService.Apply (high jitter)';;EngineBenchmarks;'JitterService.Apply (high jitter)';ShortRun;Default;Default;Default;Default;Default;Default;Default;Default;Default;Default;Default;Default;Default;Default;Default;Default;Default;Default;Default;Default;Default;Default;Default;Default;Default;Default;Default;Default;Default;Default;Default;3;Default;1;Default;Default;Default;Default;Default;Default;Default;3;"ShortRun(IterationCount=3, LaunchCount=1, WarmupCount=3)";;1;Workload;Pilot;20;146806800;8388608;17.5;0;0;0;0
EngineBenchmarks.'JitterService.Apply (high jitter)';;EngineBenchmarks;'JitterService.Apply (high jitter)';ShortRun;Default;Default;Default;Default;Default;Default;Default;Default;Default;Default;Default;Default;Default;Default;Default;Default;Default;Default;Default;Default;Default;Default;Default;Default;Default;Default;Default;Default;Default;Default;Default;3;Default;1;Default;Default;Default;Default;Default;Default;Default;3;"ShortRun(IterationCount=3, LaunchCount=1, WarmupCount=3)";;1;Workload;Pilot;21;61391100;16777216;3.66;0;0;0;0
EngineBenchmarks.'JitterService.Apply (high jitter)';;EngineBenchmarks;'JitterService.Apply (high jitter)';ShortRun;Default;Default;Default;Default;Default;Default;Default;Default;Default;Default;Default;Default;Default;Default;Default;Default;Default;Default;Default;Default;Default;Default;Default;Default;Default;Default;Default;Default;Default;Default;Default;3;Default;1;Default;Default;Default;Default;Default;Default;Default;3;"ShortRun(IterationCount=3, LaunchCount=1, WarmupCount=3)";;1;Workload;Pilot;22;125624300;33554432;3.74;0;0;0;0
EngineBenchmarks.'JitterService.Apply (high jitter)';;EngineBenchmarks;'JitterService.Apply (high jitter)';ShortRun;Default;Default;Default;Default;Default;Default;Default;Default;Default;Default;Default;Default;Default;Default;Default;Default;Default;Default;Default;Default;Default;Default;Default;Default;Default;Default;Default;Default;Default;Default;Default;3;Default;1;Default;Default;Default;Default;Default;Default;Default;3;"ShortRun(IterationCount=3, LaunchCount=1, WarmupCount=3)";;1;Workload;Pilot;23;247850900;67108864;3.69;0;0;0;0
EngineBenchmarks.'JitterService.Apply (high jitter)';;EngineBenchmarks;'JitterService.Apply (high jitter)';ShortRun;Default;Default;Default;Default;Default;Default;Default;Default;Default;Default;Default;Default;Default;Default;Default;Default;Default;Default;Default;Default;Default;Default;Default;Default;Default;Default;Default;Default;Default;Default;Default;3;Default;1;Default;Default;Default;Default;Default;Default;Default;3;"ShortRun(IterationCount=3, LaunchCount=1, WarmupCount=3)";;1;Workload;Pilot;24;495390200;134217728;3.69;0;0;0;0
EngineBenchmarks.'JitterService.Apply (high jitter)';;EngineBenchmarks;'JitterService.Apply (high jitter)';ShortRun;Default;Default;Default;Default;Default;Default;Default;Default;Default;Default;Default;Default;Default;Default;Default;Default;Default;Default;Default;Default;Default;Default;Default;Default;Default;Default;Default;Default;Default;Default;Default;3;Default;1;Default;Default;Default;Default;Default;Default;Default;3;"ShortRun(IterationCount=3, LaunchCount=1, WarmupCount=3)";;1;Workload;Pilot;25;988694600;268435456;3.68;0;0;0;0
EngineBenchmarks.'JitterService.Apply (high jitter)';;EngineBenchmarks;'JitterService.Apply (high jitter)';ShortRun;Default;Default;Default;Default;Default;Default;Default;Default;Default;Default;Default;Default;Default;Default;Default;Default;Default;Default;Default;Default;Default;Default;Default;Default;Default;Default;Default;Default;Default;Default;Default;3;Default;1;Default;Default;Default;Default;Default;Default;Default;3;"ShortRun(IterationCount=3, LaunchCount=1, WarmupCount=3)";;1;Overhead;Warmup;1;458632400;268435456;1.71;0;0;0;0
EngineBenchmarks.'JitterService.Apply (high jitter)';;EngineBenchmarks;'JitterService.Apply (high jitter)';ShortRun;Default;Default;Default;Default;Default;Default;Default;Default;Default;Default;Default;Default;Default;Default;Default;Default;Default;Default;Default;Default;Default;Default;Default;Default;Default;Default;Default;Default;Default;Default;Default;3;Default;1;Default;Default;Default;Default;Default;Default;Default;3;"ShortRun(IterationCount=3, LaunchCount=1, WarmupCount=3)";;1;Overhead;Warmup;2;299197700;268435456;1.11;0;0;0;0
EngineBenchmarks.'JitterService.Apply (high jitter)';;EngineBenchmarks;'JitterService.Apply (high jitter)';ShortRun;Default;Default;Default;Default;Default;Default;Default;Default;Default;Default;Default;Default;Default;Default;Default;Default;Default;Default;Default;Default;Default;Default;Default;Default;Default;Default;Default;Default;Default;Default;Default;3;Default;1;Default;Default;Default;Default;Default;Default;Default;3;"ShortRun(IterationCount=3, LaunchCount=1, WarmupCount=3)";;1;Overhead;Warmup;3;299865100;268435456;1.12;0;0;0;0
EngineBenchmarks.'JitterService.Apply (high jitter)';;EngineBenchmarks;'JitterService.Apply (high jitter)';ShortRun;Default;Default;Default;Default;Default;Default;Default;Default;Default;Default;Default;Default;Default;Default;Default;Default;Default;Default;Default;Default;Default;Default;Default;Default;Default;Default;Default;Default;Default;Default;Default;3;Default;1;Default;Default;Default;Default;Default;Default;Default;3;"ShortRun(IterationCount=3, LaunchCount=1, WarmupCount=3)";;1;Overhead;Warmup;4;297228600;268435456;1.11;0;0;0;0
EngineBenchmarks.'JitterService.Apply (high jitter)';;EngineBenchmarks;'JitterService.Apply (high jitter)';ShortRun;Default;Default;Default;Default;Default;Default;Default;Default;Default;Default;Default;Default;Default;Default;Default;Default;Default;Default;Default;Default;Default;Default;Default;Default;Default;Default;Default;Default;Default;Default;Default;3;Default;1;Default;Default;Default;Default;Default;Default;Default;3;"ShortRun(IterationCount=3, LaunchCount=1, WarmupCount=3)";;1;Overhead;Warmup;5;299557400;268435456;1.12;0;0;0;0
EngineBenchmarks.'JitterService.Apply (high jitter)';;EngineBenchmarks;'JitterService.Apply (high jitter)';ShortRun;Default;Default;Default;Default;Default;Default;Default;Default;Default;Default;Default;Default;Default;Default;Default;Default;Default;Default;Default;Default;Default;Default;Default;Default;Default;Default;Default;Default;Default;Default;Default;3;Default;1;Default;Default;Default;Default;Default;Default;Default;3;"ShortRun(IterationCount=3, LaunchCount=1, WarmupCount=3)";;1;Overhead;Warmup;6;296240700;268435456;1.1;0;0;0;0
EngineBenchmarks.'JitterService.Apply (high jitter)';;EngineBenchmarks;'JitterService.Apply (high jitter)';ShortRun;Default;Default;Default;Default;Default;Default;Default;Default;Default;Default;Default;Default;Default;Default;Default;Default;Default;Default;Default;Default;Default;Default;Default;Default;Default;Default;Default;Default;Default;Default;Default;3;Default;1;Default;Default;Default;Default;Default;Default;Default;3;"ShortRun(IterationCount=3, LaunchCount=1, WarmupCount=3)";;1;Overhead;Actual;1;299587100;268435456;1.12;0;0;0;0
EngineBenchmarks.'JitterService.Apply (high jitter)';;EngineBenchmarks;'JitterService.Apply (high jitter)';ShortRun;Default;Default;Default;Default;Default;Default;Default;Default;Default;Default;Default;Default;Default;Default;Default;Default;Default;Default;Default;Default;Default;Default;Default;Default;Default;Default;Default;Default;Default;Default;Default;3;Default;1;Default;Default;Default;Default;Default;Default;Default;3;"ShortRun(IterationCount=3, LaunchCount=1, WarmupCount=3)";;1;Overhead;Actual;2;295987000;268435456;1.1;0;0;0;0
EngineBenchmarks.'JitterService.Apply (high jitter)';;EngineBenchmarks;'JitterService.Apply (high jitter)';ShortRun;Default;Default;Default;Default;Default;Default;Default;Default;Default;Default;Default;Default;Default;Default;Default;Default;Default;Default;Default;Default;Default;Default;Default;Default;Default;Default;Default;Default;Default;Default;Default;3;Default;1;Default;Default;Default;Default;Default;Default;Default;3;"ShortRun(IterationCount=3, LaunchCount=1, WarmupCount=3)";;1;Overhead;Actual;3;299617100;268435456;1.12;0;0;0;0
EngineBenchmarks.'JitterService.Apply (high jitter)';;EngineBenchmarks;'JitterService.Apply (high jitter)';ShortRun;Default;Default;Default;Default;Default;Default;Default;Default;Default;Default;Default;Default;Default;Default;Default;Default;Default;Default;Default;Default;Default;Default;Default;Default;Default;Default;Default;Default;Default;Default;Default;3;Default;1;Default;Default;Default;Default;Default;Default;Default;3;"ShortRun(IterationCount=3, LaunchCount=1, WarmupCount=3)";;1;Overhead;Actual;4;296361600;268435456;1.1;0;0;0;0
EngineBenchmarks.'JitterService.Apply (high jitter)';;EngineBenchmarks;'JitterService.Apply (high jitter)';ShortRun;Default;Default;Default;Default;Default;Default;Default;Default;Default;Default;Default;Default;Default;Default;Default;Default;Default;Default;Default;Default;Default;Default;Default;Default;Default;Default;Default;Default;Default;Default;Default;3;Default;1;Default;Default;Default;Default;Default;Default;Default;3;"ShortRun(IterationCount=3, LaunchCount=1, WarmupCount=3)";;1;Overhead;Actual;5;299708600;268435456;1.12;0;0;0;0
EngineBenchmarks.'JitterService.Apply (high jitter)';;EngineBenchmarks;'JitterService.Apply (high jitter)';ShortRun;Default;Default;Default;Default;Default;Default;Default;Default;Default;Default;Default;Default;Default;Default;Default;Default;Default;Default;Default;Default;Default;Default;Default;Default;Default;Default;Default;Default;Default;Default;Default;3;Default;1;Default;Default;Default;Default;Default;Default;Default;3;"ShortRun(IterationCount=3, LaunchCount=1, WarmupCount=3)";;1;Overhead;Actual;6;295987600;268435456;1.1;0;0;0;0
EngineBenchmarks.'JitterService.Apply (high jitter)';;EngineBenchmarks;'JitterService.Apply (high jitter)';ShortRun;Default;Default;Default;Default;Default;Default;Default;Default;Default;Default;Default;Default;Default;Default;Default;Default;Default;Default;Default;Default;Default;Default;Default;Default;Default;Default;Default;Default;Default;Default;Default;3;Default;1;Default;Default;Default;Default;Default;Default;Default;3;"ShortRun(IterationCount=3, LaunchCount=1, WarmupCount=3)";;1;Overhead;Actual;7;299485500;268435456;1.12;0;0;0;0
EngineBenchmarks.'JitterService.Apply (high jitter)';;EngineBenchmarks;'JitterService.Apply (high jitter)';ShortRun;Default;Default;Default;Default;Default;Default;Default;Default;Default;Default;Default;Default;Default;Default;Default;Default;Default;Default;Default;Default;Default;Default;Default;Default;Default;Default;Default;Default;Default;Default;Default;3;Default;1;Default;Default;Default;Default;Default;Default;Default;3;"ShortRun(IterationCount=3, LaunchCount=1, WarmupCount=3)";;1;Overhead;Actual;8;299615300;268435456;1.12;0;0;0;0
EngineBenchmarks.'JitterService.Apply (high jitter)';;EngineBenchmarks;'JitterService.Apply (high jitter)';ShortRun;Default;Default;Default;Default;Default;Default;Default;Default;Default;Default;Default;Default;Default;Default;Default;Default;Default;Default;Default;Default;Default;Default;Default;Default;Default;Default;Default;Default;Default;Default;Default;3;Default;1;Default;Default;Default;Default;Default;Default;Default;3;"ShortRun(IterationCount=3, LaunchCount=1, WarmupCount=3)";;1;Overhead;Actual;9;298181100;268435456;1.11;0;0;0;0
EngineBenchmarks.'JitterService.Apply (high jitter)';;EngineBenchmarks;'JitterService.Apply (high jitter)';ShortRun;Default;Default;Default;Default;Default;Default;Default;Default;Default;Default;Default;Default;Default;Default;Default;Default;Default;Default;Default;Default;Default;Default;Default;Default;Default;Default;Default;Default;Default;Default;Default;3;Default;1;Default;Default;Default;Default;Default;Default;Default;3;"ShortRun(IterationCount=3, LaunchCount=1, WarmupCount=3)";;1;Overhead;Actual;10;300456700;268435456;1.12;0;0;0;0
EngineBenchmarks.'JitterService.Apply (high jitter)';;EngineBenchmarks;'JitterService.Apply (high jitter)';ShortRun;Default;Default;Default;Default;Default;Default;Default;Default;Default;Default;Default;Default;Default;Default;Default;Default;Default;Default;Default;Default;Default;Default;Default;Default;Default;Default;Default;Default;Default;Default;Default;3;Default;1;Default;Default;Default;Default;Default;Default;Default;3;"ShortRun(IterationCount=3, LaunchCount=1, WarmupCount=3)";;1;Overhead;Actual;11;296449900;268435456;1.1;0;0;0;0
EngineBenchmarks.'JitterService.Apply (high jitter)';;EngineBenchmarks;'JitterService.Apply (high jitter)';ShortRun;Default;Default;Default;Default;Default;Default;Default;Default;Default;Default;Default;Default;Default;Default;Default;Default;Default;Default;Default;Default;Default;Default;Default;Default;Default;Default;Default;Default;Default;Default;Default;3;Default;1;Default;Default;Default;Default;Default;Default;Default;3;"ShortRun(IterationCount=3, LaunchCount=1, WarmupCount=3)";;1;Overhead;Actual;12;299965600;268435456;1.12;0;0;0;0
EngineBenchmarks.'JitterService.Apply (high jitter)';;EngineBenchmarks;'JitterService.Apply (high jitter)';ShortRun;Default;Default;Default;Default;Default;Default;Default;Default;Default;Default;Default;Default;Default;Default;Default;Default;Default;Default;Default;Default;Default;Default;Default;Default;Default;Default;Default;Default;Default;Default;Default;3;Default;1;Default;Default;Default;Default;Default;Default;Default;3;"ShortRun(IterationCount=3, LaunchCount=1, WarmupCount=3)";;1;Overhead;Actual;13;296174500;268435456;1.1;0;0;0;0
EngineBenchmarks.'JitterService.Apply (high jitter)';;EngineBenchmarks;'JitterService.Apply (high jitter)';ShortRun;Default;Default;Default;Default;Default;Default;Default;Default;Default;Default;Default;Default;Default;Default;Default;Default;Default;Default;Default;Default;Default;Default;Default;Default;Default;Default;Default;Default;Default;Default;Default;3;Default;1;Default;Default;Default;Default;Default;Default;Default;3;"ShortRun(IterationCount=3, LaunchCount=1, WarmupCount=3)";;1;Overhead;Actual;14;305122400;268435456;1.14;0;0;0;0
EngineBenchmarks.'JitterService.Apply (high jitter)';;EngineBenchmarks;'JitterService.Apply (high jitter)';ShortRun;Default;Default;Default;Default;Default;Default;Default;Default;Default;Default;Default;Default;Default;Default;Default;Default;Default;Default;Default;Default;Default;Default;Default;Default;Default;Default;Default;Default;Default;Default;Default;3;Default;1;Default;Default;Default;Default;Default;Default;Default;3;"ShortRun(IterationCount=3, LaunchCount=1, WarmupCount=3)";;1;Overhead;Actual;15;296500500;268435456;1.1;0;0;0;0
EngineBenchmarks.'JitterService.Apply (high jitter)';;EngineBenchmarks;'JitterService.Apply (high jitter)';ShortRun;Default;Default;Default;Default;Default;Default;Default;Default;Default;Default;Default;Default;Default;Default;Default;Default;Default;Default;Default;Default;Default;Default;Default;Default;Default;Default;Default;Default;Default;Default;Default;3;Default;1;Default;Default;Default;Default;Default;Default;Default;3;"ShortRun(IterationCount=3, LaunchCount=1, WarmupCount=3)";;1;Workload;Warmup;1;988798000;268435456;3.68;0;0;0;0
EngineBenchmarks.'JitterService.Apply (high jitter)';;EngineBenchmarks;'JitterService.Apply (high jitter)';ShortRun;Default;Default;Default;Default;Default;Default;Default;Default;Default;Default;Default;Default;Default;Default;Default;Default;Default;Default;Default;Default;Default;Default;Default;Default;Default;Default;Default;Default;Default;Default;Default;3;Default;1;Default;Default;Default;Default;Default;Default;Default;3;"ShortRun(IterationCount=3, LaunchCount=1, WarmupCount=3)";;1;Workload;Warmup;2;994196700;268435456;3.7;0;0;0;0
EngineBenchmarks.'JitterService.Apply (high jitter)';;EngineBenchmarks;'JitterService.Apply (high jitter)';ShortRun;Default;Default;Default;Default;Default;Default;Default;Default;Default;Default;Default;Default;Default;Default;Default;Default;Default;Default;Default;Default;Default;Default;Default;Default;Default;Default;Default;Default;Default;Default;Default;3;Default;1;Default;Default;Default;Default;Default;Default;Default;3;"ShortRun(IterationCount=3, LaunchCount=1, WarmupCount=3)";;1;Workload;Warmup;3;989730300;268435456;3.69;0;0;0;0
EngineBenchmarks.'JitterService.Apply (high jitter)';;EngineBenchmarks;'JitterService.Apply (high jitter)';ShortRun;Default;Default;Default;Default;Default;Default;Default;Default;Default;Default;Default;Default;Default;Default;Default;Default;Default;Default;Default;Default;Default;Default;Default;Default;Default;Default;Default;Default;Default;Default;Default;3;Default;1;Default;Default;Default;Default;Default;Default;Default;3;"ShortRun(IterationCount=3, LaunchCount=1, WarmupCount=3)";;1;Workload;Actual;1;989457600;268435456;3.69;0;0;0;0
EngineBenchmarks.'JitterService.Apply (high jitter)';;EngineBenchmarks;'JitterService.Apply (high jitter)';ShortRun;Default;Default;Default;Default;Default;Default;Default;Default;Default;Default;Default;Default;Default;Default;Default;Default;Default;Default;Default;Default;Default;Default;Default;Default;Default;Default;Default;Default;Default;Default;Default;3;Default;1;Default;Default;Default;Default;Default;Default;Default;3;"ShortRun(IterationCount=3, LaunchCount=1, WarmupCount=3)";;1;Workload;Actual;2;989278700;268435456;3.69;0;0;0;0
EngineBenchmarks.'JitterService.Apply (high jitter)';;EngineBenchmarks;'JitterService.Apply (high jitter)';ShortRun;Default;Default;Default;Default;Default;Default;Default;Default;Default;Default;Default;Default;Default;Default;Default;Default;Default;Default;Default;Default;Default;Default;Default;Default;Default;Default;Default;Default;Default;Default;Default;3;Default;1;Default;Default;Default;Default;Default;Default;Default;3;"ShortRun(IterationCount=3, LaunchCount=1, WarmupCount=3)";;1;Workload;Actual;3;992883400;268435456;3.7;0;0;0;0
EngineBenchmarks.'JitterService.Apply (high jitter)';;EngineBenchmarks;'JitterService.Apply (high jitter)';ShortRun;Default;Default;Default;Default;Default;Default;Default;Default;Default;Default;Default;Default;Default;Default;Default;Default;Default;Default;Default;Default;Default;Default;Default;Default;Default;Default;Default;Default;Default;Default;Default;3;Default;1;Default;Default;Default;Default;Default;Default;Default;3;"ShortRun(IterationCount=3, LaunchCount=1, WarmupCount=3)";;1;Workload;Result;1;689972100;268435456;2.57;0;0;0;0
EngineBenchmarks.'JitterService.Apply (high jitter)';;EngineBenchmarks;'JitterService.Apply (high jitter)';ShortRun;Default;Default;Default;Default;Default;Default;Default;Default;Default;Default;Default;Default;Default;Default;Default;Default;Default;Default;Default;Default;Default;Default;Default;Default;Default;Default;Default;Default;Default;Default;Default;3;Default;1;Default;Default;Default;Default;Default;Default;Default;3;"ShortRun(IterationCount=3, LaunchCount=1, WarmupCount=3)";;1;Workload;Result;2;689793200;268435456;2.57;0;0;0;0
EngineBenchmarks.'JitterService.Apply (high jitter)';;EngineBenchmarks;'JitterService.Apply (high jitter)';ShortRun;Default;Default;Default;Default;Default;Default;Default;Default;Default;Default;Default;Default;Default;Default;Default;Default;Default;Default;Default;Default;Default;Default;Default;Default;Default;Default;Default;Default;Default;Default;Default;3;Default;1;Default;Default;Default;Default;Default;Default;Default;3;"ShortRun(IterationCount=3, LaunchCount=1, WarmupCount=3)";;1;Workload;Result;3;693397900;268435456;2.58;0;0;0;0
