Target;Target_Namespace;Target_Type;Target_Method;Job_Id;Job_AnalyzeLaunchVariance;Job_EvaluateOverhead;Job_MaxAbsoluteError;Job_MaxRelativeError;Job_MinInvokeCount;Job_MinIterationTime;Job_OutlierMode;Job_Affinity;Job_EnvironmentVariables;Job_Jit;Job_LargeAddressAware;Job_Platform;Job_PowerPlanMode;Job_Runtime;Job_AllowVeryLargeObjects;Job_Concurrent;Job_CpuGroups;Job_Force;Job_HeapAffinitizeMask;Job_HeapCount;Job_NoAffinitize;Job_RetainVm;Job_Server;Job_Arguments;Job_BuildConfiguration;Job_Clock;Job_EngineFactory;Job_NuGetReferences;Job_Toolchain;Job_IsMutator;Job_InvocationCount;Job_IterationCount;Job_IterationTime;Job_LaunchCount;Job_MaxIterationCount;Job_MaxWarmupIterationCount;Job_MemoryRandomization;Job_MinIterationCount;Job_MinWarmupIterationCount;Job_RunStrategy;Job_UnrollFactor;Job_WarmupCount;Job_Display;Params;Measurement_LaunchIndex;Measurement_IterationMode;Measurement_IterationStage;Measurement_IterationIndex;Measurement_Nanoseconds;Measurement_Operations;Measurement_Value;Gen_0;Gen_1;Gen_2;Allocated_Bytes
InputEmulationBenchmarks.'Single keystroke emulation (KeyDown+KeyUp)';RagnaController.Benchmarks;InputEmulationBenchmarks;'Single keystroke emulation (KeyDown+KeyUp)';Job-FSVFRZ;Default;Default;Default;Default;Default;Default;Default;Default;Default;Default;Default;Default;Default;Default;Default;Default;Default;Default;Default;Default;Default;Default;True;Default;Default;Default;Default;Default;Default;Default;Default;10;Default;1;Default;Default;Default;Default;Default;Default;Default;3;"Job-FSVFRZ(Server=True, IterationCount=10, LaunchCount=1, WarmupCount=3)";;1;Overhead;Jitting;1;106900;1;106900;1;0;0;145
InputEmulationBenchmarks.'Single keystroke emulation (KeyDown+KeyUp)';RagnaController.Benchmarks;InputEmulationBenchmarks;'Single keystroke emulation (KeyDown+KeyUp)';Job-FSVFRZ;Default;Default;Default;Default;Default;Default;Default;Default;Default;Default;Default;Default;Default;Default;Default;Default;Default;Default;Default;Default;Default;Default;True;Default;Default;Default;Default;Default;Default;Default;Default;10;Default;1;Default;Default;Default;Default;Default;Default;Default;3;"Job-FSVFRZ(Server=True, IterationCount=10, LaunchCount=1, WarmupCount=3)";;1;Workload;Jitting;1;764100;1;764100;1;0;0;145
InputEmulationBenchmarks.'Single keystroke emulation (KeyDown+KeyUp)';RagnaController.Benchmarks;InputEmulationBenchmarks;'Single keystroke emulation (KeyDown+KeyUp)';Job-FSVFRZ;Default;Default;Default;Default;Default;Default;Default;Default;Default;Default;Default;Default;Default;Default;Default;Default;Default;Default;Default;Default;Default;Default;True;Default;Default;Default;Default;Default;Default;Default;Default;10;Default;1;Default;Default;Default;Default;Default;Default;Default;3;"Job-FSVFRZ(Server=True, IterationCount=10, LaunchCount=1, WarmupCount=3)";;1;Overhead;Jitting;2;126500;16;7906.25;1;0;0;145
InputEmulationBenchmarks.'Single keystroke emulation (KeyDown+KeyUp)';RagnaController.Benchmarks;InputEmulationBenchmarks;'Single keystroke emulation (KeyDown+KeyUp)';Job-FSVFRZ;Default;Default;Default;Default;Default;Default;Default;Default;Default;Default;Default;Default;Default;Default;Default;Default;Default;Default;Default;Default;Default;Default;True;Default;Default;Default;Default;Default;Default;Default;Default;10;Default;1;Default;Default;Default;Default;Default;Default;Default;3;"Job-FSVFRZ(Server=True, IterationCount=10, LaunchCount=1, WarmupCount=3)";;1;Workload;Jitting;2;136600;16;8537.5;1;0;0;145
InputEmulationBenchmarks.'Single keystroke emulation (KeyDown+KeyUp)';RagnaController.Benchmarks;InputEmulationBenchmarks;'Single keystroke emulation (KeyDown+KeyUp)';Job-FSVFRZ;Default;Default;Default;Default;Default;Default;Default;Default;Default;Default;Default;Default;Default;Default;Default;Default;Default;Default;Default;Default;Default;Default;True;Default;Default;Default;Default;Default;Default;Default;Default;10;Default;1;Default;Default;Default;Default;Default;Default;Default;3;"Job-FSVFRZ(Server=True, IterationCount=10, LaunchCount=1, WarmupCount=3)";;1;Workload;Pilot;1;11400;16;712.5;1;0;0;145
InputEmulationBenchmarks.'Single keystroke emulation (KeyDown+KeyUp)';RagnaController.Benchmarks;InputEmulationBenchmarks;'Single keystroke emulation (KeyDown+KeyUp)';Job-FSVFRZ;Default;Default;Default;Default;Default;Default;Default;Default;Default;Default;Default;Default;Default;Default;Default;Default;Default;Default;Default;Default;Default;Default;True;Default;Default;Default;Default;Default;Default;Default;Default;10;Default;1;Default;Default;Default;Default;Default;Default;Default;3;"Job-FSVFRZ(Server=True, IterationCount=10, LaunchCount=1, WarmupCount=3)";;1;Workload;Pilot;2;8500;32;265.63;1;0;0;145
InputEmulationBenchmarks.'Single keystroke emulation (KeyDown+KeyUp)';RagnaController.Benchmarks;InputEmulationBenchmarks;'Single keystroke emulation (KeyDown+KeyUp)';Job-FSVFRZ;Default;Default;Default;Default;Default;Default;Default;Default;Default;Default;Default;Default;Default;Default;Default;Default;Default;Default;Default;Default;Default;Default;True;Default;Default;Default;Default;Default;Default;Default;Default;10;Default;1;Default;Default;Default;Default;Default;Default;Default;3;"Job-FSVFRZ(Server=True, IterationCount=10, LaunchCount=1, WarmupCount=3)";;1;Workload;Pilot;3;12200;64;190.63;1;0;0;145
InputEmulationBenchmarks.'Single keystroke emulation (KeyDown+KeyUp)';RagnaController.Benchmarks;InputEmulationBenchmarks;'Single keystroke emulation (KeyDown+KeyUp)';Job-FSVFRZ;Default;Default;Default;Default;Default;Default;Default;Default;Default;Default;Default;Default;Default;Default;Default;Default;Default;Default;Default;Default;Default;Default;True;Default;Default;Default;Default;Default;Default;Default;Default;10;Default;1;Default;Default;Default;Default;Default;Default;Default;3;"Job-FSVFRZ(Server=True, IterationCount=10, LaunchCount=1, WarmupCount=3)";;1;Workload;Pilot;4;30500;128;238.28;1;0;0;145
InputEmulationBenchmarks.'Single keystroke emulation (KeyDown+KeyUp)';RagnaController.Benchmarks;InputEmulationBenchmarks;'Single keystroke emulation (KeyDown+KeyUp)';Job-FSVFRZ;Default;Default;Default;Default;Default;Default;Default;Default;Default;Default;Default;Default;Default;Default;Default;Default;Default;Default;Default;Default;Default;Default;True;Default;Default;Default;Default;Default;Default;Default;Default;10;Default;1;Default;Default;Default;Default;Default;Default;Default;3;"Job-FSVFRZ(Server=True, IterationCount=10, LaunchCount=1, WarmupCount=3)";;1;Workload;Pilot;5;36300;256;141.8;1;0;0;145
InputEmulationBenchmarks.'Single keystroke emulation (KeyDown+KeyUp)';RagnaController.Benchmarks;InputEmulationBenchmarks;'Single keystroke emulation (KeyDown+KeyUp)';Job-FSVFRZ;Default;Default;Default;Default;Default;Default;Default;Default;Default;Default;Default;Default;Default;Default;Default;Default;Default;Default;Default;Default;Default;Default;True;Default;Default;Default;Default;Default;Default;Default;Default;10;Default;1;Default;Default;Default;Default;Default;Default;Default;3;"Job-FSVFRZ(Server=True, IterationCount=10, LaunchCount=1, WarmupCount=3)";;1;Workload;Pilot;6;76800;512;150;1;0;0;145
InputEmulationBenchmarks.'Single keystroke emulation (KeyDown+KeyUp)';RagnaController.Benchmarks;InputEmulationBenchmarks;'Single keystroke emulation (KeyDown+KeyUp)';Job-FSVFRZ;Default;Default;Default;Default;Default;Default;Default;Default;Default;Default;Default;Default;Default;Default;Default;Default;Default;Default;Default;Default;Default;Default;True;Default;Default;Default;Default;Default;Default;Default;Default;10;Default;1;Default;Default;Default;Default;Default;Default;Default;3;"Job-FSVFRZ(Server=True, IterationCount=10, LaunchCount=1, WarmupCount=3)";;1;Workload;Pilot;7;149900;1024;146.39;1;0;0;145
InputEmulationBenchmarks.'Single keystroke emulation (KeyDown+KeyUp)';RagnaController.Benchmarks;InputEmulationBenchmarks;'Single keystroke emulation (KeyDown+KeyUp)';Job-FSVFRZ;Default;Default;Default;Default;Default;Default;Default;Default;Default;Default;Default;Default;Default;Default;Default;Default;Default;Default;Default;Default;Default;Default;True;Default;Default;Default;Default;Default;Default;Default;Default;10;Default;1;Default;Default;Default;Default;Default;Default;Default;3;"Job-FSVFRZ(Server=True, IterationCount=10, LaunchCount=1, WarmupCount=3)";;1;Workload;Pilot;8;252800;2048;123.44;1;0;0;145
InputEmulationBenchmarks.'Single keystroke emulation (KeyDown+KeyUp)';RagnaController.Benchmarks;InputEmulationBenchmarks;'Single keystroke emulation (KeyDown+KeyUp)';Job-FSVFRZ;Default;Default;Default;Default;Default;Default;Default;Default;Default;Default;Default;Default;Default;Default;Default;Default;Default;Default;Default;Default;Default;Default;True;Default;Default;Default;Default;Default;Default;Default;Default;10;Default;1;Default;Default;Default;Default;Default;Default;Default;3;"Job-FSVFRZ(Server=True, IterationCount=10, LaunchCount=1, WarmupCount=3)";;1;Workload;Pilot;9;480900;4096;117.41;1;0;0;145
InputEmulationBenchmarks.'Single keystroke emulation (KeyDown+KeyUp)';RagnaController.Benchmarks;InputEmulationBenchmarks;'Single keystroke emulation (KeyDown+KeyUp)';Job-FSVFRZ;Default;Default;Default;Default;Default;Default;Default;Default;Default;Default;Default;Default;Default;Default;Default;Default;Default;Default;Default;Default;Default;Default;True;Default;Default;Default;Default;Default;Default;Default;Default;10;Default;1;Default;Default;Default;Default;Default;Default;Default;3;"Job-FSVFRZ(Server=True, IterationCount=10, LaunchCount=1, WarmupCount=3)";;1;Workload;Pilot;10;1885600;8192;230.18;1;0;0;145
InputEmulationBenchmarks.'Single keystroke emulation (KeyDown+KeyUp)';RagnaController.Benchmarks;InputEmulationBenchmarks;'Single keystroke emulation (KeyDown+KeyUp)';Job-FSVFRZ;Default;Default;Default;Default;Default;Default;Default;Default;Default;Default;Default;Default;Default;Default;Default;Default;Default;Default;Default;Default;Default;Default;True;Default;Default;Default;Default;Default;Default;Default;Default;10;Default;1;Default;Default;Default;Default;Default;Default;Default;3;"Job-FSVFRZ(Server=True, IterationCount=10, LaunchCount=1, WarmupCount=3)";;1;Workload;Pilot;11;3426300;16384;209.12;1;0;0;145
InputEmulationBenchmarks.'Single keystroke emulation (KeyDown+KeyUp)';RagnaController.Benchmarks;InputEmulationBenchmarks;'Single keystroke emulation (KeyDown+KeyUp)';Job-FSVFRZ;Default;Default;Default;Default;Default;Default;Default;Default;Default;Default;Default;Default;Default;Default;Default;Default;Default;Default;Default;Default;Default;Default;True;Default;Default;Default;Default;Default;Default;Default;Default;10;Default;1;Default;Default;Default;Default;Default;Default;Default;3;"Job-FSVFRZ(Server=True, IterationCount=10, LaunchCount=1, WarmupCount=3)";;1;Workload;Pilot;12;8445800;32768;257.75;1;0;0;145
InputEmulationBenchmarks.'Single keystroke emulation (KeyDown+KeyUp)';RagnaController.Benchmarks;InputEmulationBenchmarks;'Single keystroke emulation (KeyDown+KeyUp)';Job-FSVFRZ;Default;Default;Default;Default;Default;Default;Default;Default;Default;Default;Default;Default;Default;Default;Default;Default;Default;Default;Default;Default;Default;Default;True;Default;Default;Default;Default;Default;Default;Default;Default;10;Default;1;Default;Default;Default;Default;Default;Default;Default;3;"Job-FSVFRZ(Server=True, IterationCount=10, LaunchCount=1, WarmupCount=3)";;1;Workload;Pilot;13;13384600;65536;204.23;1;0;0;145
InputEmulationBenchmarks.'Single keystroke emulation (KeyDown+KeyUp)';RagnaController.Benchmarks;InputEmulationBenchmarks;'Single keystroke emulation (KeyDown+KeyUp)';Job-FSVFRZ;Default;Default;Default;Default;Default;Default;Default;Default;Default;Default;Default;Default;Default;Default;Default;Default;Default;Default;Default;Default;Default;Default;True;Default;Default;Default;Default;Default;Default;Default;Default;10;Default;1;Default;Default;Default;Default;Default;Default;Default;3;"Job-FSVFRZ(Server=True, IterationCount=10, LaunchCount=1, WarmupCount=3)";;1;Workload;Pilot;14;25558300;131072;194.99;1;0;0;145
InputEmulationBenchmarks.'Single keystroke emulation (KeyDown+KeyUp)';RagnaController.Benchmarks;InputEmulationBenchmarks;'Single keystroke emulation (KeyDown+KeyUp)';Job-FSVFRZ;Default;Default;Default;Default;Default;Default;Default;Default;Default;Default;Default;Default;Default;Default;Default;Default;Default;Default;Default;Default;Default;Default;True;Default;Default;Default;Default;Default;Default;Default;Default;10;Default;1;Default;Default;Default;Default;Default;Default;Default;3;"Job-FSVFRZ(Server=True, IterationCount=10, LaunchCount=1, WarmupCount=3)";;1;Workload;Pilot;15;57722700;262144;220.19;1;0;0;145
InputEmulationBenchmarks.'Single keystroke emulation (KeyDown+KeyUp)';RagnaController.Benchmarks;InputEmulationBenchmarks;'Single keystroke emulation (KeyDown+KeyUp)';Job-FSVFRZ;Default;Default;Default;Default;Default;Default;Default;Default;Default;Default;Default;Default;Default;Default;Default;Default;Default;Default;Default;Default;Default;Default;True;Default;Default;Default;Default;Default;Default;Default;Default;10;Default;1;Default;Default;Default;Default;Default;Default;Default;3;"Job-FSVFRZ(Server=True, IterationCount=10, LaunchCount=1, WarmupCount=3)";;1;Workload;Pilot;16;92923700;524288;177.24;1;0;0;145
InputEmulationBenchmarks.'Single keystroke emulation (KeyDown+KeyUp)';RagnaController.Benchmarks;InputEmulationBenchmarks;'Single keystroke emulation (KeyDown+KeyUp)';Job-FSVFRZ;Default;Default;Default;Default;Default;Default;Default;Default;Default;Default;Default;Default;Default;Default;Default;Default;Default;Default;Default;Default;Default;Default;True;Default;Default;Default;Default;Default;Default;Default;Default;10;Default;1;Default;Default;Default;Default;Default;Default;Default;3;"Job-FSVFRZ(Server=True, IterationCount=10, LaunchCount=1, WarmupCount=3)";;1;Workload;Pilot;17;182396900;1048576;173.95;1;0;0;145
InputEmulationBenchmarks.'Single keystroke emulation (KeyDown+KeyUp)';RagnaController.Benchmarks;InputEmulationBenchmarks;'Single keystroke emulation (KeyDown+KeyUp)';Job-FSVFRZ;Default;Default;Default;Default;Default;Default;Default;Default;Default;Default;Default;Default;Default;Default;Default;Default;Default;Default;Default;Default;Default;Default;True;Default;Default;Default;Default;Default;Default;Default;Default;10;Default;1;Default;Default;Default;Default;Default;Default;Default;3;"Job-FSVFRZ(Server=True, IterationCount=10, LaunchCount=1, WarmupCount=3)";;1;Workload;Pilot;18;475197700;2097152;226.59;1;0;0;145
InputEmulationBenchmarks.'Single keystroke emulation (KeyDown+KeyUp)';RagnaController.Benchmarks;InputEmulationBenchmarks;'Single keystroke emulation (KeyDown+KeyUp)';Job-FSVFRZ;Default;Default;Default;Default;Default;Default;Default;Default;Default;Default;Default;Default;Default;Default;Default;Default;Default;Default;Default;Default;Default;Default;True;Default;Default;Default;Default;Default;Default;Default;Default;10;Default;1;Default;Default;Default;Default;Default;Default;Default;3;"Job-FSVFRZ(Server=True, IterationCount=10, LaunchCount=1, WarmupCount=3)";;1;Workload;Pilot;19;861953900;4194304;205.51;1;0;0;145
InputEmulationBenchmarks.'Single keystroke emulation (KeyDown+KeyUp)';RagnaController.Benchmarks;InputEmulationBenchmarks;'Single keystroke emulation (KeyDown+KeyUp)';Job-FSVFRZ;Default;Default;Default;Default;Default;Default;Default;Default;Default;Default;Default;Default;Default;Default;Default;Default;Default;Default;Default;Default;Default;Default;True;Default;Default;Default;Default;Default;Default;Default;Default;10;Default;1;Default;Default;Default;Default;Default;Default;Default;3;"Job-FSVFRZ(Server=True, IterationCount=10, LaunchCount=1, WarmupCount=3)";;1;Overhead;Warmup;1;6208100;4194304;1.48;1;0;0;145
InputEmulationBenchmarks.'Single keystroke emulation (KeyDown+KeyUp)';RagnaController.Benchmarks;InputEmulationBenchmarks;'Single keystroke emulation (KeyDown+KeyUp)';Job-FSVFRZ;Default;Default;Default;Default;Default;Default;Default;Default;Default;Default;Default;Default;Default;Default;Default;Default;Default;Default;Default;Default;Default;Default;True;Default;Default;Default;Default;Default;Default;Default;Default;10;Default;1;Default;Default;Default;Default;Default;Default;Default;3;"Job-FSVFRZ(Server=True, IterationCount=10, LaunchCount=1, WarmupCount=3)";;1;Overhead;Warmup;2;5243300;4194304;1.25;1;0;0;145
InputEmulationBenchmarks.'Single keystroke emulation (KeyDown+KeyUp)';RagnaController.Benchmarks;InputEmulationBenchmarks;'Single keystroke emulation (KeyDown+KeyUp)';Job-FSVFRZ;Default;Default;Default;Default;Default;Default;Default;Default;Default;Default;Default;Default;Default;Default;Default;Default;Default;Default;Default;Default;Default;Default;True;Default;Default;Default;Default;Default;Default;Default;Default;10;Default;1;Default;Default;Default;Default;Default;Default;Default;3;"Job-FSVFRZ(Server=True, IterationCount=10, LaunchCount=1, WarmupCount=3)";;1;Overhead;Warmup;3;4877800;4194304;1.16;1;0;0;145
InputEmulationBenchmarks.'Single keystroke emulation (KeyDown+KeyUp)';RagnaController.Benchmarks;InputEmulationBenchmarks;'Single keystroke emulation (KeyDown+KeyUp)';Job-FSVFRZ;Default;Default;Default;Default;Default;Default;Default;Default;Default;Default;Default;Default;Default;Default;Default;Default;Default;Default;Default;Default;Default;Default;True;Default;Default;Default;Default;Default;Default;Default;Default;10;Default;1;Default;Default;Default;Default;Default;Default;Default;3;"Job-FSVFRZ(Server=True, IterationCount=10, LaunchCount=1, WarmupCount=3)";;1;Overhead;Warmup;4;5287700;4194304;1.26;1;0;0;145
InputEmulationBenchmarks.'Single keystroke emulation (KeyDown+KeyUp)';RagnaController.Benchmarks;InputEmulationBenchmarks;'Single keystroke emulation (KeyDown+KeyUp)';Job-FSVFRZ;Default;Default;Default;Default;Default;Default;Default;Default;Default;Default;Default;Default;Default;Default;Default;Default;Default;Default;Default;Default;Default;Default;True;Default;Default;Default;Default;Default;Default;Default;Default;10;Default;1;Default;Default;Default;Default;Default;Default;Default;3;"Job-FSVFRZ(Server=True, IterationCount=10, LaunchCount=1, WarmupCount=3)";;1;Overhead;Warmup;5;4975600;4194304;1.19;1;0;0;145
InputEmulationBenchmarks.'Single keystroke emulation (KeyDown+KeyUp)';RagnaController.Benchmarks;InputEmulationBenchmarks;'Single keystroke emulation (KeyDown+KeyUp)';Job-FSVFRZ;Default;Default;Default;Default;Default;Default;Default;Default;Default;Default;Default;Default;Default;Default;Default;Default;Default;Default;Default;Default;Default;Default;True;Default;Default;Default;Default;Default;Default;Default;Default;10;Default;1;Default;Default;Default;Default;Default;Default;Default;3;"Job-FSVFRZ(Server=True, IterationCount=10, LaunchCount=1, WarmupCount=3)";;1;Overhead;Warmup;6;4895200;4194304;1.17;1;0;0;145
InputEmulationBenchmarks.'Single keystroke emulation (KeyDown+KeyUp)';RagnaController.Benchmarks;InputEmulationBenchmarks;'Single keystroke emulation (KeyDown+KeyUp)';Job-FSVFRZ;Default;Default;Default;Default;Default;Default;Default;Default;Default;Default;Default;Default;Default;Default;Default;Default;Default;Default;Default;Default;Default;Default;True;Default;Default;Default;Default;Default;Default;Default;Default;10;Default;1;Default;Default;Default;Default;Default;Default;Default;3;"Job-FSVFRZ(Server=True, IterationCount=10, LaunchCount=1, WarmupCount=3)";;1;Overhead;Warmup;7;5416100;4194304;1.29;1;0;0;145
InputEmulationBenchmarks.'Single keystroke emulation (KeyDown+KeyUp)';RagnaController.Benchmarks;InputEmulationBenchmarks;'Single keystroke emulation (KeyDown+KeyUp)';Job-FSVFRZ;Default;Default;Default;Default;Default;Default;Default;Default;Default;Default;Default;Default;Default;Default;Default;Default;Default;Default;Default;Default;Default;Default;True;Default;Default;Default;Default;Default;Default;Default;Default;10;Default;1;Default;Default;Default;Default;Default;Default;Default;3;"Job-FSVFRZ(Server=True, IterationCount=10, LaunchCount=1, WarmupCount=3)";;1;Overhead;Warmup;8;5039600;4194304;1.2;1;0;0;145
InputEmulationBenchmarks.'Single keystroke emulation (KeyDown+KeyUp)';RagnaController.Benchmarks;InputEmulationBenchmarks;'Single keystroke emulation (KeyDown+KeyUp)';Job-FSVFRZ;Default;Default;Default;Default;Default;Default;Default;Default;Default;Default;Default;Default;Default;Default;Default;Default;Default;Default;Default;Default;Default;Default;True;Default;Default;Default;Default;Default;Default;Default;Default;10;Default;1;Default;Default;Default;Default;Default;Default;Default;3;"Job-FSVFRZ(Server=True, IterationCount=10, LaunchCount=1, WarmupCount=3)";;1;Overhead;Actual;1;4889700;4194304;1.17;1;0;0;145
InputEmulationBenchmarks.'Single keystroke emulation (KeyDown+KeyUp)';RagnaController.Benchmarks;InputEmulationBenchmarks;'Single keystroke emulation (KeyDown+KeyUp)';Job-FSVFRZ;Default;Default;Default;Default;Default;Default;Default;Default;Default;Default;Default;Default;Default;Default;Default;Default;Default;Default;Default;Default;Default;Default;True;Default;Default;Default;Default;Default;Default;Default;Default;10;Default;1;Default;Default;Default;Default;Default;Default;Default;3;"Job-FSVFRZ(Server=True, IterationCount=10, LaunchCount=1, WarmupCount=3)";;1;Overhead;Actual;2;4688100;4194304;1.12;1;0;0;145
InputEmulationBenchmarks.'Single keystroke emulation (KeyDown+KeyUp)';RagnaController.Benchmarks;InputEmulationBenchmarks;'Single keystroke emulation (KeyDown+KeyUp)';Job-FSVFRZ;Default;Default;Default;Default;Default;Default;Default;Default;Default;Default;Default;Default;Default;Default;Default;Default;Default;Default;Default;Default;Default;Default;True;Default;Default;Default;Default;Default;Default;Default;Default;10;Default;1;Default;Default;Default;Default;Default;Default;Default;3;"Job-FSVFRZ(Server=True, IterationCount=10, LaunchCount=1, WarmupCount=3)";;1;Overhead;Actual;3;5147900;4194304;1.23;1;0;0;145
InputEmulationBenchmarks.'Single keystroke emulation (KeyDown+KeyUp)';RagnaController.Benchmarks;InputEmulationBenchmarks;'Single keystroke emulation (KeyDown+KeyUp)';Job-FSVFRZ;Default;Default;Default;Default;Default;Default;Default;Default;Default;Default;Default;Default;Default;Default;Default;Default;Default;Default;Default;Default;Default;Default;True;Default;Default;Default;Default;Default;Default;Default;Default;10;Default;1;Default;Default;Default;Default;Default;Default;Default;3;"Job-FSVFRZ(Server=True, IterationCount=10, LaunchCount=1, WarmupCount=3)";;1;Overhead;Actual;4;5285900;4194304;1.26;1;0;0;145
InputEmulationBenchmarks.'Single keystroke emulation (KeyDown+KeyUp)';RagnaController.Benchmarks;InputEmulationBenchmarks;'Single keystroke emulation (KeyDown+KeyUp)';Job-FSVFRZ;Default;Default;Default;Default;Default;Default;Default;Default;Default;Default;Default;Default;Default;Default;Default;Default;Default;Default;Default;Default;Default;Default;True;Default;Default;Default;Default;Default;Default;Default;Default;10;Default;1;Default;Default;Default;Default;Default;Default;Default;3;"Job-FSVFRZ(Server=True, IterationCount=10, LaunchCount=1, WarmupCount=3)";;1;Overhead;Actual;5;4949900;4194304;1.18;1;0;0;145
InputEmulationBenchmarks.'Single keystroke emulation (KeyDown+KeyUp)';RagnaController.Benchmarks;InputEmulationBenchmarks;'Single keystroke emulation (KeyDown+KeyUp)';Job-FSVFRZ;Default;Default;Default;Default;Default;Default;Default;Default;Default;Default;Default;Default;Default;Default;Default;Default;Default;Default;Default;Default;Default;Default;True;Default;Default;Default;Default;Default;Default;Default;Default;10;Default;1;Default;Default;Default;Default;Default;Default;Default;3;"Job-FSVFRZ(Server=True, IterationCount=10, LaunchCount=1, WarmupCount=3)";;1;Overhead;Actual;6;4959100;4194304;1.18;1;0;0;145
InputEmulationBenchmarks.'Single keystroke emulation (KeyDown+KeyUp)';RagnaController.Benchmarks;InputEmulationBenchmarks;'Single keystroke emulation (KeyDown+KeyUp)';Job-FSVFRZ;Default;Default;Default;Default;Default;Default;Default;Default;Default;Default;Default;Default;Default;Default;Default;Default;Default;Default;Default;Default;Default;Default;True;Default;Default;Default;Default;Default;Default;Default;Default;10;Default;1;Default;Default;Default;Default;Default;Default;Default;3;"Job-FSVFRZ(Server=True, IterationCount=10, LaunchCount=1, WarmupCount=3)";;1;Overhead;Actual;7;5443000;4194304;1.3;1;0;0;145
InputEmulationBenchmarks.'Single keystroke emulation (KeyDown+KeyUp)';RagnaController.Benchmarks;InputEmulationBenchmarks;'Single keystroke emulation (KeyDown+KeyUp)';Job-FSVFRZ;Default;Default;Default;Default;Default;Default;Default;Default;Default;Default;Default;Default;Default;Default;Default;Default;Default;Default;Default;Default;Default;Default;True;Default;Default;Default;Default;Default;Default;Default;Default;10;Default;1;Default;Default;Default;Default;Default;Default;Default;3;"Job-FSVFRZ(Server=True, IterationCount=10, LaunchCount=1, WarmupCount=3)";;1;Overhead;Actual;8;5622900;4194304;1.34;1;0;0;145
InputEmulationBenchmarks.'Single keystroke emulation (KeyDown+KeyUp)';RagnaController.Benchmarks;InputEmulationBenchmarks;'Single keystroke emulation (KeyDown+KeyUp)';Job-FSVFRZ;Default;Default;Default;Default;Default;Default;Default;Default;Default;Default;Default;Default;Default;Default;Default;Default;Default;Default;Default;Default;Default;Default;True;Default;Default;Default;Default;Default;Default;Default;Default;10;Default;1;Default;Default;Default;Default;Default;Default;Default;3;"Job-FSVFRZ(Server=True, IterationCount=10, LaunchCount=1, WarmupCount=3)";;1;Overhead;Actual;9;4606800;4194304;1.1;1;0;0;145
InputEmulationBenchmarks.'Single keystroke emulation (KeyDown+KeyUp)';RagnaController.Benchmarks;InputEmulationBenchmarks;'Single keystroke emulation (KeyDown+KeyUp)';Job-FSVFRZ;Default;Default;Default;Default;Default;Default;Default;Default;Default;Default;Default;Default;Default;Default;Default;Default;Default;Default;Default;Default;Default;Default;True;Default;Default;Default;Default;Default;Default;Default;Default;10;Default;1;Default;Default;Default;Default;Default;Default;Default;3;"Job-FSVFRZ(Server=True, IterationCount=10, LaunchCount=1, WarmupCount=3)";;1;Overhead;Actual;10;6696500;4194304;1.6;1;0;0;145
InputEmulationBenchmarks.'Single keystroke emulation (KeyDown+KeyUp)';RagnaController.Benchmarks;InputEmulationBenchmarks;'Single keystroke emulation (KeyDown+KeyUp)';Job-FSVFRZ;Default;Default;Default;Default;Default;Default;Default;Default;Default;Default;Default;Default;Default;Default;Default;Default;Default;Default;Default;Default;Default;Default;True;Default;Default;Default;Default;Default;Default;Default;Default;10;Default;1;Default;Default;Default;Default;Default;Default;Default;3;"Job-FSVFRZ(Server=True, IterationCount=10, LaunchCount=1, WarmupCount=3)";;1;Overhead;Actual;11;5593400;4194304;1.33;1;0;0;145
InputEmulationBenchmarks.'Single keystroke emulation (KeyDown+KeyUp)';RagnaController.Benchmarks;InputEmulationBenchmarks;'Single keystroke emulation (KeyDown+KeyUp)';Job-FSVFRZ;Default;Default;Default;Default;Default;Default;Default;Default;Default;Default;Default;Default;Default;Default;Default;Default;Default;Default;Default;Default;Default;Default;True;Default;Default;Default;Default;Default;Default;Default;Default;10;Default;1;Default;Default;Default;Default;Default;Default;Default;3;"Job-FSVFRZ(Server=True, IterationCount=10, LaunchCount=1, WarmupCount=3)";;1;Overhead;Actual;12;6022800;4194304;1.44;1;0;0;145
InputEmulationBenchmarks.'Single keystroke emulation (KeyDown+KeyUp)';RagnaController.Benchmarks;InputEmulationBenchmarks;'Single keystroke emulation (KeyDown+KeyUp)';Job-FSVFRZ;Default;Default;Default;Default;Default;Default;Default;Default;Default;Default;Default;Default;Default;Default;Default;Default;Default;Default;Default;Default;Default;Default;True;Default;Default;Default;Default;Default;Default;Default;Default;10;Default;1;Default;Default;Default;Default;Default;Default;Default;3;"Job-FSVFRZ(Server=True, IterationCount=10, LaunchCount=1, WarmupCount=3)";;1;Overhead;Actual;13;5038900;4194304;1.2;1;0;0;145
InputEmulationBenchmarks.'Single keystroke emulation (KeyDown+KeyUp)';RagnaController.Benchmarks;InputEmulationBenchmarks;'Single keystroke emulation (KeyDown+KeyUp)';Job-FSVFRZ;Default;Default;Default;Default;Default;Default;Default;Default;Default;Default;Default;Default;Default;Default;Default;Default;Default;Default;Default;Default;Default;Default;True;Default;Default;Default;Default;Default;Default;Default;Default;10;Default;1;Default;Default;Default;Default;Default;Default;Default;3;"Job-FSVFRZ(Server=True, IterationCount=10, LaunchCount=1, WarmupCount=3)";;1;Overhead;Actual;14;5362200;4194304;1.28;1;0;0;145
InputEmulationBenchmarks.'Single keystroke emulation (KeyDown+KeyUp)';RagnaController.Benchmarks;InputEmulationBenchmarks;'Single keystroke emulation (KeyDown+KeyUp)';Job-FSVFRZ;Default;Default;Default;Default;Default;Default;Default;Default;Default;Default;Default;Default;Default;Default;Default;Default;Default;Default;Default;Default;Default;Default;True;Default;Default;Default;Default;Default;Default;Default;Default;10;Default;1;Default;Default;Default;Default;Default;Default;Default;3;"Job-FSVFRZ(Server=True, IterationCount=10, LaunchCount=1, WarmupCount=3)";;1;Overhead;Actual;15;4897400;4194304;1.17;1;0;0;145
InputEmulationBenchmarks.'Single keystroke emulation (KeyDown+KeyUp)';RagnaController.Benchmarks;InputEmulationBenchmarks;'Single keystroke emulation (KeyDown+KeyUp)';Job-FSVFRZ;Default;Default;Default;Default;Default;Default;Default;Default;Default;Default;Default;Default;Default;Default;Default;Default;Default;Default;Default;Default;Default;Default;True;Default;Default;Default;Default;Default;Default;Default;Default;10;Default;1;Default;Default;Default;Default;Default;Default;Default;3;"Job-FSVFRZ(Server=True, IterationCount=10, LaunchCount=1, WarmupCount=3)";;1;Overhead;Actual;16;5189100;4194304;1.24;1;0;0;145
InputEmulationBenchmarks.'Single keystroke emulation (KeyDown+KeyUp)';RagnaController.Benchmarks;InputEmulationBenchmarks;'Single keystroke emulation (KeyDown+KeyUp)';Job-FSVFRZ;Default;Default;Default;Default;Default;Default;Default;Default;Default;Default;Default;Default;Default;Default;Default;Default;Default;Default;Default;Default;Default;Default;True;Default;Default;Default;Default;Default;Default;Default;Default;10;Default;1;Default;Default;Default;Default;Default;Default;Default;3;"Job-FSVFRZ(Server=True, IterationCount=10, LaunchCount=1, WarmupCount=3)";;1;Overhead;Actual;17;6013200;4194304;1.43;1;0;0;145
InputEmulationBenchmarks.'Single keystroke emulation (KeyDown+KeyUp)';RagnaController.Benchmarks;InputEmulationBenchmarks;'Single keystroke emulation (KeyDown+KeyUp)';Job-FSVFRZ;Default;Default;Default;Default;Default;Default;Default;Default;Default;Default;Default;Default;Default;Default;Default;Default;Default;Default;Default;Default;Default;Default;True;Default;Default;Default;Default;Default;Default;Default;Default;10;Default;1;Default;Default;Default;Default;Default;Default;Default;3;"Job-FSVFRZ(Server=True, IterationCount=10, LaunchCount=1, WarmupCount=3)";;1;Overhead;Actual;18;4736900;4194304;1.13;1;0;0;145
InputEmulationBenchmarks.'Single keystroke emulation (KeyDown+KeyUp)';RagnaController.Benchmarks;InputEmulationBenchmarks;'Single keystroke emulation (KeyDown+KeyUp)';Job-FSVFRZ;Default;Default;Default;Default;Default;Default;Default;Default;Default;Default;Default;Default;Default;Default;Default;Default;Default;Default;Default;Default;Default;Default;True;Default;Default;Default;Default;Default;Default;Default;Default;10;Default;1;Default;Default;Default;Default;Default;Default;Default;3;"Job-FSVFRZ(Server=True, IterationCount=10, LaunchCount=1, WarmupCount=3)";;1;Overhead;Actual;19;4768300;4194304;1.14;1;0;0;145
InputEmulationBenchmarks.'Single keystroke emulation (KeyDown+KeyUp)';RagnaController.Benchmarks;InputEmulationBenchmarks;'Single keystroke emulation (KeyDown+KeyUp)';Job-FSVFRZ;Default;Default;Default;Default;Default;Default;Default;Default;Default;Default;Default;Default;Default;Default;Default;Default;Default;Default;Default;Default;Default;Default;True;Default;Default;Default;Default;Default;Default;Default;Default;10;Default;1;Default;Default;Default;Default;Default;Default;Default;3;"Job-FSVFRZ(Server=True, IterationCount=10, LaunchCount=1, WarmupCount=3)";;1;Overhead;Actual;20;5114600;4194304;1.22;1;0;0;145
InputEmulationBenchmarks.'Single keystroke emulation (KeyDown+KeyUp)';RagnaController.Benchmarks;InputEmulationBenchmarks;'Single keystroke emulation (KeyDown+KeyUp)';Job-FSVFRZ;Default;Default;Default;Default;Default;Default;Default;Default;Default;Default;Default;Default;Default;Default;Default;Default;Default;Default;Default;Default;Default;Default;True;Default;Default;Default;Default;Default;Default;Default;Default;10;Default;1;Default;Default;Default;Default;Default;Default;Default;3;"Job-FSVFRZ(Server=True, IterationCount=10, LaunchCount=1, WarmupCount=3)";;1;Workload;Warmup;1;832405600;4194304;198.46;1;0;0;145
InputEmulationBenchmarks.'Single keystroke emulation (KeyDown+KeyUp)';RagnaController.Benchmarks;InputEmulationBenchmarks;'Single keystroke emulation (KeyDown+KeyUp)';Job-FSVFRZ;Default;Default;Default;Default;Default;Default;Default;Default;Default;Default;Default;Default;Default;Default;Default;Default;Default;Default;Default;Default;Default;Default;True;Default;Default;Default;Default;Default;Default;Default;Default;10;Default;1;Default;Default;Default;Default;Default;Default;Default;3;"Job-FSVFRZ(Server=True, IterationCount=10, LaunchCount=1, WarmupCount=3)";;1;Workload;Warmup;2;741281600;4194304;176.74;1;0;0;145
InputEmulationBenchmarks.'Single keystroke emulation (KeyDown+KeyUp)';RagnaController.Benchmarks;InputEmulationBenchmarks;'Single keystroke emulation (KeyDown+KeyUp)';Job-FSVFRZ;Default;Default;Default;Default;Default;Default;Default;Default;Default;Default;Default;Default;Default;Default;Default;Default;Default;Default;Default;Default;Default;Default;True;Default;Default;Default;Default;Default;Default;Default;Default;10;Default;1;Default;Default;Default;Default;Default;Default;Default;3;"Job-FSVFRZ(Server=True, IterationCount=10, LaunchCount=1, WarmupCount=3)";;1;Workload;Warmup;3;703868800;4194304;167.82;1;0;0;145
InputEmulationBenchmarks.'Single keystroke emulation (KeyDown+KeyUp)';RagnaController.Benchmarks;InputEmulationBenchmarks;'Single keystroke emulation (KeyDown+KeyUp)';Job-FSVFRZ;Default;Default;Default;Default;Default;Default;Default;Default;Default;Default;Default;Default;Default;Default;Default;Default;Default;Default;Default;Default;Default;Default;True;Default;Default;Default;Default;Default;Default;Default;Default;10;Default;1;Default;Default;Default;Default;Default;Default;Default;3;"Job-FSVFRZ(Server=True, IterationCount=10, LaunchCount=1, WarmupCount=3)";;1;Workload;Actual;1;677790700;4194304;161.6;1;0;0;145
InputEmulationBenchmarks.'Single keystroke emulation (KeyDown+KeyUp)';RagnaController.Benchmarks;InputEmulationBenchmarks;'Single keystroke emulation (KeyDown+KeyUp)';Job-FSVFRZ;Default;Default;Default;Default;Default;Default;Default;Default;Default;Default;Default;Default;Default;Default;Default;Default;Default;Default;Default;Default;Default;Default;True;Default;Default;Default;Default;Default;Default;Default;Default;10;Default;1;Default;Default;Default;Default;Default;Default;Default;3;"Job-FSVFRZ(Server=True, IterationCount=10, LaunchCount=1, WarmupCount=3)";;1;Workload;Actual;2;665934300;4194304;158.77;1;0;0;145
InputEmulationBenchmarks.'Single keystroke emulation (KeyDown+KeyUp)';RagnaController.Benchmarks;InputEmulationBenchmarks;'Single keystroke emulation (KeyDown+KeyUp)';Job-FSVFRZ;Default;Default;Default;Default;Default;Default;Default;Default;Default;Default;Default;Default;Default;Default;Default;Default;Default;Default;Default;Default;Default;Default;True;Default;Default;Default;Default;Default;Default;Default;Default;10;Default;1;Default;Default;Default;Default;Default;Default;Default;3;"Job-FSVFRZ(Server=True, IterationCount=10, LaunchCount=1, WarmupCount=3)";;1;Workload;Actual;3;630193100;4194304;150.25;1;0;0;145
InputEmulationBenchmarks.'Single keystroke emulation (KeyDown+KeyUp)';RagnaController.Benchmarks;InputEmulationBenchmarks;'Single keystroke emulation (KeyDown+KeyUp)';Job-FSVFRZ;Default;Default;Default;Default;Default;Default;Default;Default;Default;Default;Default;Default;Default;Default;Default;Default;Default;Default;Default;Default;Default;Default;True;Default;Default;Default;Default;Default;Default;Default;Default;10;Default;1;Default;Default;Default;Default;Default;Default;Default;3;"Job-FSVFRZ(Server=True, IterationCount=10, LaunchCount=1, WarmupCount=3)";;1;Workload;Actual;4;993614800;4194304;236.9;1;0;0;145
InputEmulationBenchmarks.'Single keystroke emulation (KeyDown+KeyUp)';RagnaController.Benchmarks;InputEmulationBenchmarks;'Single keystroke emulation (KeyDown+KeyUp)';Job-FSVFRZ;Default;Default;Default;Default;Default;Default;Default;Default;Default;Default;Default;Default;Default;Default;Default;Default;Default;Default;Default;Default;Default;Default;True;Default;Default;Default;Default;Default;Default;Default;Default;10;Default;1;Default;Default;Default;Default;Default;Default;Default;3;"Job-FSVFRZ(Server=True, IterationCount=10, LaunchCount=1, WarmupCount=3)";;1;Workload;Actual;5;583920500;4194304;139.22;1;0;0;145
InputEmulationBenchmarks.'Single keystroke emulation (KeyDown+KeyUp)';RagnaController.Benchmarks;InputEmulationBenchmarks;'Single keystroke emulation (KeyDown+KeyUp)';Job-FSVFRZ;Default;Default;Default;Default;Default;Default;Default;Default;Default;Default;Default;Default;Default;Default;Default;Default;Default;Default;Default;Default;Default;Default;True;Default;Default;Default;Default;Default;Default;Default;Default;10;Default;1;Default;Default;Default;Default;Default;Default;Default;3;"Job-FSVFRZ(Server=True, IterationCount=10, LaunchCount=1, WarmupCount=3)";;1;Workload;Actual;6;2415202400;4194304;575.83;1;0;0;145
InputEmulationBenchmarks.'Single keystroke emulation (KeyDown+KeyUp)';RagnaController.Benchmarks;InputEmulationBenchmarks;'Single keystroke emulation (KeyDown+KeyUp)';Job-FSVFRZ;Default;Default;Default;Default;Default;Default;Default;Default;Default;Default;Default;Default;Default;Default;Default;Default;Default;Default;Default;Default;Default;Default;True;Default;Default;Default;Default;Default;Default;Default;Default;10;Default;1;Default;Default;Default;Default;Default;Default;Default;3;"Job-FSVFRZ(Server=True, IterationCount=10, LaunchCount=1, WarmupCount=3)";;1;Workload;Actual;7;2613305200;4194304;623.06;1;0;0;145
InputEmulationBenchmarks.'Single keystroke emulation (KeyDown+KeyUp)';RagnaController.Benchmarks;InputEmulationBenchmarks;'Single keystroke emulation (KeyDown+KeyUp)';Job-FSVFRZ;Default;Default;Default;Default;Default;Default;Default;Default;Default;Default;Default;Default;Default;Default;Default;Default;Default;Default;Default;Default;Default;Default;True;Default;Default;Default;Default;Default;Default;Default;Default;10;Default;1;Default;Default;Default;Default;Default;Default;Default;3;"Job-FSVFRZ(Server=True, IterationCount=10, LaunchCount=1, WarmupCount=3)";;1;Workload;Actual;8;1523284800;4194304;363.18;1;0;0;145
InputEmulationBenchmarks.'Single keystroke emulation (KeyDown+KeyUp)';RagnaController.Benchmarks;InputEmulationBenchmarks;'Single keystroke emulation (KeyDown+KeyUp)';Job-FSVFRZ;Default;Default;Default;Default;Default;Default;Default;Default;Default;Default;Default;Default;Default;Default;Default;Default;Default;Default;Default;Default;Default;Default;True;Default;Default;Default;Default;Default;Default;Default;Default;10;Default;1;Default;Default;Default;Default;Default;Default;Default;3;"Job-FSVFRZ(Server=True, IterationCount=10, LaunchCount=1, WarmupCount=3)";;1;Workload;Actual;9;1332899400;4194304;317.79;1;0;0;145
InputEmulationBenchmarks.'Single keystroke emulation (KeyDown+KeyUp)';RagnaController.Benchmarks;InputEmulationBenchmarks;'Single keystroke emulation (KeyDown+KeyUp)';Job-FSVFRZ;Default;Default;Default;Default;Default;Default;Default;Default;Default;Default;Default;Default;Default;Default;Default;Default;Default;Default;Default;Default;Default;Default;True;Default;Default;Default;Default;Default;Default;Default;Default;10;Default;1;Default;Default;Default;Default;Default;Default;Default;3;"Job-FSVFRZ(Server=True, IterationCount=10, LaunchCount=1, WarmupCount=3)";;1;Workload;Actual;10;979734200;4194304;233.59;1;0;0;145
InputEmulationBenchmarks.'Single keystroke emulation (KeyDown+KeyUp)';RagnaController.Benchmarks;InputEmulationBenchmarks;'Single keystroke emulation (KeyDown+KeyUp)';Job-FSVFRZ;Default;Default;Default;Default;Default;Default;Default;Default;Default;Default;Default;Default;Default;Default;Default;Default;Default;Default;Default;Default;Default;Default;True;Default;Default;Default;Default;Default;Default;Default;Default;10;Default;1;Default;Default;Default;Default;Default;Default;Default;3;"Job-FSVFRZ(Server=True, IterationCount=10, LaunchCount=1, WarmupCount=3)";;1;Workload;Result;1;672659450;4194304;160.37;1;0;0;145
InputEmulationBenchmarks.'Single keystroke emulation (KeyDown+KeyUp)';RagnaController.Benchmarks;InputEmulationBenchmarks;'Single keystroke emulation (KeyDown+KeyUp)';Job-FSVFRZ;Default;Default;Default;Default;Default;Default;Default;Default;Default;Default;Default;Default;Default;Default;Default;Default;Default;Default;Default;Default;Default;Default;True;Default;Default;Default;Default;Default;Default;Default;Default;10;Default;1;Default;Default;Default;Default;Default;Default;Default;3;"Job-FSVFRZ(Server=True, IterationCount=10, LaunchCount=1, WarmupCount=3)";;1;Workload;Result;2;660803050;4194304;157.55;1;0;0;145
InputEmulationBenchmarks.'Single keystroke emulation (KeyDown+KeyUp)';RagnaController.Benchmarks;InputEmulationBenchmarks;'Single keystroke emulation (KeyDown+KeyUp)';Job-FSVFRZ;Default;Default;Default;Default;Default;Default;Default;Default;Default;Default;Default;Default;Default;Default;Default;Default;Default;Default;Default;Default;Default;Default;True;Default;Default;Default;Default;Default;Default;Default;Default;10;Default;1;Default;Default;Default;Default;Default;Default;Default;3;"Job-FSVFRZ(Server=True, IterationCount=10, LaunchCount=1, WarmupCount=3)";;1;Workload;Result;3;625061850;4194304;149.03;1;0;0;145
InputEmulationBenchmarks.'Single keystroke emulation (KeyDown+KeyUp)';RagnaController.Benchmarks;InputEmulationBenchmarks;'Single keystroke emulation (KeyDown+KeyUp)';Job-FSVFRZ;Default;Default;Default;Default;Default;Default;Default;Default;Default;Default;Default;Default;Default;Default;Default;Default;Default;Default;Default;Default;Default;Default;True;Default;Default;Default;Default;Default;Default;Default;Default;10;Default;1;Default;Default;Default;Default;Default;Default;Default;3;"Job-FSVFRZ(Server=True, IterationCount=10, LaunchCount=1, WarmupCount=3)";;1;Workload;Result;4;988483550;4194304;235.67;1;0;0;145
InputEmulationBenchmarks.'Single keystroke emulation (KeyDown+KeyUp)';RagnaController.Benchmarks;InputEmulationBenchmarks;'Single keystroke emulation (KeyDown+KeyUp)';Job-FSVFRZ;Default;Default;Default;Default;Default;Default;Default;Default;Default;Default;Default;Default;Default;Default;Default;Default;Default;Default;Default;Default;Default;Default;True;Default;Default;Default;Default;Default;Default;Default;Default;10;Default;1;Default;Default;Default;Default;Default;Default;Default;3;"Job-FSVFRZ(Server=True, IterationCount=10, LaunchCount=1, WarmupCount=3)";;1;Workload;Result;5;578789250;4194304;137.99;1;0;0;145
InputEmulationBenchmarks.'Single keystroke emulation (KeyDown+KeyUp)';RagnaController.Benchmarks;InputEmulationBenchmarks;'Single keystroke emulation (KeyDown+KeyUp)';Job-FSVFRZ;Default;Default;Default;Default;Default;Default;Default;Default;Default;Default;Default;Default;Default;Default;Default;Default;Default;Default;Default;Default;Default;Default;True;Default;Default;Default;Default;Default;Default;Default;Default;10;Default;1;Default;Default;Default;Default;Default;Default;Default;3;"Job-FSVFRZ(Server=True, IterationCount=10, LaunchCount=1, WarmupCount=3)";;1;Workload;Result;6;2410071150;4194304;574.61;1;0;0;145
InputEmulationBenchmarks.'Single keystroke emulation (KeyDown+KeyUp)';RagnaController.Benchmarks;InputEmulationBenchmarks;'Single keystroke emulation (KeyDown+KeyUp)';Job-FSVFRZ;Default;Default;Default;Default;Default;Default;Default;Default;Default;Default;Default;Default;Default;Default;Default;Default;Default;Default;Default;Default;Default;Default;True;Default;Default;Default;Default;Default;Default;Default;Default;10;Default;1;Default;Default;Default;Default;Default;Default;Default;3;"Job-FSVFRZ(Server=True, IterationCount=10, LaunchCount=1, WarmupCount=3)";;1;Workload;Result;7;2608173950;4194304;621.84;1;0;0;145
InputEmulationBenchmarks.'Single keystroke emulation (KeyDown+KeyUp)';RagnaController.Benchmarks;InputEmulationBenchmarks;'Single keystroke emulation (KeyDown+KeyUp)';Job-FSVFRZ;Default;Default;Default;Default;Default;Default;Default;Default;Default;Default;Default;Default;Default;Default;Default;Default;Default;Default;Default;Default;Default;Default;True;Default;Default;Default;Default;Default;Default;Default;Default;10;Default;1;Default;Default;Default;Default;Default;Default;Default;3;"Job-FSVFRZ(Server=True, IterationCount=10, LaunchCount=1, WarmupCount=3)";;1;Workload;Result;8;1518153550;4194304;361.96;1;0;0;145
InputEmulationBenchmarks.'Single keystroke emulation (KeyDown+KeyUp)';RagnaController.Benchmarks;InputEmulationBenchmarks;'Single keystroke emulation (KeyDown+KeyUp)';Job-FSVFRZ;Default;Default;Default;Default;Default;Default;Default;Default;Default;Default;Default;Default;Default;Default;Default;Default;Default;Default;Default;Default;Default;Default;True;Default;Default;Default;Default;Default;Default;Default;Default;10;Default;1;Default;Default;Default;Default;Default;Default;Default;3;"Job-FSVFRZ(Server=True, IterationCount=10, LaunchCount=1, WarmupCount=3)";;1;Workload;Result;9;1327768150;4194304;316.56;1;0;0;145
InputEmulationBenchmarks.'Single keystroke emulation (KeyDown+KeyUp)';RagnaController.Benchmarks;InputEmulationBenchmarks;'Single keystroke emulation (KeyDown+KeyUp)';Job-FSVFRZ;Default;Default;Default;Default;Default;Default;Default;Default;Default;Default;Default;Default;Default;Default;Default;Default;Default;Default;Default;Default;Default;Default;True;Default;Default;Default;Default;Default;Default;Default;Default;10;Default;1;Default;Default;Default;Default;Default;Default;Default;3;"Job-FSVFRZ(Server=True, IterationCount=10, LaunchCount=1, WarmupCount=3)";;1;Workload;Result;10;974602950;4194304;232.36;1;0;0;145
InputEmulationBenchmarks.'Key chord (Ctrl+Shift+A)';RagnaController.Benchmarks;InputEmulationBenchmarks;'Key chord (Ctrl+Shift+A)';Job-FSVFRZ;Default;Default;Default;Default;Default;Default;Default;Default;Default;Default;Default;Default;Default;Default;Default;Default;Default;Default;Default;Default;Default;Default;True;Default;Default;Default;Default;Default;Default;Default;Default;10;Default;1;Default;Default;Default;Default;Default;Default;Default;3;"Job-FSVFRZ(Server=True, IterationCount=10, LaunchCount=1, WarmupCount=3)";;1;Overhead;Jitting;1;136100;1;136100;1;0;0;448
InputEmulationBenchmarks.'Key chord (Ctrl+Shift+A)';RagnaController.Benchmarks;InputEmulationBenchmarks;'Key chord (Ctrl+Shift+A)';Job-FSVFRZ;Default;Default;Default;Default;Default;Default;Default;Default;Default;Default;Default;Default;Default;Default;Default;Default;Default;Default;Default;Default;Default;Default;True;Default;Default;Default;Default;Default;Default;Default;Default;10;Default;1;Default;Default;Default;Default;Default;Default;Default;3;"Job-FSVFRZ(Server=True, IterationCount=10, LaunchCount=1, WarmupCount=3)";;1;Workload;Jitting;1;577600;1;577600;1;0;0;448
InputEmulationBenchmarks.'Key chord (Ctrl+Shift+A)';RagnaController.Benchmarks;InputEmulationBenchmarks;'Key chord (Ctrl+Shift+A)';Job-FSVFRZ;Default;Default;Default;Default;Default;Default;Default;Default;Default;Default;Default;Default;Default;Default;Default;Default;Default;Default;Default;Default;Default;Default;True;Default;Default;Default;Default;Default;Default;Default;Default;10;Default;1;Default;Default;Default;Default;Default;Default;Default;3;"Job-FSVFRZ(Server=True, IterationCount=10, LaunchCount=1, WarmupCount=3)";;1;Overhead;Jitting;2;167900;16;10493.75;1;0;0;448
InputEmulationBenchmarks.'Key chord (Ctrl+Shift+A)';RagnaController.Benchmarks;InputEmulationBenchmarks;'Key chord (Ctrl+Shift+A)';Job-FSVFRZ;Default;Default;Default;Default;Default;Default;Default;Default;Default;Default;Default;Default;Default;Default;Default;Default;Default;Default;Default;Default;Default;Default;True;Default;Default;Default;Default;Default;Default;Default;Default;10;Default;1;Default;Default;Default;Default;Default;Default;Default;3;"Job-FSVFRZ(Server=True, IterationCount=10, LaunchCount=1, WarmupCount=3)";;1;Workload;Jitting;2;186900;16;11681.25;1;0;0;448
InputEmulationBenchmarks.'Key chord (Ctrl+Shift+A)';RagnaController.Benchmarks;InputEmulationBenchmarks;'Key chord (Ctrl+Shift+A)';Job-FSVFRZ;Default;Default;Default;Default;Default;Default;Default;Default;Default;Default;Default;Default;Default;Default;Default;Default;Default;Default;Default;Default;Default;Default;True;Default;Default;Default;Default;Default;Default;Default;Default;10;Default;1;Default;Default;Default;Default;Default;Default;Default;3;"Job-FSVFRZ(Server=True, IterationCount=10, LaunchCount=1, WarmupCount=3)";;1;Workload;Pilot;1;9800;16;612.5;1;0;0;448
InputEmulationBenchmarks.'Key chord (Ctrl+Shift+A)';RagnaController.Benchmarks;InputEmulationBenchmarks;'Key chord (Ctrl+Shift+A)';Job-FSVFRZ;Default;Default;Default;Default;Default;Default;Default;Default;Default;Default;Default;Default;Default;Default;Default;Default;Default;Default;Default;Default;Default;Default;True;Default;Default;Default;Default;Default;Default;Default;Default;10;Default;1;Default;Default;Default;Default;Default;Default;Default;3;"Job-FSVFRZ(Server=True, IterationCount=10, LaunchCount=1, WarmupCount=3)";;1;Workload;Pilot;2;20800;32;650;1;0;0;448
InputEmulationBenchmarks.'Key chord (Ctrl+Shift+A)';RagnaController.Benchmarks;InputEmulationBenchmarks;'Key chord (Ctrl+Shift+A)';Job-FSVFRZ;Default;Default;Default;Default;Default;Default;Default;Default;Default;Default;Default;Default;Default;Default;Default;Default;Default;Default;Default;Default;Default;Default;True;Default;Default;Default;Default;Default;Default;Default;Default;10;Default;1;Default;Default;Default;Default;Default;Default;Default;3;"Job-FSVFRZ(Server=True, IterationCount=10, LaunchCount=1, WarmupCount=3)";;1;Workload;Pilot;3;37900;64;592.19;1;0;0;448
InputEmulationBenchmarks.'Key chord (Ctrl+Shift+A)';RagnaController.Benchmarks;InputEmulationBenchmarks;'Key chord (Ctrl+Shift+A)';Job-FSVFRZ;Default;Default;Default;Default;Default;Default;Default;Default;Default;Default;Default;Default;Default;Default;Default;Default;Default;Default;Default;Default;Default;Default;True;Default;Default;Default;Default;Default;Default;Default;Default;10;Default;1;Default;Default;Default;Default;Default;Default;Default;3;"Job-FSVFRZ(Server=True, IterationCount=10, LaunchCount=1, WarmupCount=3)";;1;Workload;Pilot;4;62200;128;485.94;1;0;0;448
InputEmulationBenchmarks.'Key chord (Ctrl+Shift+A)';RagnaController.Benchmarks;InputEmulationBenchmarks;'Key chord (Ctrl+Shift+A)';Job-FSVFRZ;Default;Default;Default;Default;Default;Default;Default;Default;Default;Default;Default;Default;Default;Default;Default;Default;Default;Default;Default;Default;Default;Default;True;Default;Default;Default;Default;Default;Default;Default;Default;10;Default;1;Default;Default;Default;Default;Default;Default;Default;3;"Job-FSVFRZ(Server=True, IterationCount=10, LaunchCount=1, WarmupCount=3)";;1;Workload;Pilot;5;134700;256;526.17;1;0;0;448
InputEmulationBenchmarks.'Key chord (Ctrl+Shift+A)';RagnaController.Benchmarks;InputEmulationBenchmarks;'Key chord (Ctrl+Shift+A)';Job-FSVFRZ;Default;Default;Default;Default;Default;Default;Default;Default;Default;Default;Default;Default;Default;Default;Default;Default;Default;Default;Default;Default;Default;Default;True;Default;Default;Default;Default;Default;Default;Default;Default;10;Default;1;Default;Default;Default;Default;Default;Default;Default;3;"Job-FSVFRZ(Server=True, IterationCount=10, LaunchCount=1, WarmupCount=3)";;1;Workload;Pilot;6;187900;512;366.99;1;0;0;448
InputEmulationBenchmarks.'Key chord (Ctrl+Shift+A)';RagnaController.Benchmarks;InputEmulationBenchmarks;'Key chord (Ctrl+Shift+A)';Job-FSVFRZ;Default;Default;Default;Default;Default;Default;Default;Default;Default;Default;Default;Default;Default;Default;Default;Default;Default;Default;Default;Default;Default;Default;True;Default;Default;Default;Default;Default;Default;Default;Default;10;Default;1;Default;Default;Default;Default;Default;Default;Default;3;"Job-FSVFRZ(Server=True, IterationCount=10, LaunchCount=1, WarmupCount=3)";;1;Workload;Pilot;7;369900;1024;361.23;1;0;0;448
InputEmulationBenchmarks.'Key chord (Ctrl+Shift+A)';RagnaController.Benchmarks;InputEmulationBenchmarks;'Key chord (Ctrl+Shift+A)';Job-FSVFRZ;Default;Default;Default;Default;Default;Default;Default;Default;Default;Default;Default;Default;Default;Default;Default;Default;Default;Default;Default;Default;Default;Default;True;Default;Default;Default;Default;Default;Default;Default;Default;10;Default;1;Default;Default;Default;Default;Default;Default;Default;3;"Job-FSVFRZ(Server=True, IterationCount=10, LaunchCount=1, WarmupCount=3)";;1;Workload;Pilot;8;725900;2048;354.44;1;0;0;448
InputEmulationBenchmarks.'Key chord (Ctrl+Shift+A)';RagnaController.Benchmarks;InputEmulationBenchmarks;'Key chord (Ctrl+Shift+A)';Job-FSVFRZ;Default;Default;Default;Default;Default;Default;Default;Default;Default;Default;Default;Default;Default;Default;Default;Default;Default;Default;Default;Default;Default;Default;True;Default;Default;Default;Default;Default;Default;Default;Default;10;Default;1;Default;Default;Default;Default;Default;Default;Default;3;"Job-FSVFRZ(Server=True, IterationCount=10, LaunchCount=1, WarmupCount=3)";;1;Workload;Pilot;9;1416100;4096;345.73;1;0;0;448
InputEmulationBenchmarks.'Key chord (Ctrl+Shift+A)';RagnaController.Benchmarks;InputEmulationBenchmarks;'Key chord (Ctrl+Shift+A)';Job-FSVFRZ;Default;Default;Default;Default;Default;Default;Default;Default;Default;Default;Default;Default;Default;Default;Default;Default;Default;Default;Default;Default;Default;Default;True;Default;Default;Default;Default;Default;Default;Default;Default;10;Default;1;Default;Default;Default;Default;Default;Default;Default;3;"Job-FSVFRZ(Server=True, IterationCount=10, LaunchCount=1, WarmupCount=3)";;1;Workload;Pilot;10;2806300;8192;342.57;1;0;0;448
InputEmulationBenchmarks.'Key chord (Ctrl+Shift+A)';RagnaController.Benchmarks;InputEmulationBenchmarks;'Key chord (Ctrl+Shift+A)';Job-FSVFRZ;Default;Default;Default;Default;Default;Default;Default;Default;Default;Default;Default;Default;Default;Default;Default;Default;Default;Default;Default;Default;Default;Default;True;Default;Default;Default;Default;Default;Default;Default;Default;10;Default;1;Default;Default;Default;Default;Default;Default;Default;3;"Job-FSVFRZ(Server=True, IterationCount=10, LaunchCount=1, WarmupCount=3)";;1;Workload;Pilot;11;5604700;16384;342.08;1;0;0;448
InputEmulationBenchmarks.'Key chord (Ctrl+Shift+A)';RagnaController.Benchmarks;InputEmulationBenchmarks;'Key chord (Ctrl+Shift+A)';Job-FSVFRZ;Default;Default;Default;Default;Default;Default;Default;Default;Default;Default;Default;Default;Default;Default;Default;Default;Default;Default;Default;Default;Default;Default;True;Default;Default;Default;Default;Default;Default;Default;Default;10;Default;1;Default;Default;Default;Default;Default;Default;Default;3;"Job-FSVFRZ(Server=True, IterationCount=10, LaunchCount=1, WarmupCount=3)";;1;Workload;Pilot;12;16917900;32768;516.29;1;0;0;448
InputEmulationBenchmarks.'Key chord (Ctrl+Shift+A)';RagnaController.Benchmarks;InputEmulationBenchmarks;'Key chord (Ctrl+Shift+A)';Job-FSVFRZ;Default;Default;Default;Default;Default;Default;Default;Default;Default;Default;Default;Default;Default;Default;Default;Default;Default;Default;Default;Default;Default;Default;True;Default;Default;Default;Default;Default;Default;Default;Default;10;Default;1;Default;Default;Default;Default;Default;Default;Default;3;"Job-FSVFRZ(Server=True, IterationCount=10, LaunchCount=1, WarmupCount=3)";;1;Workload;Pilot;13;48053300;65536;733.24;1;0;0;448
InputEmulationBenchmarks.'Key chord (Ctrl+Shift+A)';RagnaController.Benchmarks;InputEmulationBenchmarks;'Key chord (Ctrl+Shift+A)';Job-FSVFRZ;Default;Default;Default;Default;Default;Default;Default;Default;Default;Default;Default;Default;Default;Default;Default;Default;Default;Default;Default;Default;Default;Default;True;Default;Default;Default;Default;Default;Default;Default;Default;10;Default;1;Default;Default;Default;Default;Default;Default;Default;3;"Job-FSVFRZ(Server=True, IterationCount=10, LaunchCount=1, WarmupCount=3)";;1;Workload;Pilot;14;83191100;131072;634.7;1;0;0;448
InputEmulationBenchmarks.'Key chord (Ctrl+Shift+A)';RagnaController.Benchmarks;InputEmulationBenchmarks;'Key chord (Ctrl+Shift+A)';Job-FSVFRZ;Default;Default;Default;Default;Default;Default;Default;Default;Default;Default;Default;Default;Default;Default;Default;Default;Default;Default;Default;Default;Default;Default;True;Default;Default;Default;Default;Default;Default;Default;Default;10;Default;1;Default;Default;Default;Default;Default;Default;Default;3;"Job-FSVFRZ(Server=True, IterationCount=10, LaunchCount=1, WarmupCount=3)";;1;Workload;Pilot;15;165718400;262144;632.17;1;0;0;448
InputEmulationBenchmarks.'Key chord (Ctrl+Shift+A)';RagnaController.Benchmarks;InputEmulationBenchmarks;'Key chord (Ctrl+Shift+A)';Job-FSVFRZ;Default;Default;Default;Default;Default;Default;Default;Default;Default;Default;Default;Default;Default;Default;Default;Default;Default;Default;Default;Default;Default;Default;True;Default;Default;Default;Default;Default;Default;Default;Default;10;Default;1;Default;Default;Default;Default;Default;Default;Default;3;"Job-FSVFRZ(Server=True, IterationCount=10, LaunchCount=1, WarmupCount=3)";;1;Workload;Pilot;16;370255200;524288;706.21;1;0;0;448
InputEmulationBenchmarks.'Key chord (Ctrl+Shift+A)';RagnaController.Benchmarks;InputEmulationBenchmarks;'Key chord (Ctrl+Shift+A)';Job-FSVFRZ;Default;Default;Default;Default;Default;Default;Default;Default;Default;Default;Default;Default;Default;Default;Default;Default;Default;Default;Default;Default;Default;Default;True;Default;Default;Default;Default;Default;Default;Default;Default;10;Default;1;Default;Default;Default;Default;Default;Default;Default;3;"Job-FSVFRZ(Server=True, IterationCount=10, LaunchCount=1, WarmupCount=3)";;1;Workload;Pilot;17;727519500;1048576;693.82;1;0;0;448
InputEmulationBenchmarks.'Key chord (Ctrl+Shift+A)';RagnaController.Benchmarks;InputEmulationBenchmarks;'Key chord (Ctrl+Shift+A)';Job-FSVFRZ;Default;Default;Default;Default;Default;Default;Default;Default;Default;Default;Default;Default;Default;Default;Default;Default;Default;Default;Default;Default;Default;Default;True;Default;Default;Default;Default;Default;Default;Default;Default;10;Default;1;Default;Default;Default;Default;Default;Default;Default;3;"Job-FSVFRZ(Server=True, IterationCount=10, LaunchCount=1, WarmupCount=3)";;1;Overhead;Warmup;1;1552500;1048576;1.48;1;0;0;448
InputEmulationBenchmarks.'Key chord (Ctrl+Shift+A)';RagnaController.Benchmarks;InputEmulationBenchmarks;'Key chord (Ctrl+Shift+A)';Job-FSVFRZ;Default;Default;Default;Default;Default;Default;Default;Default;Default;Default;Default;Default;Default;Default;Default;Default;Default;Default;Default;Default;Default;Default;True;Default;Default;Default;Default;Default;Default;Default;Default;10;Default;1;Default;Default;Default;Default;Default;Default;Default;3;"Job-FSVFRZ(Server=True, IterationCount=10, LaunchCount=1, WarmupCount=3)";;1;Overhead;Warmup;2;1807600;1048576;1.72;1;0;0;448
InputEmulationBenchmarks.'Key chord (Ctrl+Shift+A)';RagnaController.Benchmarks;InputEmulationBenchmarks;'Key chord (Ctrl+Shift+A)';Job-FSVFRZ;Default;Default;Default;Default;Default;Default;Default;Default;Default;Default;Default;Default;Default;Default;Default;Default;Default;Default;Default;Default;Default;Default;True;Default;Default;Default;Default;Default;Default;Default;Default;10;Default;1;Default;Default;Default;Default;Default;Default;Default;3;"Job-FSVFRZ(Server=True, IterationCount=10, LaunchCount=1, WarmupCount=3)";;1;Overhead;Warmup;3;1186800;1048576;1.13;1;0;0;448
InputEmulationBenchmarks.'Key chord (Ctrl+Shift+A)';RagnaController.Benchmarks;InputEmulationBenchmarks;'Key chord (Ctrl+Shift+A)';Job-FSVFRZ;Default;Default;Default;Default;Default;Default;Default;Default;Default;Default;Default;Default;Default;Default;Default;Default;Default;Default;Default;Default;Default;Default;True;Default;Default;Default;Default;Default;Default;Default;Default;10;Default;1;Default;Default;Default;Default;Default;Default;Default;3;"Job-FSVFRZ(Server=True, IterationCount=10, LaunchCount=1, WarmupCount=3)";;1;Overhead;Warmup;4;1157900;1048576;1.1;1;0;0;448
InputEmulationBenchmarks.'Key chord (Ctrl+Shift+A)';RagnaController.Benchmarks;InputEmulationBenchmarks;'Key chord (Ctrl+Shift+A)';Job-FSVFRZ;Default;Default;Default;Default;Default;Default;Default;Default;Default;Default;Default;Default;Default;Default;Default;Default;Default;Default;Default;Default;Default;Default;True;Default;Default;Default;Default;Default;Default;Default;Default;10;Default;1;Default;Default;Default;Default;Default;Default;Default;3;"Job-FSVFRZ(Server=True, IterationCount=10, LaunchCount=1, WarmupCount=3)";;1;Overhead;Warmup;5;1290800;1048576;1.23;1;0;0;448
InputEmulationBenchmarks.'Key chord (Ctrl+Shift+A)';RagnaController.Benchmarks;InputEmulationBenchmarks;'Key chord (Ctrl+Shift+A)';Job-FSVFRZ;Default;Default;Default;Default;Default;Default;Default;Default;Default;Default;Default;Default;Default;Default;Default;Default;Default;Default;Default;Default;Default;Default;True;Default;Default;Default;Default;Default;Default;Default;Default;10;Default;1;Default;Default;Default;Default;Default;Default;Default;3;"Job-FSVFRZ(Server=True, IterationCount=10, LaunchCount=1, WarmupCount=3)";;1;Overhead;Warmup;6;1231400;1048576;1.17;1;0;0;448
InputEmulationBenchmarks.'Key chord (Ctrl+Shift+A)';RagnaController.Benchmarks;InputEmulationBenchmarks;'Key chord (Ctrl+Shift+A)';Job-FSVFRZ;Default;Default;Default;Default;Default;Default;Default;Default;Default;Default;Default;Default;Default;Default;Default;Default;Default;Default;Default;Default;Default;Default;True;Default;Default;Default;Default;Default;Default;Default;Default;10;Default;1;Default;Default;Default;Default;Default;Default;Default;3;"Job-FSVFRZ(Server=True, IterationCount=10, LaunchCount=1, WarmupCount=3)";;1;Overhead;Actual;1;1315700;1048576;1.25;1;0;0;448
InputEmulationBenchmarks.'Key chord (Ctrl+Shift+A)';RagnaController.Benchmarks;InputEmulationBenchmarks;'Key chord (Ctrl+Shift+A)';Job-FSVFRZ;Default;Default;Default;Default;Default;Default;Default;Default;Default;Default;Default;Default;Default;Default;Default;Default;Default;Default;Default;Default;Default;Default;True;Default;Default;Default;Default;Default;Default;Default;Default;10;Default;1;Default;Default;Default;Default;Default;Default;Default;3;"Job-FSVFRZ(Server=True, IterationCount=10, LaunchCount=1, WarmupCount=3)";;1;Overhead;Actual;2;1231800;1048576;1.17;1;0;0;448
InputEmulationBenchmarks.'Key chord (Ctrl+Shift+A)';RagnaController.Benchmarks;InputEmulationBenchmarks;'Key chord (Ctrl+Shift+A)';Job-FSVFRZ;Default;Default;Default;Default;Default;Default;Default;Default;Default;Default;Default;Default;Default;Default;Default;Default;Default;Default;Default;Default;Default;Default;True;Default;Default;Default;Default;Default;Default;Default;Default;10;Default;1;Default;Default;Default;Default;Default;Default;Default;3;"Job-FSVFRZ(Server=True, IterationCount=10, LaunchCount=1, WarmupCount=3)";;1;Overhead;Actual;3;1118200;1048576;1.07;1;0;0;448
InputEmulationBenchmarks.'Key chord (Ctrl+Shift+A)';RagnaController.Benchmarks;InputEmulationBenchmarks;'Key chord (Ctrl+Shift+A)';Job-FSVFRZ;Default;Default;Default;Default;Default;Default;Default;Default;Default;Default;Default;Default;Default;Default;Default;Default;Default;Default;Default;Default;Default;Default;True;Default;Default;Default;Default;Default;Default;Default;Default;10;Default;1;Default;Default;Default;Default;Default;Default;Default;3;"Job-FSVFRZ(Server=True, IterationCount=10, LaunchCount=1, WarmupCount=3)";;1;Overhead;Actual;4;1369600;1048576;1.31;1;0;0;448
InputEmulationBenchmarks.'Key chord (Ctrl+Shift+A)';RagnaController.Benchmarks;InputEmulationBenchmarks;'Key chord (Ctrl+Shift+A)';Job-FSVFRZ;Default;Default;Default;Default;Default;Default;Default;Default;Default;Default;Default;Default;Default;Default;Default;Default;Default;Default;Default;Default;Default;Default;True;Default;Default;Default;Default;Default;Default;Default;Default;10;Default;1;Default;Default;Default;Default;Default;Default;Default;3;"Job-FSVFRZ(Server=True, IterationCount=10, LaunchCount=1, WarmupCount=3)";;1;Overhead;Actual;5;1242600;1048576;1.19;1;0;0;448
InputEmulationBenchmarks.'Key chord (Ctrl+Shift+A)';RagnaController.Benchmarks;InputEmulationBenchmarks;'Key chord (Ctrl+Shift+A)';Job-FSVFRZ;Default;Default;Default;Default;Default;Default;Default;Default;Default;Default;Default;Default;Default;Default;Default;Default;Default;Default;Default;Default;Default;Default;True;Default;Default;Default;Default;Default;Default;Default;Default;10;Default;1;Default;Default;Default;Default;Default;Default;Default;3;"Job-FSVFRZ(Server=True, IterationCount=10, LaunchCount=1, WarmupCount=3)";;1;Overhead;Actual;6;1114200;1048576;1.06;1;0;0;448
InputEmulationBenchmarks.'Key chord (Ctrl+Shift+A)';RagnaController.Benchmarks;InputEmulationBenchmarks;'Key chord (Ctrl+Shift+A)';Job-FSVFRZ;Default;Default;Default;Default;Default;Default;Default;Default;Default;Default;Default;Default;Default;Default;Default;Default;Default;Default;Default;Default;Default;Default;True;Default;Default;Default;Default;Default;Default;Default;Default;10;Default;1;Default;Default;Default;Default;Default;Default;Default;3;"Job-FSVFRZ(Server=True, IterationCount=10, LaunchCount=1, WarmupCount=3)";;1;Overhead;Actual;7;1107500;1048576;1.06;1;0;0;448
InputEmulationBenchmarks.'Key chord (Ctrl+Shift+A)';RagnaController.Benchmarks;InputEmulationBenchmarks;'Key chord (Ctrl+Shift+A)';Job-FSVFRZ;Default;Default;Default;Default;Default;Default;Default;Default;Default;Default;Default;Default;Default;Default;Default;Default;Default;Default;Default;Default;Default;Default;True;Default;Default;Default;Default;Default;Default;Default;Default;10;Default;1;Default;Default;Default;Default;Default;Default;Default;3;"Job-FSVFRZ(Server=True, IterationCount=10, LaunchCount=1, WarmupCount=3)";;1;Overhead;Actual;8;1107400;1048576;1.06;1;0;0;448
InputEmulationBenchmarks.'Key chord (Ctrl+Shift+A)';RagnaController.Benchmarks;InputEmulationBenchmarks;'Key chord (Ctrl+Shift+A)';Job-FSVFRZ;Default;Default;Default;Default;Default;Default;Default;Default;Default;Default;Default;Default;Default;Default;Default;Default;Default;Default;Default;Default;Default;Default;True;Default;Default;Default;Default;Default;Default;Default;Default;10;Default;1;Default;Default;Default;Default;Default;Default;Default;3;"Job-FSVFRZ(Server=True, IterationCount=10, LaunchCount=1, WarmupCount=3)";;1;Overhead;Actual;9;1111000;1048576;1.06;1;0;0;448
InputEmulationBenchmarks.'Key chord (Ctrl+Shift+A)';RagnaController.Benchmarks;InputEmulationBenchmarks;'Key chord (Ctrl+Shift+A)';Job-FSVFRZ;Default;Default;Default;Default;Default;Default;Default;Default;Default;Default;Default;Default;Default;Default;Default;Default;Default;Default;Default;Default;Default;Default;True;Default;Default;Default;Default;Default;Default;Default;Default;10;Default;1;Default;Default;Default;Default;Default;Default;Default;3;"Job-FSVFRZ(Server=True, IterationCount=10, LaunchCount=1, WarmupCount=3)";;1;Overhead;Actual;10;1634200;1048576;1.56;1;0;0;448
InputEmulationBenchmarks.'Key chord (Ctrl+Shift+A)';RagnaController.Benchmarks;InputEmulationBenchmarks;'Key chord (Ctrl+Shift+A)';Job-FSVFRZ;Default;Default;Default;Default;Default;Default;Default;Default;Default;Default;Default;Default;Default;Default;Default;Default;Default;Default;Default;Default;Default;Default;True;Default;Default;Default;Default;Default;Default;Default;Default;10;Default;1;Default;Default;Default;Default;Default;Default;Default;3;"Job-FSVFRZ(Server=True, IterationCount=10, LaunchCount=1, WarmupCount=3)";;1;Overhead;Actual;11;1137300;1048576;1.08;1;0;0;448
InputEmulationBenchmarks.'Key chord (Ctrl+Shift+A)';RagnaController.Benchmarks;InputEmulationBenchmarks;'Key chord (Ctrl+Shift+A)';Job-FSVFRZ;Default;Default;Default;Default;Default;Default;Default;Default;Default;Default;Default;Default;Default;Default;Default;Default;Default;Default;Default;Default;Default;Default;True;Default;Default;Default;Default;Default;Default;Default;Default;10;Default;1;Default;Default;Default;Default;Default;Default;Default;3;"Job-FSVFRZ(Server=True, IterationCount=10, LaunchCount=1, WarmupCount=3)";;1;Overhead;Actual;12;1129100;1048576;1.08;1;0;0;448
InputEmulationBenchmarks.'Key chord (Ctrl+Shift+A)';RagnaController.Benchmarks;InputEmulationBenchmarks;'Key chord (Ctrl+Shift+A)';Job-FSVFRZ;Default;Default;Default;Default;Default;Default;Default;Default;Default;Default;Default;Default;Default;Default;Default;Default;Default;Default;Default;Default;Default;Default;True;Default;Default;Default;Default;Default;Default;Default;Default;10;Default;1;Default;Default;Default;Default;Default;Default;Default;3;"Job-FSVFRZ(Server=True, IterationCount=10, LaunchCount=1, WarmupCount=3)";;1;Overhead;Actual;13;1134400;1048576;1.08;1;0;0;448
InputEmulationBenchmarks.'Key chord (Ctrl+Shift+A)';RagnaController.Benchmarks;InputEmulationBenchmarks;'Key chord (Ctrl+Shift+A)';Job-FSVFRZ;Default;Default;Default;Default;Default;Default;Default;Default;Default;Default;Default;Default;Default;Default;Default;Default;Default;Default;Default;Default;Default;Default;True;Default;Default;Default;Default;Default;Default;Default;Default;10;Default;1;Default;Default;Default;Default;Default;Default;Default;3;"Job-FSVFRZ(Server=True, IterationCount=10, LaunchCount=1, WarmupCount=3)";;1;Overhead;Actual;14;1185500;1048576;1.13;1;0;0;448
InputEmulationBenchmarks.'Key chord (Ctrl+Shift+A)';RagnaController.Benchmarks;InputEmulationBenchmarks;'Key chord (Ctrl+Shift+A)';Job-FSVFRZ;Default;Default;Default;Default;Default;Default;Default;Default;Default;Default;Default;Default;Default;Default;Default;Default;Default;Default;Default;Default;Default;Default;True;Default;Default;Default;Default;Default;Default;Default;Default;10;Default;1;Default;Default;Default;Default;Default;Default;Default;3;"Job-FSVFRZ(Server=True, IterationCount=10, LaunchCount=1, WarmupCount=3)";;1;Overhead;Actual;15;1244000;1048576;1.19;1;0;0;448
InputEmulationBenchmarks.'Key chord (Ctrl+Shift+A)';RagnaController.Benchmarks;InputEmulationBenchmarks;'Key chord (Ctrl+Shift+A)';Job-FSVFRZ;Default;Default;Default;Default;Default;Default;Default;Default;Default;Default;Default;Default;Default;Default;Default;Default;Default;Default;Default;Default;Default;Default;True;Default;Default;Default;Default;Default;Default;Default;Default;10;Default;1;Default;Default;Default;Default;Default;Default;Default;3;"Job-FSVFRZ(Server=True, IterationCount=10, LaunchCount=1, WarmupCount=3)";;1;Overhead;Actual;16;1108100;1048576;1.06;1;0;0;448
InputEmulationBenchmarks.'Key chord (Ctrl+Shift+A)';RagnaController.Benchmarks;InputEmulationBenchmarks;'Key chord (Ctrl+Shift+A)';Job-FSVFRZ;Default;Default;Default;Default;Default;Default;Default;Default;Default;Default;Default;Default;Default;Default;Default;Default;Default;Default;Default;Default;Default;Default;True;Default;Default;Default;Default;Default;Default;Default;Default;10;Default;1;Default;Default;Default;Default;Default;Default;Default;3;"Job-FSVFRZ(Server=True, IterationCount=10, LaunchCount=1, WarmupCount=3)";;1;Overhead;Actual;17;1214100;1048576;1.16;1;0;0;448
InputEmulationBenchmarks.'Key chord (Ctrl+Shift+A)';RagnaController.Benchmarks;InputEmulationBenchmarks;'Key chord (Ctrl+Shift+A)';Job-FSVFRZ;Default;Default;Default;Default;Default;Default;Default;Default;Default;Default;Default;Default;Default;Default;Default;Default;Default;Default;Default;Default;Default;Default;True;Default;Default;Default;Default;Default;Default;Default;Default;10;Default;1;Default;Default;Default;Default;Default;Default;Default;3;"Job-FSVFRZ(Server=True, IterationCount=10, LaunchCount=1, WarmupCount=3)";;1;Overhead;Actual;18;1144600;1048576;1.09;1;0;0;448
InputEmulationBenchmarks.'Key chord (Ctrl+Shift+A)';RagnaController.Benchmarks;InputEmulationBenchmarks;'Key chord (Ctrl+Shift+A)';Job-FSVFRZ;Default;Default;Default;Default;Default;Default;Default;Default;Default;Default;Default;Default;Default;Default;Default;Default;Default;Default;Default;Default;Default;Default;True;Default;Default;Default;Default;Default;Default;Default;Default;10;Default;1;Default;Default;Default;Default;Default;Default;Default;3;"Job-FSVFRZ(Server=True, IterationCount=10, LaunchCount=1, WarmupCount=3)";;1;Overhead;Actual;19;1121800;1048576;1.07;1;0;0;448
InputEmulationBenchmarks.'Key chord (Ctrl+Shift+A)';RagnaController.Benchmarks;InputEmulationBenchmarks;'Key chord (Ctrl+Shift+A)';Job-FSVFRZ;Default;Default;Default;Default;Default;Default;Default;Default;Default;Default;Default;Default;Default;Default;Default;Default;Default;Default;Default;Default;Default;Default;True;Default;Default;Default;Default;Default;Default;Default;Default;10;Default;1;Default;Default;Default;Default;Default;Default;Default;3;"Job-FSVFRZ(Server=True, IterationCount=10, LaunchCount=1, WarmupCount=3)";;1;Overhead;Actual;20;1113300;1048576;1.06;1;0;0;448
InputEmulationBenchmarks.'Key chord (Ctrl+Shift+A)';RagnaController.Benchmarks;InputEmulationBenchmarks;'Key chord (Ctrl+Shift+A)';Job-FSVFRZ;Default;Default;Default;Default;Default;Default;Default;Default;Default;Default;Default;Default;Default;Default;Default;Default;Default;Default;Default;Default;Default;Default;True;Default;Default;Default;Default;Default;Default;Default;Default;10;Default;1;Default;Default;Default;Default;Default;Default;Default;3;"Job-FSVFRZ(Server=True, IterationCount=10, LaunchCount=1, WarmupCount=3)";;1;Workload;Warmup;1;490236800;1048576;467.53;1;0;0;448
InputEmulationBenchmarks.'Key chord (Ctrl+Shift+A)';RagnaController.Benchmarks;InputEmulationBenchmarks;'Key chord (Ctrl+Shift+A)';Job-FSVFRZ;Default;Default;Default;Default;Default;Default;Default;Default;Default;Default;Default;Default;Default;Default;Default;Default;Default;Default;Default;Default;Default;Default;True;Default;Default;Default;Default;Default;Default;Default;Default;10;Default;1;Default;Default;Default;Default;Default;Default;Default;3;"Job-FSVFRZ(Server=True, IterationCount=10, LaunchCount=1, WarmupCount=3)";;1;Workload;Warmup;2;483064200;1048576;460.69;1;0;0;448
InputEmulationBenchmarks.'Key chord (Ctrl+Shift+A)';RagnaController.Benchmarks;InputEmulationBenchmarks;'Key chord (Ctrl+Shift+A)';Job-FSVFRZ;Default;Default;Default;Default;Default;Default;Default;Default;Default;Default;Default;Default;Default;Default;Default;Default;Default;Default;Default;Default;Default;Default;True;Default;Default;Default;Default;Default;Default;Default;Default;10;Default;1;Default;Default;Default;Default;Default;Default;Default;3;"Job-FSVFRZ(Server=True, IterationCount=10, LaunchCount=1, WarmupCount=3)";;1;Workload;Warmup;3;639987300;1048576;610.34;1;0;0;448
InputEmulationBenchmarks.'Key chord (Ctrl+Shift+A)';RagnaController.Benchmarks;InputEmulationBenchmarks;'Key chord (Ctrl+Shift+A)';Job-FSVFRZ;Default;Default;Default;Default;Default;Default;Default;Default;Default;Default;Default;Default;Default;Default;Default;Default;Default;Default;Default;Default;Default;Default;True;Default;Default;Default;Default;Default;Default;Default;Default;10;Default;1;Default;Default;Default;Default;Default;Default;Default;3;"Job-FSVFRZ(Server=True, IterationCount=10, LaunchCount=1, WarmupCount=3)";;1;Workload;Actual;1;506268800;1048576;482.82;1;0;0;448
InputEmulationBenchmarks.'Key chord (Ctrl+Shift+A)';RagnaController.Benchmarks;InputEmulationBenchmarks;'Key chord (Ctrl+Shift+A)';Job-FSVFRZ;Default;Default;Default;Default;Default;Default;Default;Default;Default;Default;Default;Default;Default;Default;Default;Default;Default;Default;Default;Default;Default;Default;True;Default;Default;Default;Default;Default;Default;Default;Default;10;Default;1;Default;Default;Default;Default;Default;Default;Default;3;"Job-FSVFRZ(Server=True, IterationCount=10, LaunchCount=1, WarmupCount=3)";;1;Workload;Actual;2;405111600;1048576;386.34;1;0;0;448
InputEmulationBenchmarks.'Key chord (Ctrl+Shift+A)';RagnaController.Benchmarks;InputEmulationBenchmarks;'Key chord (Ctrl+Shift+A)';Job-FSVFRZ;Default;Default;Default;Default;Default;Default;Default;Default;Default;Default;Default;Default;Default;Default;Default;Default;Default;Default;Default;Default;Default;Default;True;Default;Default;Default;Default;Default;Default;Default;Default;10;Default;1;Default;Default;Default;Default;Default;Default;Default;3;"Job-FSVFRZ(Server=True, IterationCount=10, LaunchCount=1, WarmupCount=3)";;1;Workload;Actual;3;1082343800;1048576;1032.2;1;0;0;448
InputEmulationBenchmarks.'Key chord (Ctrl+Shift+A)';RagnaController.Benchmarks;InputEmulationBenchmarks;'Key chord (Ctrl+Shift+A)';Job-FSVFRZ;Default;Default;Default;Default;Default;Default;Default;Default;Default;Default;Default;Default;Default;Default;Default;Default;Default;Default;Default;Default;Default;Default;True;Default;Default;Default;Default;Default;Default;Default;Default;10;Default;1;Default;Default;Default;Default;Default;Default;Default;3;"Job-FSVFRZ(Server=True, IterationCount=10, LaunchCount=1, WarmupCount=3)";;1;Workload;Actual;4;572220500;1048576;545.71;1;0;0;448
InputEmulationBenchmarks.'Key chord (Ctrl+Shift+A)';RagnaController.Benchmarks;InputEmulationBenchmarks;'Key chord (Ctrl+Shift+A)';Job-FSVFRZ;Default;Default;Default;Default;Default;Default;Default;Default;Default;Default;Default;Default;Default;Default;Default;Default;Default;Default;Default;Default;Default;Default;True;Default;Default;Default;Default;Default;Default;Default;Default;10;Default;1;Default;Default;Default;Default;Default;Default;Default;3;"Job-FSVFRZ(Server=True, IterationCount=10, LaunchCount=1, WarmupCount=3)";;1;Workload;Actual;5;518857600;1048576;494.82;1;0;0;448
InputEmulationBenchmarks.'Key chord (Ctrl+Shift+A)';RagnaController.Benchmarks;InputEmulationBenchmarks;'Key chord (Ctrl+Shift+A)';Job-FSVFRZ;Default;Default;Default;Default;Default;Default;Default;Default;Default;Default;Default;Default;Default;Default;Default;Default;Default;Default;Default;Default;Default;Default;True;Default;Default;Default;Default;Default;Default;Default;Default;10;Default;1;Default;Default;Default;Default;Default;Default;Default;3;"Job-FSVFRZ(Server=True, IterationCount=10, LaunchCount=1, WarmupCount=3)";;1;Workload;Actual;6;565765000;1048576;539.56;1;0;0;448
InputEmulationBenchmarks.'Key chord (Ctrl+Shift+A)';RagnaController.Benchmarks;InputEmulationBenchmarks;'Key chord (Ctrl+Shift+A)';Job-FSVFRZ;Default;Default;Default;Default;Default;Default;Default;Default;Default;Default;Default;Default;Default;Default;Default;Default;Default;Default;Default;Default;Default;Default;True;Default;Default;Default;Default;Default;Default;Default;Default;10;Default;1;Default;Default;Default;Default;Default;Default;Default;3;"Job-FSVFRZ(Server=True, IterationCount=10, LaunchCount=1, WarmupCount=3)";;1;Workload;Actual;7;536470800;1048576;511.62;1;0;0;448
InputEmulationBenchmarks.'Key chord (Ctrl+Shift+A)';RagnaController.Benchmarks;InputEmulationBenchmarks;'Key chord (Ctrl+Shift+A)';Job-FSVFRZ;Default;Default;Default;Default;Default;Default;Default;Default;Default;Default;Default;Default;Default;Default;Default;Default;Default;Default;Default;Default;Default;Default;True;Default;Default;Default;Default;Default;Default;Default;Default;10;Default;1;Default;Default;Default;Default;Default;Default;Default;3;"Job-FSVFRZ(Server=True, IterationCount=10, LaunchCount=1, WarmupCount=3)";;1;Workload;Actual;8;774651600;1048576;738.77;1;0;0;448
InputEmulationBenchmarks.'Key chord (Ctrl+Shift+A)';RagnaController.Benchmarks;InputEmulationBenchmarks;'Key chord (Ctrl+Shift+A)';Job-FSVFRZ;Default;Default;Default;Default;Default;Default;Default;Default;Default;Default;Default;Default;Default;Default;Default;Default;Default;Default;Default;Default;Default;Default;True;Default;Default;Default;Default;Default;Default;Default;Default;10;Default;1;Default;Default;Default;Default;Default;Default;Default;3;"Job-FSVFRZ(Server=True, IterationCount=10, LaunchCount=1, WarmupCount=3)";;1;Workload;Actual;9;892967800;1048576;851.6;1;0;0;448
InputEmulationBenchmarks.'Key chord (Ctrl+Shift+A)';RagnaController.Benchmarks;InputEmulationBenchmarks;'Key chord (Ctrl+Shift+A)';Job-FSVFRZ;Default;Default;Default;Default;Default;Default;Default;Default;Default;Default;Default;Default;Default;Default;Default;Default;Default;Default;Default;Default;Default;Default;True;Default;Default;Default;Default;Default;Default;Default;Default;10;Default;1;Default;Default;Default;Default;Default;Default;Default;3;"Job-FSVFRZ(Server=True, IterationCount=10, LaunchCount=1, WarmupCount=3)";;1;Workload;Actual;10;986912100;1048576;941.19;1;0;0;448
InputEmulationBenchmarks.'Key chord (Ctrl+Shift+A)';RagnaController.Benchmarks;InputEmulationBenchmarks;'Key chord (Ctrl+Shift+A)';Job-FSVFRZ;Default;Default;Default;Default;Default;Default;Default;Default;Default;Default;Default;Default;Default;Default;Default;Default;Default;Default;Default;Default;Default;Default;True;Default;Default;Default;Default;Default;Default;Default;Default;10;Default;1;Default;Default;Default;Default;Default;Default;Default;3;"Job-FSVFRZ(Server=True, IterationCount=10, LaunchCount=1, WarmupCount=3)";;1;Workload;Result;1;505132950;1048576;481.73;1;0;0;448
InputEmulationBenchmarks.'Key chord (Ctrl+Shift+A)';RagnaController.Benchmarks;InputEmulationBenchmarks;'Key chord (Ctrl+Shift+A)';Job-FSVFRZ;Default;Default;Default;Default;Default;Default;Default;Default;Default;Default;Default;Default;Default;Default;Default;Default;Default;Default;Default;Default;Default;Default;True;Default;Default;Default;Default;Default;Default;Default;Default;10;Default;1;Default;Default;Default;Default;Default;Default;Default;3;"Job-FSVFRZ(Server=True, IterationCount=10, LaunchCount=1, WarmupCount=3)";;1;Workload;Result;2;403975750;1048576;385.26;1;0;0;448
InputEmulationBenchmarks.'Key chord (Ctrl+Shift+A)';RagnaController.Benchmarks;InputEmulationBenchmarks;'Key chord (Ctrl+Shift+A)';Job-FSVFRZ;Default;Default;Default;Default;Default;Default;Default;Default;Default;Default;Default;Default;Default;Default;Default;Default;Default;Default;Default;Default;Default;Default;True;Default;Default;Default;Default;Default;Default;Default;Default;10;Default;1;Default;Default;Default;Default;Default;Default;Default;3;"Job-FSVFRZ(Server=True, IterationCount=10, LaunchCount=1, WarmupCount=3)";;1;Workload;Result;3;1081207950;1048576;1031.12;1;0;0;448
InputEmulationBenchmarks.'Key chord (Ctrl+Shift+A)';RagnaController.Benchmarks;InputEmulationBenchmarks;'Key chord (Ctrl+Shift+A)';Job-FSVFRZ;Default;Default;Default;Default;Default;Default;Default;Default;Default;Default;Default;Default;Default;Default;Default;Default;Default;Default;Default;Default;Default;Default;True;Default;Default;Default;Default;Default;Default;Default;Default;10;Default;1;Default;Default;Default;Default;Default;Default;Default;3;"Job-FSVFRZ(Server=True, IterationCount=10, LaunchCount=1, WarmupCount=3)";;1;Workload;Result;4;571084650;1048576;544.63;1;0;0;448
InputEmulationBenchmarks.'Key chord (Ctrl+Shift+A)';RagnaController.Benchmarks;InputEmulationBenchmarks;'Key chord (Ctrl+Shift+A)';Job-FSVFRZ;Default;Default;Default;Default;Default;Default;Default;Default;Default;Default;Default;Default;Default;Default;Default;Default;Default;Default;Default;Default;Default;Default;True;Default;Default;Default;Default;Default;Default;Default;Default;10;Default;1;Default;Default;Default;Default;Default;Default;Default;3;"Job-FSVFRZ(Server=True, IterationCount=10, LaunchCount=1, WarmupCount=3)";;1;Workload;Result;5;517721750;1048576;493.74;1;0;0;448
InputEmulationBenchmarks.'Key chord (Ctrl+Shift+A)';RagnaController.Benchmarks;InputEmulationBenchmarks;'Key chord (Ctrl+Shift+A)';Job-FSVFRZ;Default;Default;Default;Default;Default;Default;Default;Default;Default;Default;Default;Default;Default;Default;Default;Default;Default;Default;Default;Default;Default;Default;True;Default;Default;Default;Default;Default;Default;Default;Default;10;Default;1;Default;Default;Default;Default;Default;Default;Default;3;"Job-FSVFRZ(Server=True, IterationCount=10, LaunchCount=1, WarmupCount=3)";;1;Workload;Result;6;564629150;1048576;538.47;1;0;0;448
InputEmulationBenchmarks.'Key chord (Ctrl+Shift+A)';RagnaController.Benchmarks;InputEmulationBenchmarks;'Key chord (Ctrl+Shift+A)';Job-FSVFRZ;Default;Default;Default;Default;Default;Default;Default;Default;Default;Default;Default;Default;Default;Default;Default;Default;Default;Default;Default;Default;Default;Default;True;Default;Default;Default;Default;Default;Default;Default;Default;10;Default;1;Default;Default;Default;Default;Default;Default;Default;3;"Job-FSVFRZ(Server=True, IterationCount=10, LaunchCount=1, WarmupCount=3)";;1;Workload;Result;7;535334950;1048576;510.54;1;0;0;448
InputEmulationBenchmarks.'Key chord (Ctrl+Shift+A)';RagnaController.Benchmarks;InputEmulationBenchmarks;'Key chord (Ctrl+Shift+A)';Job-FSVFRZ;Default;Default;Default;Default;Default;Default;Default;Default;Default;Default;Default;Default;Default;Default;Default;Default;Default;Default;Default;Default;Default;Default;True;Default;Default;Default;Default;Default;Default;Default;Default;10;Default;1;Default;Default;Default;Default;Default;Default;Default;3;"Job-FSVFRZ(Server=True, IterationCount=10, LaunchCount=1, WarmupCount=3)";;1;Workload;Result;8;773515750;1048576;737.68;1;0;0;448
InputEmulationBenchmarks.'Key chord (Ctrl+Shift+A)';RagnaController.Benchmarks;InputEmulationBenchmarks;'Key chord (Ctrl+Shift+A)';Job-FSVFRZ;Default;Default;Default;Default;Default;Default;Default;Default;Default;Default;Default;Default;Default;Default;Default;Default;Default;Default;Default;Default;Default;Default;True;Default;Default;Default;Default;Default;Default;Default;Default;10;Default;1;Default;Default;Default;Default;Default;Default;Default;3;"Job-FSVFRZ(Server=True, IterationCount=10, LaunchCount=1, WarmupCount=3)";;1;Workload;Result;9;891831950;1048576;850.52;1;0;0;448
InputEmulationBenchmarks.'Key chord (Ctrl+Shift+A)';RagnaController.Benchmarks;InputEmulationBenchmarks;'Key chord (Ctrl+Shift+A)';Job-FSVFRZ;Default;Default;Default;Default;Default;Default;Default;Default;Default;Default;Default;Default;Default;Default;Default;Default;Default;Default;Default;Default;Default;Default;True;Default;Default;Default;Default;Default;Default;Default;Default;10;Default;1;Default;Default;Default;Default;Default;Default;Default;3;"Job-FSVFRZ(Server=True, IterationCount=10, LaunchCount=1, WarmupCount=3)";;1;Workload;Result;10;985776250;1048576;940.11;1;0;0;448
InputEmulationBenchmarks.'Mouse move + click (absolute coordinates)';RagnaController.Benchmarks;InputEmulationBenchmarks;'Mouse move + click (absolute coordinates)';Job-FSVFRZ;Default;Default;Default;Default;Default;Default;Default;Default;Default;Default;Default;Default;Default;Default;Default;Default;Default;Default;Default;Default;Default;Default;True;Default;Default;Default;Default;Default;Default;Default;Default;10;Default;1;Default;Default;Default;Default;Default;Default;Default;3;"Job-FSVFRZ(Server=True, IterationCount=10, LaunchCount=1, WarmupCount=3)";;1;Overhead;Jitting;1;114000;1;114000;2;1;0;112
InputEmulationBenchmarks.'Mouse move + click (absolute coordinates)';RagnaController.Benchmarks;InputEmulationBenchmarks;'Mouse move + click (absolute coordinates)';Job-FSVFRZ;Default;Default;Default;Default;Default;Default;Default;Default;Default;Default;Default;Default;Default;Default;Default;Default;Default;Default;Default;Default;Default;Default;True;Default;Default;Default;Default;Default;Default;Default;Default;10;Default;1;Default;Default;Default;Default;Default;Default;Default;3;"Job-FSVFRZ(Server=True, IterationCount=10, LaunchCount=1, WarmupCount=3)";;1;Workload;Jitting;1;1019200;1;1019200;2;1;0;112
InputEmulationBenchmarks.'Mouse move + click (absolute coordinates)';RagnaController.Benchmarks;InputEmulationBenchmarks;'Mouse move + click (absolute coordinates)';Job-FSVFRZ;Default;Default;Default;Default;Default;Default;Default;Default;Default;Default;Default;Default;Default;Default;Default;Default;Default;Default;Default;Default;Default;Default;True;Default;Default;Default;Default;Default;Default;Default;Default;10;Default;1;Default;Default;Default;Default;Default;Default;Default;3;"Job-FSVFRZ(Server=True, IterationCount=10, LaunchCount=1, WarmupCount=3)";;1;Overhead;Jitting;2;116700;16;7293.75;2;1;0;112
InputEmulationBenchmarks.'Mouse move + click (absolute coordinates)';RagnaController.Benchmarks;InputEmulationBenchmarks;'Mouse move + click (absolute coordinates)';Job-FSVFRZ;Default;Default;Default;Default;Default;Default;Default;Default;Default;Default;Default;Default;Default;Default;Default;Default;Default;Default;Default;Default;Default;Default;True;Default;Default;Default;Default;Default;Default;Default;Default;10;Default;1;Default;Default;Default;Default;Default;Default;Default;3;"Job-FSVFRZ(Server=True, IterationCount=10, LaunchCount=1, WarmupCount=3)";;1;Workload;Jitting;2;114100;16;7131.25;2;1;0;112
InputEmulationBenchmarks.'Mouse move + click (absolute coordinates)';RagnaController.Benchmarks;InputEmulationBenchmarks;'Mouse move + click (absolute coordinates)';Job-FSVFRZ;Default;Default;Default;Default;Default;Default;Default;Default;Default;Default;Default;Default;Default;Default;Default;Default;Default;Default;Default;Default;Default;Default;True;Default;Default;Default;Default;Default;Default;Default;Default;10;Default;1;Default;Default;Default;Default;Default;Default;Default;3;"Job-FSVFRZ(Server=True, IterationCount=10, LaunchCount=1, WarmupCount=3)";;1;Workload;Pilot;1;14900;16;931.25;2;1;0;112
InputEmulationBenchmarks.'Mouse move + click (absolute coordinates)';RagnaController.Benchmarks;InputEmulationBenchmarks;'Mouse move + click (absolute coordinates)';Job-FSVFRZ;Default;Default;Default;Default;Default;Default;Default;Default;Default;Default;Default;Default;Default;Default;Default;Default;Default;Default;Default;Default;Default;Default;True;Default;Default;Default;Default;Default;Default;Default;Default;10;Default;1;Default;Default;Default;Default;Default;Default;Default;3;"Job-FSVFRZ(Server=True, IterationCount=10, LaunchCount=1, WarmupCount=3)";;1;Workload;Pilot;2;13900;32;434.38;2;1;0;112
InputEmulationBenchmarks.'Mouse move + click (absolute coordinates)';RagnaController.Benchmarks;InputEmulationBenchmarks;'Mouse move + click (absolute coordinates)';Job-FSVFRZ;Default;Default;Default;Default;Default;Default;Default;Default;Default;Default;Default;Default;Default;Default;Default;Default;Default;Default;Default;Default;Default;Default;True;Default;Default;Default;Default;Default;Default;Default;Default;10;Default;1;Default;Default;Default;Default;Default;Default;Default;3;"Job-FSVFRZ(Server=True, IterationCount=10, LaunchCount=1, WarmupCount=3)";;1;Workload;Pilot;3;18400;64;287.5;2;1;0;112
InputEmulationBenchmarks.'Mouse move + click (absolute coordinates)';RagnaController.Benchmarks;InputEmulationBenchmarks;'Mouse move + click (absolute coordinates)';Job-FSVFRZ;Default;Default;Default;Default;Default;Default;Default;Default;Default;Default;Default;Default;Default;Default;Default;Default;Default;Default;Default;Default;Default;Default;True;Default;Default;Default;Default;Default;Default;Default;Default;10;Default;1;Default;Default;Default;Default;Default;Default;Default;3;"Job-FSVFRZ(Server=True, IterationCount=10, LaunchCount=1, WarmupCount=3)";;1;Workload;Pilot;4;27300;128;213.28;2;1;0;112
InputEmulationBenchmarks.'Mouse move + click (absolute coordinates)';RagnaController.Benchmarks;InputEmulationBenchmarks;'Mouse move + click (absolute coordinates)';Job-FSVFRZ;Default;Default;Default;Default;Default;Default;Default;Default;Default;Default;Default;Default;Default;Default;Default;Default;Default;Default;Default;Default;Default;Default;True;Default;Default;Default;Default;Default;Default;Default;Default;10;Default;1;Default;Default;Default;Default;Default;Default;Default;3;"Job-FSVFRZ(Server=True, IterationCount=10, LaunchCount=1, WarmupCount=3)";;1;Workload;Pilot;5;45700;256;178.52;2;1;0;112
InputEmulationBenchmarks.'Mouse move + click (absolute coordinates)';RagnaController.Benchmarks;InputEmulationBenchmarks;'Mouse move + click (absolute coordinates)';Job-FSVFRZ;Default;Default;Default;Default;Default;Default;Default;Default;Default;Default;Default;Default;Default;Default;Default;Default;Default;Default;Default;Default;Default;Default;True;Default;Default;Default;Default;Default;Default;Default;Default;10;Default;1;Default;Default;Default;Default;Default;Default;Default;3;"Job-FSVFRZ(Server=True, IterationCount=10, LaunchCount=1, WarmupCount=3)";;1;Workload;Pilot;6;79700;512;155.66;2;1;0;112
InputEmulationBenchmarks.'Mouse move + click (absolute coordinates)';RagnaController.Benchmarks;InputEmulationBenchmarks;'Mouse move + click (absolute coordinates)';Job-FSVFRZ;Default;Default;Default;Default;Default;Default;Default;Default;Default;Default;Default;Default;Default;Default;Default;Default;Default;Default;Default;Default;Default;Default;True;Default;Default;Default;Default;Default;Default;Default;Default;10;Default;1;Default;Default;Default;Default;Default;Default;Default;3;"Job-FSVFRZ(Server=True, IterationCount=10, LaunchCount=1, WarmupCount=3)";;1;Workload;Pilot;7;126000;1024;123.05;2;1;0;112
InputEmulationBenchmarks.'Mouse move + click (absolute coordinates)';RagnaController.Benchmarks;InputEmulationBenchmarks;'Mouse move + click (absolute coordinates)';Job-FSVFRZ;Default;Default;Default;Default;Default;Default;Default;Default;Default;Default;Default;Default;Default;Default;Default;Default;Default;Default;Default;Default;Default;Default;True;Default;Default;Default;Default;Default;Default;Default;Default;10;Default;1;Default;Default;Default;Default;Default;Default;Default;3;"Job-FSVFRZ(Server=True, IterationCount=10, LaunchCount=1, WarmupCount=3)";;1;Workload;Pilot;8;254500;2048;124.27;2;1;0;112
InputEmulationBenchmarks.'Mouse move + click (absolute coordinates)';RagnaController.Benchmarks;InputEmulationBenchmarks;'Mouse move + click (absolute coordinates)';Job-FSVFRZ;Default;Default;Default;Default;Default;Default;Default;Default;Default;Default;Default;Default;Default;Default;Default;Default;Default;Default;Default;Default;Default;Default;True;Default;Default;Default;Default;Default;Default;Default;Default;10;Default;1;Default;Default;Default;Default;Default;Default;Default;3;"Job-FSVFRZ(Server=True, IterationCount=10, LaunchCount=1, WarmupCount=3)";;1;Workload;Pilot;9;464000;4096;113.28;2;1;0;112
InputEmulationBenchmarks.'Mouse move + click (absolute coordinates)';RagnaController.Benchmarks;InputEmulationBenchmarks;'Mouse move + click (absolute coordinates)';Job-FSVFRZ;Default;Default;Default;Default;Default;Default;Default;Default;Default;Default;Default;Default;Default;Default;Default;Default;Default;Default;Default;Default;Default;Default;True;Default;Default;Default;Default;Default;Default;Default;Default;10;Default;1;Default;Default;Default;Default;Default;Default;Default;3;"Job-FSVFRZ(Server=True, IterationCount=10, LaunchCount=1, WarmupCount=3)";;1;Workload;Pilot;10;803600;8192;98.1;2;1;0;112
InputEmulationBenchmarks.'Mouse move + click (absolute coordinates)';RagnaController.Benchmarks;InputEmulationBenchmarks;'Mouse move + click (absolute coordinates)';Job-FSVFRZ;Default;Default;Default;Default;Default;Default;Default;Default;Default;Default;Default;Default;Default;Default;Default;Default;Default;Default;Default;Default;Default;Default;True;Default;Default;Default;Default;Default;Default;Default;Default;10;Default;1;Default;Default;Default;Default;Default;Default;Default;3;"Job-FSVFRZ(Server=True, IterationCount=10, LaunchCount=1, WarmupCount=3)";;1;Workload;Pilot;11;1765800;16384;107.78;2;1;0;112
InputEmulationBenchmarks.'Mouse move + click (absolute coordinates)';RagnaController.Benchmarks;InputEmulationBenchmarks;'Mouse move + click (absolute coordinates)';Job-FSVFRZ;Default;Default;Default;Default;Default;Default;Default;Default;Default;Default;Default;Default;Default;Default;Default;Default;Default;Default;Default;Default;Default;Default;True;Default;Default;Default;Default;Default;Default;Default;Default;10;Default;1;Default;Default;Default;Default;Default;Default;Default;3;"Job-FSVFRZ(Server=True, IterationCount=10, LaunchCount=1, WarmupCount=3)";;1;Workload;Pilot;12;3541800;32768;108.09;2;1;0;112
InputEmulationBenchmarks.'Mouse move + click (absolute coordinates)';RagnaController.Benchmarks;InputEmulationBenchmarks;'Mouse move + click (absolute coordinates)';Job-FSVFRZ;Default;Default;Default;Default;Default;Default;Default;Default;Default;Default;Default;Default;Default;Default;Default;Default;Default;Default;Default;Default;Default;Default;True;Default;Default;Default;Default;Default;Default;Default;Default;10;Default;1;Default;Default;Default;Default;Default;Default;Default;3;"Job-FSVFRZ(Server=True, IterationCount=10, LaunchCount=1, WarmupCount=3)";;1;Workload;Pilot;13;6845000;65536;104.45;2;1;0;112
InputEmulationBenchmarks.'Mouse move + click (absolute coordinates)';RagnaController.Benchmarks;InputEmulationBenchmarks;'Mouse move + click (absolute coordinates)';Job-FSVFRZ;Default;Default;Default;Default;Default;Default;Default;Default;Default;Default;Default;Default;Default;Default;Default;Default;Default;Default;Default;Default;Default;Default;True;Default;Default;Default;Default;Default;Default;Default;Default;10;Default;1;Default;Default;Default;Default;Default;Default;Default;3;"Job-FSVFRZ(Server=True, IterationCount=10, LaunchCount=1, WarmupCount=3)";;1;Workload;Pilot;14;15198100;131072;115.95;2;1;0;112
InputEmulationBenchmarks.'Mouse move + click (absolute coordinates)';RagnaController.Benchmarks;InputEmulationBenchmarks;'Mouse move + click (absolute coordinates)';Job-FSVFRZ;Default;Default;Default;Default;Default;Default;Default;Default;Default;Default;Default;Default;Default;Default;Default;Default;Default;Default;Default;Default;Default;Default;True;Default;Default;Default;Default;Default;Default;Default;Default;10;Default;1;Default;Default;Default;Default;Default;Default;Default;3;"Job-FSVFRZ(Server=True, IterationCount=10, LaunchCount=1, WarmupCount=3)";;1;Workload;Pilot;15;29827300;262144;113.78;2;1;0;112
InputEmulationBenchmarks.'Mouse move + click (absolute coordinates)';RagnaController.Benchmarks;InputEmulationBenchmarks;'Mouse move + click (absolute coordinates)';Job-FSVFRZ;Default;Default;Default;Default;Default;Default;Default;Default;Default;Default;Default;Default;Default;Default;Default;Default;Default;Default;Default;Default;Default;Default;True;Default;Default;Default;Default;Default;Default;Default;Default;10;Default;1;Default;Default;Default;Default;Default;Default;Default;3;"Job-FSVFRZ(Server=True, IterationCount=10, LaunchCount=1, WarmupCount=3)";;1;Workload;Pilot;16;57721300;524288;110.09;2;1;0;112
InputEmulationBenchmarks.'Mouse move + click (absolute coordinates)';RagnaController.Benchmarks;InputEmulationBenchmarks;'Mouse move + click (absolute coordinates)';Job-FSVFRZ;Default;Default;Default;Default;Default;Default;Default;Default;Default;Default;Default;Default;Default;Default;Default;Default;Default;Default;Default;Default;Default;Default;True;Default;Default;Default;Default;Default;Default;Default;Default;10;Default;1;Default;Default;Default;Default;Default;Default;Default;3;"Job-FSVFRZ(Server=True, IterationCount=10, LaunchCount=1, WarmupCount=3)";;1;Workload;Pilot;17;84283100;1048576;80.38;2;1;0;112
InputEmulationBenchmarks.'Mouse move + click (absolute coordinates)';RagnaController.Benchmarks;InputEmulationBenchmarks;'Mouse move + click (absolute coordinates)';Job-FSVFRZ;Default;Default;Default;Default;Default;Default;Default;Default;Default;Default;Default;Default;Default;Default;Default;Default;Default;Default;Default;Default;Default;Default;True;Default;Default;Default;Default;Default;Default;Default;Default;10;Default;1;Default;Default;Default;Default;Default;Default;Default;3;"Job-FSVFRZ(Server=True, IterationCount=10, LaunchCount=1, WarmupCount=3)";;1;Workload;Pilot;18;188883400;2097152;90.07;2;1;0;112
InputEmulationBenchmarks.'Mouse move + click (absolute coordinates)';RagnaController.Benchmarks;InputEmulationBenchmarks;'Mouse move + click (absolute coordinates)';Job-FSVFRZ;Default;Default;Default;Default;Default;Default;Default;Default;Default;Default;Default;Default;Default;Default;Default;Default;Default;Default;Default;Default;Default;Default;True;Default;Default;Default;Default;Default;Default;Default;Default;10;Default;1;Default;Default;Default;Default;Default;Default;Default;3;"Job-FSVFRZ(Server=True, IterationCount=10, LaunchCount=1, WarmupCount=3)";;1;Workload;Pilot;19;293963700;4194304;70.09;2;1;0;112
InputEmulationBenchmarks.'Mouse move + click (absolute coordinates)';RagnaController.Benchmarks;InputEmulationBenchmarks;'Mouse move + click (absolute coordinates)';Job-FSVFRZ;Default;Default;Default;Default;Default;Default;Default;Default;Default;Default;Default;Default;Default;Default;Default;Default;Default;Default;Default;Default;Default;Default;True;Default;Default;Default;Default;Default;Default;Default;Default;10;Default;1;Default;Default;Default;Default;Default;Default;Default;3;"Job-FSVFRZ(Server=True, IterationCount=10, LaunchCount=1, WarmupCount=3)";;1;Workload;Pilot;20;1047203800;8388608;124.84;2;1;0;112
InputEmulationBenchmarks.'Mouse move + click (absolute coordinates)';RagnaController.Benchmarks;InputEmulationBenchmarks;'Mouse move + click (absolute coordinates)';Job-FSVFRZ;Default;Default;Default;Default;Default;Default;Default;Default;Default;Default;Default;Default;Default;Default;Default;Default;Default;Default;Default;Default;Default;Default;True;Default;Default;Default;Default;Default;Default;Default;Default;10;Default;1;Default;Default;Default;Default;Default;Default;Default;3;"Job-FSVFRZ(Server=True, IterationCount=10, LaunchCount=1, WarmupCount=3)";;1;Overhead;Warmup;1;11590900;8388608;1.38;2;1;0;112
InputEmulationBenchmarks.'Mouse move + click (absolute coordinates)';RagnaController.Benchmarks;InputEmulationBenchmarks;'Mouse move + click (absolute coordinates)';Job-FSVFRZ;Default;Default;Default;Default;Default;Default;Default;Default;Default;Default;Default;Default;Default;Default;Default;Default;Default;Default;Default;Default;Default;Default;True;Default;Default;Default;Default;Default;Default;Default;Default;10;Default;1;Default;Default;Default;Default;Default;Default;Default;3;"Job-FSVFRZ(Server=True, IterationCount=10, LaunchCount=1, WarmupCount=3)";;1;Overhead;Warmup;2;10402500;8388608;1.24;2;1;0;112
InputEmulationBenchmarks.'Mouse move + click (absolute coordinates)';RagnaController.Benchmarks;InputEmulationBenchmarks;'Mouse move + click (absolute coordinates)';Job-FSVFRZ;Default;Default;Default;Default;Default;Default;Default;Default;Default;Default;Default;Default;Default;Default;Default;Default;Default;Default;Default;Default;Default;Default;True;Default;Default;Default;Default;Default;Default;Default;Default;10;Default;1;Default;Default;Default;Default;Default;Default;Default;3;"Job-FSVFRZ(Server=True, IterationCount=10, LaunchCount=1, WarmupCount=3)";;1;Overhead;Warmup;3;9994400;8388608;1.19;2;1;0;112
InputEmulationBenchmarks.'Mouse move + click (absolute coordinates)';RagnaController.Benchmarks;InputEmulationBenchmarks;'Mouse move + click (absolute coordinates)';Job-FSVFRZ;Default;Default;Default;Default;Default;Default;Default;Default;Default;Default;Default;Default;Default;Default;Default;Default;Default;Default;Default;Default;Default;Default;True;Default;Default;Default;Default;Default;Default;Default;Default;10;Default;1;Default;Default;Default;Default;Default;Default;Default;3;"Job-FSVFRZ(Server=True, IterationCount=10, LaunchCount=1, WarmupCount=3)";;1;Overhead;Warmup;4;9802700;8388608;1.17;2;1;0;112
InputEmulationBenchmarks.'Mouse move + click (absolute coordinates)';RagnaController.Benchmarks;InputEmulationBenchmarks;'Mouse move + click (absolute coordinates)';Job-FSVFRZ;Default;Default;Default;Default;Default;Default;Default;Default;Default;Default;Default;Default;Default;Default;Default;Default;Default;Default;Default;Default;Default;Default;True;Default;Default;Default;Default;Default;Default;Default;Default;10;Default;1;Default;Default;Default;Default;Default;Default;Default;3;"Job-FSVFRZ(Server=True, IterationCount=10, LaunchCount=1, WarmupCount=3)";;1;Overhead;Warmup;5;11106800;8388608;1.32;2;1;0;112
InputEmulationBenchmarks.'Mouse move + click (absolute coordinates)';RagnaController.Benchmarks;InputEmulationBenchmarks;'Mouse move + click (absolute coordinates)';Job-FSVFRZ;Default;Default;Default;Default;Default;Default;Default;Default;Default;Default;Default;Default;Default;Default;Default;Default;Default;Default;Default;Default;Default;Default;True;Default;Default;Default;Default;Default;Default;Default;Default;10;Default;1;Default;Default;Default;Default;Default;Default;Default;3;"Job-FSVFRZ(Server=True, IterationCount=10, LaunchCount=1, WarmupCount=3)";;1;Overhead;Warmup;6;10675900;8388608;1.27;2;1;0;112
InputEmulationBenchmarks.'Mouse move + click (absolute coordinates)';RagnaController.Benchmarks;InputEmulationBenchmarks;'Mouse move + click (absolute coordinates)';Job-FSVFRZ;Default;Default;Default;Default;Default;Default;Default;Default;Default;Default;Default;Default;Default;Default;Default;Default;Default;Default;Default;Default;Default;Default;True;Default;Default;Default;Default;Default;Default;Default;Default;10;Default;1;Default;Default;Default;Default;Default;Default;Default;3;"Job-FSVFRZ(Server=True, IterationCount=10, LaunchCount=1, WarmupCount=3)";;1;Overhead;Warmup;7;11017200;8388608;1.31;2;1;0;112
InputEmulationBenchmarks.'Mouse move + click (absolute coordinates)';RagnaController.Benchmarks;InputEmulationBenchmarks;'Mouse move + click (absolute coordinates)';Job-FSVFRZ;Default;Default;Default;Default;Default;Default;Default;Default;Default;Default;Default;Default;Default;Default;Default;Default;Default;Default;Default;Default;Default;Default;True;Default;Default;Default;Default;Default;Default;Default;Default;10;Default;1;Default;Default;Default;Default;Default;Default;Default;3;"Job-FSVFRZ(Server=True, IterationCount=10, LaunchCount=1, WarmupCount=3)";;1;Overhead;Warmup;8;10630900;8388608;1.27;2;1;0;112
InputEmulationBenchmarks.'Mouse move + click (absolute coordinates)';RagnaController.Benchmarks;InputEmulationBenchmarks;'Mouse move + click (absolute coordinates)';Job-FSVFRZ;Default;Default;Default;Default;Default;Default;Default;Default;Default;Default;Default;Default;Default;Default;Default;Default;Default;Default;Default;Default;Default;Default;True;Default;Default;Default;Default;Default;Default;Default;Default;10;Default;1;Default;Default;Default;Default;Default;Default;Default;3;"Job-FSVFRZ(Server=True, IterationCount=10, LaunchCount=1, WarmupCount=3)";;1;Overhead;Actual;1;10472700;8388608;1.25;2;1;0;112
InputEmulationBenchmarks.'Mouse move + click (absolute coordinates)';RagnaController.Benchmarks;InputEmulationBenchmarks;'Mouse move + click (absolute coordinates)';Job-FSVFRZ;Default;Default;Default;Default;Default;Default;Default;Default;Default;Default;Default;Default;Default;Default;Default;Default;Default;Default;Default;Default;Default;Default;True;Default;Default;Default;Default;Default;Default;Default;Default;10;Default;1;Default;Default;Default;Default;Default;Default;Default;3;"Job-FSVFRZ(Server=True, IterationCount=10, LaunchCount=1, WarmupCount=3)";;1;Overhead;Actual;2;10782400;8388608;1.29;2;1;0;112
InputEmulationBenchmarks.'Mouse move + click (absolute coordinates)';RagnaController.Benchmarks;InputEmulationBenchmarks;'Mouse move + click (absolute coordinates)';Job-FSVFRZ;Default;Default;Default;Default;Default;Default;Default;Default;Default;Default;Default;Default;Default;Default;Default;Default;Default;Default;Default;Default;Default;Default;True;Default;Default;Default;Default;Default;Default;Default;Default;10;Default;1;Default;Default;Default;Default;Default;Default;Default;3;"Job-FSVFRZ(Server=True, IterationCount=10, LaunchCount=1, WarmupCount=3)";;1;Overhead;Actual;3;11693200;8388608;1.39;2;1;0;112
InputEmulationBenchmarks.'Mouse move + click (absolute coordinates)';RagnaController.Benchmarks;InputEmulationBenchmarks;'Mouse move + click (absolute coordinates)';Job-FSVFRZ;Default;Default;Default;Default;Default;Default;Default;Default;Default;Default;Default;Default;Default;Default;Default;Default;Default;Default;Default;Default;Default;Default;True;Default;Default;Default;Default;Default;Default;Default;Default;10;Default;1;Default;Default;Default;Default;Default;Default;Default;3;"Job-FSVFRZ(Server=True, IterationCount=10, LaunchCount=1, WarmupCount=3)";;1;Overhead;Actual;4;11514500;8388608;1.37;2;1;0;112
InputEmulationBenchmarks.'Mouse move + click (absolute coordinates)';RagnaController.Benchmarks;InputEmulationBenchmarks;'Mouse move + click (absolute coordinates)';Job-FSVFRZ;Default;Default;Default;Default;Default;Default;Default;Default;Default;Default;Default;Default;Default;Default;Default;Default;Default;Default;Default;Default;Default;Default;True;Default;Default;Default;Default;Default;Default;Default;Default;10;Default;1;Default;Default;Default;Default;Default;Default;Default;3;"Job-FSVFRZ(Server=True, IterationCount=10, LaunchCount=1, WarmupCount=3)";;1;Overhead;Actual;5;9707000;8388608;1.16;2;1;0;112
InputEmulationBenchmarks.'Mouse move + click (absolute coordinates)';RagnaController.Benchmarks;InputEmulationBenchmarks;'Mouse move + click (absolute coordinates)';Job-FSVFRZ;Default;Default;Default;Default;Default;Default;Default;Default;Default;Default;Default;Default;Default;Default;Default;Default;Default;Default;Default;Default;Default;Default;True;Default;Default;Default;Default;Default;Default;Default;Default;10;Default;1;Default;Default;Default;Default;Default;Default;Default;3;"Job-FSVFRZ(Server=True, IterationCount=10, LaunchCount=1, WarmupCount=3)";;1;Overhead;Actual;6;12419900;8388608;1.48;2;1;0;112
InputEmulationBenchmarks.'Mouse move + click (absolute coordinates)';RagnaController.Benchmarks;InputEmulationBenchmarks;'Mouse move + click (absolute coordinates)';Job-FSVFRZ;Default;Default;Default;Default;Default;Default;Default;Default;Default;Default;Default;Default;Default;Default;Default;Default;Default;Default;Default;Default;Default;Default;True;Default;Default;Default;Default;Default;Default;Default;Default;10;Default;1;Default;Default;Default;Default;Default;Default;Default;3;"Job-FSVFRZ(Server=True, IterationCount=10, LaunchCount=1, WarmupCount=3)";;1;Overhead;Actual;7;10771600;8388608;1.28;2;1;0;112
InputEmulationBenchmarks.'Mouse move + click (absolute coordinates)';RagnaController.Benchmarks;InputEmulationBenchmarks;'Mouse move + click (absolute coordinates)';Job-FSVFRZ;Default;Default;Default;Default;Default;Default;Default;Default;Default;Default;Default;Default;Default;Default;Default;Default;Default;Default;Default;Default;Default;Default;True;Default;Default;Default;Default;Default;Default;Default;Default;10;Default;1;Default;Default;Default;Default;Default;Default;Default;3;"Job-FSVFRZ(Server=True, IterationCount=10, LaunchCount=1, WarmupCount=3)";;1;Overhead;Actual;8;10600300;8388608;1.26;2;1;0;112
InputEmulationBenchmarks.'Mouse move + click (absolute coordinates)';RagnaController.Benchmarks;InputEmulationBenchmarks;'Mouse move + click (absolute coordinates)';Job-FSVFRZ;Default;Default;Default;Default;Default;Default;Default;Default;Default;Default;Default;Default;Default;Default;Default;Default;Default;Default;Default;Default;Default;Default;True;Default;Default;Default;Default;Default;Default;Default;Default;10;Default;1;Default;Default;Default;Default;Default;Default;Default;3;"Job-FSVFRZ(Server=True, IterationCount=10, LaunchCount=1, WarmupCount=3)";;1;Overhead;Actual;9;10676500;8388608;1.27;2;1;0;112
InputEmulationBenchmarks.'Mouse move + click (absolute coordinates)';RagnaController.Benchmarks;InputEmulationBenchmarks;'Mouse move + click (absolute coordinates)';Job-FSVFRZ;Default;Default;Default;Default;Default;Default;Default;Default;Default;Default;Default;Default;Default;Default;Default;Default;Default;Default;Default;Default;Default;Default;True;Default;Default;Default;Default;Default;Default;Default;Default;10;Default;1;Default;Default;Default;Default;Default;Default;Default;3;"Job-FSVFRZ(Server=True, IterationCount=10, LaunchCount=1, WarmupCount=3)";;1;Overhead;Actual;10;11041400;8388608;1.32;2;1;0;112
InputEmulationBenchmarks.'Mouse move + click (absolute coordinates)';RagnaController.Benchmarks;InputEmulationBenchmarks;'Mouse move + click (absolute coordinates)';Job-FSVFRZ;Default;Default;Default;Default;Default;Default;Default;Default;Default;Default;Default;Default;Default;Default;Default;Default;Default;Default;Default;Default;Default;Default;True;Default;Default;Default;Default;Default;Default;Default;Default;10;Default;1;Default;Default;Default;Default;Default;Default;Default;3;"Job-FSVFRZ(Server=True, IterationCount=10, LaunchCount=1, WarmupCount=3)";;1;Overhead;Actual;11;10913300;8388608;1.3;2;1;0;112
InputEmulationBenchmarks.'Mouse move + click (absolute coordinates)';RagnaController.Benchmarks;InputEmulationBenchmarks;'Mouse move + click (absolute coordinates)';Job-FSVFRZ;Default;Default;Default;Default;Default;Default;Default;Default;Default;Default;Default;Default;Default;Default;Default;Default;Default;Default;Default;Default;Default;Default;True;Default;Default;Default;Default;Default;Default;Default;Default;10;Default;1;Default;Default;Default;Default;Default;Default;Default;3;"Job-FSVFRZ(Server=True, IterationCount=10, LaunchCount=1, WarmupCount=3)";;1;Overhead;Actual;12;10804900;8388608;1.29;2;1;0;112
InputEmulationBenchmarks.'Mouse move + click (absolute coordinates)';RagnaController.Benchmarks;InputEmulationBenchmarks;'Mouse move + click (absolute coordinates)';Job-FSVFRZ;Default;Default;Default;Default;Default;Default;Default;Default;Default;Default;Default;Default;Default;Default;Default;Default;Default;Default;Default;Default;Default;Default;True;Default;Default;Default;Default;Default;Default;Default;Default;10;Default;1;Default;Default;Default;Default;Default;Default;Default;3;"Job-FSVFRZ(Server=True, IterationCount=10, LaunchCount=1, WarmupCount=3)";;1;Overhead;Actual;13;11866500;8388608;1.41;2;1;0;112
InputEmulationBenchmarks.'Mouse move + click (absolute coordinates)';RagnaController.Benchmarks;InputEmulationBenchmarks;'Mouse move + click (absolute coordinates)';Job-FSVFRZ;Default;Default;Default;Default;Default;Default;Default;Default;Default;Default;Default;Default;Default;Default;Default;Default;Default;Default;Default;Default;Default;Default;True;Default;Default;Default;Default;Default;Default;Default;Default;10;Default;1;Default;Default;Default;Default;Default;Default;Default;3;"Job-FSVFRZ(Server=True, IterationCount=10, LaunchCount=1, WarmupCount=3)";;1;Overhead;Actual;14;10500100;8388608;1.25;2;1;0;112
InputEmulationBenchmarks.'Mouse move + click (absolute coordinates)';RagnaController.Benchmarks;InputEmulationBenchmarks;'Mouse move + click (absolute coordinates)';Job-FSVFRZ;Default;Default;Default;Default;Default;Default;Default;Default;Default;Default;Default;Default;Default;Default;Default;Default;Default;Default;Default;Default;Default;Default;True;Default;Default;Default;Default;Default;Default;Default;Default;10;Default;1;Default;Default;Default;Default;Default;Default;Default;3;"Job-FSVFRZ(Server=True, IterationCount=10, LaunchCount=1, WarmupCount=3)";;1;Overhead;Actual;15;10187200;8388608;1.21;2;1;0;112
InputEmulationBenchmarks.'Mouse move + click (absolute coordinates)';RagnaController.Benchmarks;InputEmulationBenchmarks;'Mouse move + click (absolute coordinates)';Job-FSVFRZ;Default;Default;Default;Default;Default;Default;Default;Default;Default;Default;Default;Default;Default;Default;Default;Default;Default;Default;Default;Default;Default;Default;True;Default;Default;Default;Default;Default;Default;Default;Default;10;Default;1;Default;Default;Default;Default;Default;Default;Default;3;"Job-FSVFRZ(Server=True, IterationCount=10, LaunchCount=1, WarmupCount=3)";;1;Overhead;Actual;16;10391800;8388608;1.24;2;1;0;112
InputEmulationBenchmarks.'Mouse move + click (absolute coordinates)';RagnaController.Benchmarks;InputEmulationBenchmarks;'Mouse move + click (absolute coordinates)';Job-FSVFRZ;Default;Default;Default;Default;Default;Default;Default;Default;Default;Default;Default;Default;Default;Default;Default;Default;Default;Default;Default;Default;Default;Default;True;Default;Default;Default;Default;Default;Default;Default;Default;10;Default;1;Default;Default;Default;Default;Default;Default;Default;3;"Job-FSVFRZ(Server=True, IterationCount=10, LaunchCount=1, WarmupCount=3)";;1;Overhead;Actual;17;11324100;8388608;1.35;2;1;0;112
InputEmulationBenchmarks.'Mouse move + click (absolute coordinates)';RagnaController.Benchmarks;InputEmulationBenchmarks;'Mouse move + click (absolute coordinates)';Job-FSVFRZ;Default;Default;Default;Default;Default;Default;Default;Default;Default;Default;Default;Default;Default;Default;Default;Default;Default;Default;Default;Default;Default;Default;True;Default;Default;Default;Default;Default;Default;Default;Default;10;Default;1;Default;Default;Default;Default;Default;Default;Default;3;"Job-FSVFRZ(Server=True, IterationCount=10, LaunchCount=1, WarmupCount=3)";;1;Overhead;Actual;18;10704800;8388608;1.28;2;1;0;112
InputEmulationBenchmarks.'Mouse move + click (absolute coordinates)';RagnaController.Benchmarks;InputEmulationBenchmarks;'Mouse move + click (absolute coordinates)';Job-FSVFRZ;Default;Default;Default;Default;Default;Default;Default;Default;Default;Default;Default;Default;Default;Default;Default;Default;Default;Default;Default;Default;Default;Default;True;Default;Default;Default;Default;Default;Default;Default;Default;10;Default;1;Default;Default;Default;Default;Default;Default;Default;3;"Job-FSVFRZ(Server=True, IterationCount=10, LaunchCount=1, WarmupCount=3)";;1;Overhead;Actual;19;12641300;8388608;1.51;2;1;0;112
InputEmulationBenchmarks.'Mouse move + click (absolute coordinates)';RagnaController.Benchmarks;InputEmulationBenchmarks;'Mouse move + click (absolute coordinates)';Job-FSVFRZ;Default;Default;Default;Default;Default;Default;Default;Default;Default;Default;Default;Default;Default;Default;Default;Default;Default;Default;Default;Default;Default;Default;True;Default;Default;Default;Default;Default;Default;Default;Default;10;Default;1;Default;Default;Default;Default;Default;Default;Default;3;"Job-FSVFRZ(Server=True, IterationCount=10, LaunchCount=1, WarmupCount=3)";;1;Overhead;Actual;20;11971700;8388608;1.43;2;1;0;112
InputEmulationBenchmarks.'Mouse move + click (absolute coordinates)';RagnaController.Benchmarks;InputEmulationBenchmarks;'Mouse move + click (absolute coordinates)';Job-FSVFRZ;Default;Default;Default;Default;Default;Default;Default;Default;Default;Default;Default;Default;Default;Default;Default;Default;Default;Default;Default;Default;Default;Default;True;Default;Default;Default;Default;Default;Default;Default;Default;10;Default;1;Default;Default;Default;Default;Default;Default;Default;3;"Job-FSVFRZ(Server=True, IterationCount=10, LaunchCount=1, WarmupCount=3)";;1;Workload;Warmup;1;1833572000;8388608;218.58;2;1;0;112
InputEmulationBenchmarks.'Mouse move + click (absolute coordinates)';RagnaController.Benchmarks;InputEmulationBenchmarks;'Mouse move + click (absolute coordinates)';Job-FSVFRZ;Default;Default;Default;Default;Default;Default;Default;Default;Default;Default;Default;Default;Default;Default;Default;Default;Default;Default;Default;Default;Default;Default;True;Default;Default;Default;Default;Default;Default;Default;Default;10;Default;1;Default;Default;Default;Default;Default;Default;Default;3;"Job-FSVFRZ(Server=True, IterationCount=10, LaunchCount=1, WarmupCount=3)";;1;Workload;Warmup;2;1594996600;8388608;190.14;2;1;0;112
InputEmulationBenchmarks.'Mouse move + click (absolute coordinates)';RagnaController.Benchmarks;InputEmulationBenchmarks;'Mouse move + click (absolute coordinates)';Job-FSVFRZ;Default;Default;Default;Default;Default;Default;Default;Default;Default;Default;Default;Default;Default;Default;Default;Default;Default;Default;Default;Default;Default;Default;True;Default;Default;Default;Default;Default;Default;Default;Default;10;Default;1;Default;Default;Default;Default;Default;Default;Default;3;"Job-FSVFRZ(Server=True, IterationCount=10, LaunchCount=1, WarmupCount=3)";;1;Workload;Warmup;3;1959833600;8388608;233.63;2;1;0;112
InputEmulationBenchmarks.'Mouse move + click (absolute coordinates)';RagnaController.Benchmarks;InputEmulationBenchmarks;'Mouse move + click (absolute coordinates)';Job-FSVFRZ;Default;Default;Default;Default;Default;Default;Default;Default;Default;Default;Default;Default;Default;Default;Default;Default;Default;Default;Default;Default;Default;Default;True;Default;Default;Default;Default;Default;Default;Default;Default;10;Default;1;Default;Default;Default;Default;Default;Default;Default;3;"Job-FSVFRZ(Server=True, IterationCount=10, LaunchCount=1, WarmupCount=3)";;1;Workload;Actual;1;1613642600;8388608;192.36;2;1;0;112
InputEmulationBenchmarks.'Mouse move + click (absolute coordinates)';RagnaController.Benchmarks;InputEmulationBenchmarks;'Mouse move + click (absolute coordinates)';Job-FSVFRZ;Default;Default;Default;Default;Default;Default;Default;Default;Default;Default;Default;Default;Default;Default;Default;Default;Default;Default;Default;Default;Default;Default;True;Default;Default;Default;Default;Default;Default;Default;Default;10;Default;1;Default;Default;Default;Default;Default;Default;Default;3;"Job-FSVFRZ(Server=True, IterationCount=10, LaunchCount=1, WarmupCount=3)";;1;Workload;Actual;2;1651683700;8388608;196.9;2;1;0;112
InputEmulationBenchmarks.'Mouse move + click (absolute coordinates)';RagnaController.Benchmarks;InputEmulationBenchmarks;'Mouse move + click (absolute coordinates)';Job-FSVFRZ;Default;Default;Default;Default;Default;Default;Default;Default;Default;Default;Default;Default;Default;Default;Default;Default;Default;Default;Default;Default;Default;Default;True;Default;Default;Default;Default;Default;Default;Default;Default;10;Default;1;Default;Default;Default;Default;Default;Default;Default;3;"Job-FSVFRZ(Server=True, IterationCount=10, LaunchCount=1, WarmupCount=3)";;1;Workload;Actual;3;8823871700;8388608;1051.89;2;1;0;112
InputEmulationBenchmarks.'Mouse move + click (absolute coordinates)';RagnaController.Benchmarks;InputEmulationBenchmarks;'Mouse move + click (absolute coordinates)';Job-FSVFRZ;Default;Default;Default;Default;Default;Default;Default;Default;Default;Default;Default;Default;Default;Default;Default;Default;Default;Default;Default;Default;Default;Default;True;Default;Default;Default;Default;Default;Default;Default;Default;10;Default;1;Default;Default;Default;Default;Default;Default;Default;3;"Job-FSVFRZ(Server=True, IterationCount=10, LaunchCount=1, WarmupCount=3)";;1;Workload;Actual;4;2975078500;8388608;354.66;2;1;0;112
InputEmulationBenchmarks.'Mouse move + click (absolute coordinates)';RagnaController.Benchmarks;InputEmulationBenchmarks;'Mouse move + click (absolute coordinates)';Job-FSVFRZ;Default;Default;Default;Default;Default;Default;Default;Default;Default;Default;Default;Default;Default;Default;Default;Default;Default;Default;Default;Default;Default;Default;True;Default;Default;Default;Default;Default;Default;Default;Default;10;Default;1;Default;Default;Default;Default;Default;Default;Default;3;"Job-FSVFRZ(Server=True, IterationCount=10, LaunchCount=1, WarmupCount=3)";;1;Workload;Actual;5;11931442200;8388608;1422.34;2;1;0;112
InputEmulationBenchmarks.'Mouse move + click (absolute coordinates)';RagnaController.Benchmarks;InputEmulationBenchmarks;'Mouse move + click (absolute coordinates)';Job-FSVFRZ;Default;Default;Default;Default;Default;Default;Default;Default;Default;Default;Default;Default;Default;Default;Default;Default;Default;Default;Default;Default;Default;Default;True;Default;Default;Default;Default;Default;Default;Default;Default;10;Default;1;Default;Default;Default;Default;Default;Default;Default;3;"Job-FSVFRZ(Server=True, IterationCount=10, LaunchCount=1, WarmupCount=3)";;1;Workload;Actual;6;3004756400;8388608;358.19;2;1;0;112
InputEmulationBenchmarks.'Mouse move + click (absolute coordinates)';RagnaController.Benchmarks;InputEmulationBenchmarks;'Mouse move + click (absolute coordinates)';Job-FSVFRZ;Default;Default;Default;Default;Default;Default;Default;Default;Default;Default;Default;Default;Default;Default;Default;Default;Default;Default;Default;Default;Default;Default;True;Default;Default;Default;Default;Default;Default;Default;Default;10;Default;1;Default;Default;Default;Default;Default;Default;Default;3;"Job-FSVFRZ(Server=True, IterationCount=10, LaunchCount=1, WarmupCount=3)";;1;Workload;Actual;7;2975984800;8388608;354.77;2;1;0;112
InputEmulationBenchmarks.'Mouse move + click (absolute coordinates)';RagnaController.Benchmarks;InputEmulationBenchmarks;'Mouse move + click (absolute coordinates)';Job-FSVFRZ;Default;Default;Default;Default;Default;Default;Default;Default;Default;Default;Default;Default;Default;Default;Default;Default;Default;Default;Default;Default;Default;Default;True;Default;Default;Default;Default;Default;Default;Default;Default;10;Default;1;Default;Default;Default;Default;Default;Default;Default;3;"Job-FSVFRZ(Server=True, IterationCount=10, LaunchCount=1, WarmupCount=3)";;1;Workload;Actual;8;3833318700;8388608;456.97;2;1;0;112
InputEmulationBenchmarks.'Mouse move + click (absolute coordinates)';RagnaController.Benchmarks;InputEmulationBenchmarks;'Mouse move + click (absolute coordinates)';Job-FSVFRZ;Default;Default;Default;Default;Default;Default;Default;Default;Default;Default;Default;Default;Default;Default;Default;Default;Default;Default;Default;Default;Default;Default;True;Default;Default;Default;Default;Default;Default;Default;Default;10;Default;1;Default;Default;Default;Default;Default;Default;Default;3;"Job-FSVFRZ(Server=True, IterationCount=10, LaunchCount=1, WarmupCount=3)";;1;Workload;Actual;9;4612423200;8388608;549.84;2;1;0;112
InputEmulationBenchmarks.'Mouse move + click (absolute coordinates)';RagnaController.Benchmarks;InputEmulationBenchmarks;'Mouse move + click (absolute coordinates)';Job-FSVFRZ;Default;Default;Default;Default;Default;Default;Default;Default;Default;Default;Default;Default;Default;Default;Default;Default;Default;Default;Default;Default;Default;Default;True;Default;Default;Default;Default;Default;Default;Default;Default;10;Default;1;Default;Default;Default;Default;Default;Default;Default;3;"Job-FSVFRZ(Server=True, IterationCount=10, LaunchCount=1, WarmupCount=3)";;1;Workload;Actual;10;3886949300;8388608;463.36;2;1;0;112
InputEmulationBenchmarks.'Mouse move + click (absolute coordinates)';RagnaController.Benchmarks;InputEmulationBenchmarks;'Mouse move + click (absolute coordinates)';Job-FSVFRZ;Default;Default;Default;Default;Default;Default;Default;Default;Default;Default;Default;Default;Default;Default;Default;Default;Default;Default;Default;Default;Default;Default;True;Default;Default;Default;Default;Default;Default;Default;Default;10;Default;1;Default;Default;Default;Default;Default;Default;Default;3;"Job-FSVFRZ(Server=True, IterationCount=10, LaunchCount=1, WarmupCount=3)";;1;Workload;Result;1;1602848950;8388608;191.07;2;1;0;112
InputEmulationBenchmarks.'Mouse move + click (absolute coordinates)';RagnaController.Benchmarks;InputEmulationBenchmarks;'Mouse move + click (absolute coordinates)';Job-FSVFRZ;Default;Default;Default;Default;Default;Default;Default;Default;Default;Default;Default;Default;Default;Default;Default;Default;Default;Default;Default;Default;Default;Default;True;Default;Default;Default;Default;Default;Default;Default;Default;10;Default;1;Default;Default;Default;Default;Default;Default;Default;3;"Job-FSVFRZ(Server=True, IterationCount=10, LaunchCount=1, WarmupCount=3)";;1;Workload;Result;2;1640890050;8388608;195.61;2;1;0;112
InputEmulationBenchmarks.'Mouse move + click (absolute coordinates)';RagnaController.Benchmarks;InputEmulationBenchmarks;'Mouse move + click (absolute coordinates)';Job-FSVFRZ;Default;Default;Default;Default;Default;Default;Default;Default;Default;Default;Default;Default;Default;Default;Default;Default;Default;Default;Default;Default;Default;Default;True;Default;Default;Default;Default;Default;Default;Default;Default;10;Default;1;Default;Default;Default;Default;Default;Default;Default;3;"Job-FSVFRZ(Server=True, IterationCount=10, LaunchCount=1, WarmupCount=3)";;1;Workload;Result;3;2964284850;8388608;353.37;2;1;0;112
InputEmulationBenchmarks.'Mouse move + click (absolute coordinates)';RagnaController.Benchmarks;InputEmulationBenchmarks;'Mouse move + click (absolute coordinates)';Job-FSVFRZ;Default;Default;Default;Default;Default;Default;Default;Default;Default;Default;Default;Default;Default;Default;Default;Default;Default;Default;Default;Default;Default;Default;True;Default;Default;Default;Default;Default;Default;Default;Default;10;Default;1;Default;Default;Default;Default;Default;Default;Default;3;"Job-FSVFRZ(Server=True, IterationCount=10, LaunchCount=1, WarmupCount=3)";;1;Workload;Result;4;2993962750;8388608;356.91;2;1;0;112
InputEmulationBenchmarks.'Mouse move + click (absolute coordinates)';RagnaController.Benchmarks;InputEmulationBenchmarks;'Mouse move + click (absolute coordinates)';Job-FSVFRZ;Default;Default;Default;Default;Default;Default;Default;Default;Default;Default;Default;Default;Default;Default;Default;Default;Default;Default;Default;Default;Default;Default;True;Default;Default;Default;Default;Default;Default;Default;Default;10;Default;1;Default;Default;Default;Default;Default;Default;Default;3;"Job-FSVFRZ(Server=True, IterationCount=10, LaunchCount=1, WarmupCount=3)";;1;Workload;Result;5;2965191150;8388608;353.48;2;1;0;112
InputEmulationBenchmarks.'Mouse move + click (absolute coordinates)';RagnaController.Benchmarks;InputEmulationBenchmarks;'Mouse move + click (absolute coordinates)';Job-FSVFRZ;Default;Default;Default;Default;Default;Default;Default;Default;Default;Default;Default;Default;Default;Default;Default;Default;Default;Default;Default;Default;Default;Default;True;Default;Default;Default;Default;Default;Default;Default;Default;10;Default;1;Default;Default;Default;Default;Default;Default;Default;3;"Job-FSVFRZ(Server=True, IterationCount=10, LaunchCount=1, WarmupCount=3)";;1;Workload;Result;6;3822525050;8388608;455.68;2;1;0;112
InputEmulationBenchmarks.'Mouse move + click (absolute coordinates)';RagnaController.Benchmarks;InputEmulationBenchmarks;'Mouse move + click (absolute coordinates)';Job-FSVFRZ;Default;Default;Default;Default;Default;Default;Default;Default;Default;Default;Default;Default;Default;Default;Default;Default;Default;Default;Default;Default;Default;Default;True;Default;Default;Default;Default;Default;Default;Default;Default;10;Default;1;Default;Default;Default;Default;Default;Default;Default;3;"Job-FSVFRZ(Server=True, IterationCount=10, LaunchCount=1, WarmupCount=3)";;1;Workload;Result;7;4601629550;8388608;548.56;2;1;0;112
InputEmulationBenchmarks.'Mouse move + click (absolute coordinates)';RagnaController.Benchmarks;InputEmulationBenchmarks;'Mouse move + click (absolute coordinates)';Job-FSVFRZ;Default;Default;Default;Default;Default;Default;Default;Default;Default;Default;Default;Default;Default;Default;Default;Default;Default;Default;Default;Default;Default;Default;True;Default;Default;Default;Default;Default;Default;Default;Default;10;Default;1;Default;Default;Default;Default;Default;Default;Default;3;"Job-FSVFRZ(Server=True, IterationCount=10, LaunchCount=1, WarmupCount=3)";;1;Workload;Result;8;3876155650;8388608;462.07;2;1;0;112
InputEmulationBenchmarks.'10 rapid keystrokes (macro simulation)';RagnaController.Benchmarks;InputEmulationBenchmarks;'10 rapid keystrokes (macro simulation)';Job-FSVFRZ;Default;Default;Default;Default;Default;Default;Default;Default;Default;Default;Default;Default;Default;Default;Default;Default;Default;Default;Default;Default;Default;Default;True;Default;Default;Default;Default;Default;Default;Default;Default;10;Default;1;Default;Default;Default;Default;Default;Default;Default;3;"Job-FSVFRZ(Server=True, IterationCount=10, LaunchCount=1, WarmupCount=3)";;1;Overhead;Jitting;1;135200;1;135200;0;0;0;11535
InputEmulationBenchmarks.'10 rapid keystrokes (macro simulation)';RagnaController.Benchmarks;InputEmulationBenchmarks;'10 rapid keystrokes (macro simulation)';Job-FSVFRZ;Default;Default;Default;Default;Default;Default;Default;Default;Default;Default;Default;Default;Default;Default;Default;Default;Default;Default;Default;Default;Default;Default;True;Default;Default;Default;Default;Default;Default;Default;Default;10;Default;1;Default;Default;Default;Default;Default;Default;Default;3;"Job-FSVFRZ(Server=True, IterationCount=10, LaunchCount=1, WarmupCount=3)";;1;Workload;Jitting;1;555200;1;555200;0;0;0;11535
InputEmulationBenchmarks.'10 rapid keystrokes (macro simulation)';RagnaController.Benchmarks;InputEmulationBenchmarks;'10 rapid keystrokes (macro simulation)';Job-FSVFRZ;Default;Default;Default;Default;Default;Default;Default;Default;Default;Default;Default;Default;Default;Default;Default;Default;Default;Default;Default;Default;Default;Default;True;Default;Default;Default;Default;Default;Default;Default;Default;10;Default;1;Default;Default;Default;Default;Default;Default;Default;3;"Job-FSVFRZ(Server=True, IterationCount=10, LaunchCount=1, WarmupCount=3)";;1;Overhead;Jitting;2;122200;16;7637.5;0;0;0;11535
InputEmulationBenchmarks.'10 rapid keystrokes (macro simulation)';RagnaController.Benchmarks;InputEmulationBenchmarks;'10 rapid keystrokes (macro simulation)';Job-FSVFRZ;Default;Default;Default;Default;Default;Default;Default;Default;Default;Default;Default;Default;Default;Default;Default;Default;Default;Default;Default;Default;Default;Default;True;Default;Default;Default;Default;Default;Default;Default;Default;10;Default;1;Default;Default;Default;Default;Default;Default;Default;3;"Job-FSVFRZ(Server=True, IterationCount=10, LaunchCount=1, WarmupCount=3)";;1;Workload;Jitting;2;158000;16;9875;0;0;0;11535
InputEmulationBenchmarks.'10 rapid keystrokes (macro simulation)';RagnaController.Benchmarks;InputEmulationBenchmarks;'10 rapid keystrokes (macro simulation)';Job-FSVFRZ;Default;Default;Default;Default;Default;Default;Default;Default;Default;Default;Default;Default;Default;Default;Default;Default;Default;Default;Default;Default;Default;Default;True;Default;Default;Default;Default;Default;Default;Default;Default;10;Default;1;Default;Default;Default;Default;Default;Default;Default;3;"Job-FSVFRZ(Server=True, IterationCount=10, LaunchCount=1, WarmupCount=3)";;1;Workload;Pilot;1;36400;16;2275;0;0;0;11535
InputEmulationBenchmarks.'10 rapid keystrokes (macro simulation)';RagnaController.Benchmarks;InputEmulationBenchmarks;'10 rapid keystrokes (macro simulation)';Job-FSVFRZ;Default;Default;Default;Default;Default;Default;Default;Default;Default;Default;Default;Default;Default;Default;Default;Default;Default;Default;Default;Default;Default;Default;True;Default;Default;Default;Default;Default;Default;Default;Default;10;Default;1;Default;Default;Default;Default;Default;Default;Default;3;"Job-FSVFRZ(Server=True, IterationCount=10, LaunchCount=1, WarmupCount=3)";;1;Workload;Pilot;2;32800;32;1025;0;0;0;11535
InputEmulationBenchmarks.'10 rapid keystrokes (macro simulation)';RagnaController.Benchmarks;InputEmulationBenchmarks;'10 rapid keystrokes (macro simulation)';Job-FSVFRZ;Default;Default;Default;Default;Default;Default;Default;Default;Default;Default;Default;Default;Default;Default;Default;Default;Default;Default;Default;Default;Default;Default;True;Default;Default;Default;Default;Default;Default;Default;Default;10;Default;1;Default;Default;Default;Default;Default;Default;Default;3;"Job-FSVFRZ(Server=True, IterationCount=10, LaunchCount=1, WarmupCount=3)";;1;Workload;Pilot;3;106200;64;1659.38;0;0;0;11535
InputEmulationBenchmarks.'10 rapid keystrokes (macro simulation)';RagnaController.Benchmarks;InputEmulationBenchmarks;'10 rapid keystrokes (macro simulation)';Job-FSVFRZ;Default;Default;Default;Default;Default;Default;Default;Default;Default;Default;Default;Default;Default;Default;Default;Default;Default;Default;Default;Default;Default;Default;True;Default;Default;Default;Default;Default;Default;Default;Default;10;Default;1;Default;Default;Default;Default;Default;Default;Default;3;"Job-FSVFRZ(Server=True, IterationCount=10, LaunchCount=1, WarmupCount=3)";;1;Workload;Pilot;4;162900;128;1272.66;0;0;0;11535
InputEmulationBenchmarks.'10 rapid keystrokes (macro simulation)';RagnaController.Benchmarks;InputEmulationBenchmarks;'10 rapid keystrokes (macro simulation)';Job-FSVFRZ;Default;Default;Default;Default;Default;Default;Default;Default;Default;Default;Default;Default;Default;Default;Default;Default;Default;Default;Default;Default;Default;Default;True;Default;Default;Default;Default;Default;Default;Default;Default;10;Default;1;Default;Default;Default;Default;Default;Default;Default;3;"Job-FSVFRZ(Server=True, IterationCount=10, LaunchCount=1, WarmupCount=3)";;1;Workload;Pilot;5;331900;256;1296.48;0;0;0;11535
InputEmulationBenchmarks.'10 rapid keystrokes (macro simulation)';RagnaController.Benchmarks;InputEmulationBenchmarks;'10 rapid keystrokes (macro simulation)';Job-FSVFRZ;Default;Default;Default;Default;Default;Default;Default;Default;Default;Default;Default;Default;Default;Default;Default;Default;Default;Default;Default;Default;Default;Default;True;Default;Default;Default;Default;Default;Default;Default;Default;10;Default;1;Default;Default;Default;Default;Default;Default;Default;3;"Job-FSVFRZ(Server=True, IterationCount=10, LaunchCount=1, WarmupCount=3)";;1;Workload;Pilot;6;605900;512;1183.4;0;0;0;11535
InputEmulationBenchmarks.'10 rapid keystrokes (macro simulation)';RagnaController.Benchmarks;InputEmulationBenchmarks;'10 rapid keystrokes (macro simulation)';Job-FSVFRZ;Default;Default;Default;Default;Default;Default;Default;Default;Default;Default;Default;Default;Default;Default;Default;Default;Default;Default;Default;Default;Default;Default;True;Default;Default;Default;Default;Default;Default;Default;Default;10;Default;1;Default;Default;Default;Default;Default;Default;Default;3;"Job-FSVFRZ(Server=True, IterationCount=10, LaunchCount=1, WarmupCount=3)";;1;Workload;Pilot;7;1143300;1024;1116.5;0;0;0;11535
InputEmulationBenchmarks.'10 rapid keystrokes (macro simulation)';RagnaController.Benchmarks;InputEmulationBenchmarks;'10 rapid keystrokes (macro simulation)';Job-FSVFRZ;Default;Default;Default;Default;Default;Default;Default;Default;Default;Default;Default;Default;Default;Default;Default;Default;Default;Default;Default;Default;Default;Default;True;Default;Default;Default;Default;Default;Default;Default;Default;10;Default;1;Default;Default;Default;Default;Default;Default;Default;3;"Job-FSVFRZ(Server=True, IterationCount=10, LaunchCount=1, WarmupCount=3)";;1;Workload;Pilot;8;4410100;2048;2153.37;0;0;0;11535
InputEmulationBenchmarks.'10 rapid keystrokes (macro simulation)';RagnaController.Benchmarks;InputEmulationBenchmarks;'10 rapid keystrokes (macro simulation)';Job-FSVFRZ;Default;Default;Default;Default;Default;Default;Default;Default;Default;Default;Default;Default;Default;Default;Default;Default;Default;Default;Default;Default;Default;Default;True;Default;Default;Default;Default;Default;Default;Default;Default;10;Default;1;Default;Default;Default;Default;Default;Default;Default;3;"Job-FSVFRZ(Server=True, IterationCount=10, LaunchCount=1, WarmupCount=3)";;1;Workload;Pilot;9;9463300;4096;2310.38;0;0;0;11535
InputEmulationBenchmarks.'10 rapid keystrokes (macro simulation)';RagnaController.Benchmarks;InputEmulationBenchmarks;'10 rapid keystrokes (macro simulation)';Job-FSVFRZ;Default;Default;Default;Default;Default;Default;Default;Default;Default;Default;Default;Default;Default;Default;Default;Default;Default;Default;Default;Default;Default;Default;True;Default;Default;Default;Default;Default;Default;Default;Default;10;Default;1;Default;Default;Default;Default;Default;Default;Default;3;"Job-FSVFRZ(Server=True, IterationCount=10, LaunchCount=1, WarmupCount=3)";;1;Workload;Pilot;10;18516900;8192;2260.36;0;0;0;11535
InputEmulationBenchmarks.'10 rapid keystrokes (macro simulation)';RagnaController.Benchmarks;InputEmulationBenchmarks;'10 rapid keystrokes (macro simulation)';Job-FSVFRZ;Default;Default;Default;Default;Default;Default;Default;Default;Default;Default;Default;Default;Default;Default;Default;Default;Default;Default;Default;Default;Default;Default;True;Default;Default;Default;Default;Default;Default;Default;Default;10;Default;1;Default;Default;Default;Default;Default;Default;Default;3;"Job-FSVFRZ(Server=True, IterationCount=10, LaunchCount=1, WarmupCount=3)";;1;Workload;Pilot;11;39973000;16384;2439.76;0;0;0;11535
InputEmulationBenchmarks.'10 rapid keystrokes (macro simulation)';RagnaController.Benchmarks;InputEmulationBenchmarks;'10 rapid keystrokes (macro simulation)';Job-FSVFRZ;Default;Default;Default;Default;Default;Default;Default;Default;Default;Default;Default;Default;Default;Default;Default;Default;Default;Default;Default;Default;Default;Default;True;Default;Default;Default;Default;Default;Default;Default;Default;10;Default;1;Default;Default;Default;Default;Default;Default;Default;3;"Job-FSVFRZ(Server=True, IterationCount=10, LaunchCount=1, WarmupCount=3)";;1;Workload;Pilot;12;65562800;32768;2000.82;0;0;0;11535
InputEmulationBenchmarks.'10 rapid keystrokes (macro simulation)';RagnaController.Benchmarks;InputEmulationBenchmarks;'10 rapid keystrokes (macro simulation)';Job-FSVFRZ;Default;Default;Default;Default;Default;Default;Default;Default;Default;Default;Default;Default;Default;Default;Default;Default;Default;Default;Default;Default;Default;Default;True;Default;Default;Default;Default;Default;Default;Default;Default;10;Default;1;Default;Default;Default;Default;Default;Default;Default;3;"Job-FSVFRZ(Server=True, IterationCount=10, LaunchCount=1, WarmupCount=3)";;1;Workload;Pilot;13;150048200;65536;2289.55;0;0;0;11535
InputEmulationBenchmarks.'10 rapid keystrokes (macro simulation)';RagnaController.Benchmarks;InputEmulationBenchmarks;'10 rapid keystrokes (macro simulation)';Job-FSVFRZ;Default;Default;Default;Default;Default;Default;Default;Default;Default;Default;Default;Default;Default;Default;Default;Default;Default;Default;Default;Default;Default;Default;True;Default;Default;Default;Default;Default;Default;Default;Default;10;Default;1;Default;Default;Default;Default;Default;Default;Default;3;"Job-FSVFRZ(Server=True, IterationCount=10, LaunchCount=1, WarmupCount=3)";;1;Workload;Pilot;14;306000700;131072;2334.6;0;0;0;11535
InputEmulationBenchmarks.'10 rapid keystrokes (macro simulation)';RagnaController.Benchmarks;InputEmulationBenchmarks;'10 rapid keystrokes (macro simulation)';Job-FSVFRZ;Default;Default;Default;Default;Default;Default;Default;Default;Default;Default;Default;Default;Default;Default;Default;Default;Default;Default;Default;Default;Default;Default;True;Default;Default;Default;Default;Default;Default;Default;Default;10;Default;1;Default;Default;Default;Default;Default;Default;Default;3;"Job-FSVFRZ(Server=True, IterationCount=10, LaunchCount=1, WarmupCount=3)";;1;Workload;Pilot;15;579906400;262144;2212.17;0;0;0;11535
InputEmulationBenchmarks.'10 rapid keystrokes (macro simulation)';RagnaController.Benchmarks;InputEmulationBenchmarks;'10 rapid keystrokes (macro simulation)';Job-FSVFRZ;Default;Default;Default;Default;Default;Default;Default;Default;Default;Default;Default;Default;Default;Default;Default;Default;Default;Default;Default;Default;Default;Default;True;Default;Default;Default;Default;Default;Default;Default;Default;10;Default;1;Default;Default;Default;Default;Default;Default;Default;3;"Job-FSVFRZ(Server=True, IterationCount=10, LaunchCount=1, WarmupCount=3)";;1;Overhead;Warmup;1;400900;262144;1.53;0;0;0;11535
InputEmulationBenchmarks.'10 rapid keystrokes (macro simulation)';RagnaController.Benchmarks;InputEmulationBenchmarks;'10 rapid keystrokes (macro simulation)';Job-FSVFRZ;Default;Default;Default;Default;Default;Default;Default;Default;Default;Default;Default;Default;Default;Default;Default;Default;Default;Default;Default;Default;Default;Default;True;Default;Default;Default;Default;Default;Default;Default;Default;10;Default;1;Default;Default;Default;Default;Default;Default;Default;3;"Job-FSVFRZ(Server=True, IterationCount=10, LaunchCount=1, WarmupCount=3)";;1;Overhead;Warmup;2;494000;262144;1.88;0;0;0;11535
InputEmulationBenchmarks.'10 rapid keystrokes (macro simulation)';RagnaController.Benchmarks;InputEmulationBenchmarks;'10 rapid keystrokes (macro simulation)';Job-FSVFRZ;Default;Default;Default;Default;Default;Default;Default;Default;Default;Default;Default;Default;Default;Default;Default;Default;Default;Default;Default;Default;Default;Default;True;Default;Default;Default;Default;Default;Default;Default;Default;10;Default;1;Default;Default;Default;Default;Default;Default;Default;3;"Job-FSVFRZ(Server=True, IterationCount=10, LaunchCount=1, WarmupCount=3)";;1;Overhead;Warmup;3;533400;262144;2.03;0;0;0;11535
InputEmulationBenchmarks.'10 rapid keystrokes (macro simulation)';RagnaController.Benchmarks;InputEmulationBenchmarks;'10 rapid keystrokes (macro simulation)';Job-FSVFRZ;Default;Default;Default;Default;Default;Default;Default;Default;Default;Default;Default;Default;Default;Default;Default;Default;Default;Default;Default;Default;Default;Default;True;Default;Default;Default;Default;Default;Default;Default;Default;10;Default;1;Default;Default;Default;Default;Default;Default;Default;3;"Job-FSVFRZ(Server=True, IterationCount=10, LaunchCount=1, WarmupCount=3)";;1;Overhead;Warmup;4;439800;262144;1.68;0;0;0;11535
InputEmulationBenchmarks.'10 rapid keystrokes (macro simulation)';RagnaController.Benchmarks;InputEmulationBenchmarks;'10 rapid keystrokes (macro simulation)';Job-FSVFRZ;Default;Default;Default;Default;Default;Default;Default;Default;Default;Default;Default;Default;Default;Default;Default;Default;Default;Default;Default;Default;Default;Default;True;Default;Default;Default;Default;Default;Default;Default;Default;10;Default;1;Default;Default;Default;Default;Default;Default;Default;3;"Job-FSVFRZ(Server=True, IterationCount=10, LaunchCount=1, WarmupCount=3)";;1;Overhead;Warmup;5;278000;262144;1.06;0;0;0;11535
InputEmulationBenchmarks.'10 rapid keystrokes (macro simulation)';RagnaController.Benchmarks;InputEmulationBenchmarks;'10 rapid keystrokes (macro simulation)';Job-FSVFRZ;Default;Default;Default;Default;Default;Default;Default;Default;Default;Default;Default;Default;Default;Default;Default;Default;Default;Default;Default;Default;Default;Default;True;Default;Default;Default;Default;Default;Default;Default;Default;10;Default;1;Default;Default;Default;Default;Default;Default;Default;3;"Job-FSVFRZ(Server=True, IterationCount=10, LaunchCount=1, WarmupCount=3)";;1;Overhead;Warmup;6;278600;262144;1.06;0;0;0;11535
InputEmulationBenchmarks.'10 rapid keystrokes (macro simulation)';RagnaController.Benchmarks;InputEmulationBenchmarks;'10 rapid keystrokes (macro simulation)';Job-FSVFRZ;Default;Default;Default;Default;Default;Default;Default;Default;Default;Default;Default;Default;Default;Default;Default;Default;Default;Default;Default;Default;Default;Default;True;Default;Default;Default;Default;Default;Default;Default;Default;10;Default;1;Default;Default;Default;Default;Default;Default;Default;3;"Job-FSVFRZ(Server=True, IterationCount=10, LaunchCount=1, WarmupCount=3)";;1;Overhead;Warmup;7;281400;262144;1.07;0;0;0;11535
InputEmulationBenchmarks.'10 rapid keystrokes (macro simulation)';RagnaController.Benchmarks;InputEmulationBenchmarks;'10 rapid keystrokes (macro simulation)';Job-FSVFRZ;Default;Default;Default;Default;Default;Default;Default;Default;Default;Default;Default;Default;Default;Default;Default;Default;Default;Default;Default;Default;Default;Default;True;Default;Default;Default;Default;Default;Default;Default;Default;10;Default;1;Default;Default;Default;Default;Default;Default;Default;3;"Job-FSVFRZ(Server=True, IterationCount=10, LaunchCount=1, WarmupCount=3)";;1;Overhead;Warmup;8;345100;262144;1.32;0;0;0;11535
InputEmulationBenchmarks.'10 rapid keystrokes (macro simulation)';RagnaController.Benchmarks;InputEmulationBenchmarks;'10 rapid keystrokes (macro simulation)';Job-FSVFRZ;Default;Default;Default;Default;Default;Default;Default;Default;Default;Default;Default;Default;Default;Default;Default;Default;Default;Default;Default;Default;Default;Default;True;Default;Default;Default;Default;Default;Default;Default;Default;10;Default;1;Default;Default;Default;Default;Default;Default;Default;3;"Job-FSVFRZ(Server=True, IterationCount=10, LaunchCount=1, WarmupCount=3)";;1;Overhead;Warmup;9;314500;262144;1.2;0;0;0;11535
InputEmulationBenchmarks.'10 rapid keystrokes (macro simulation)';RagnaController.Benchmarks;InputEmulationBenchmarks;'10 rapid keystrokes (macro simulation)';Job-FSVFRZ;Default;Default;Default;Default;Default;Default;Default;Default;Default;Default;Default;Default;Default;Default;Default;Default;Default;Default;Default;Default;Default;Default;True;Default;Default;Default;Default;Default;Default;Default;Default;10;Default;1;Default;Default;Default;Default;Default;Default;Default;3;"Job-FSVFRZ(Server=True, IterationCount=10, LaunchCount=1, WarmupCount=3)";;1;Overhead;Actual;1;279400;262144;1.07;0;0;0;11535
InputEmulationBenchmarks.'10 rapid keystrokes (macro simulation)';RagnaController.Benchmarks;InputEmulationBenchmarks;'10 rapid keystrokes (macro simulation)';Job-FSVFRZ;Default;Default;Default;Default;Default;Default;Default;Default;Default;Default;Default;Default;Default;Default;Default;Default;Default;Default;Default;Default;Default;Default;True;Default;Default;Default;Default;Default;Default;Default;Default;10;Default;1;Default;Default;Default;Default;Default;Default;Default;3;"Job-FSVFRZ(Server=True, IterationCount=10, LaunchCount=1, WarmupCount=3)";;1;Overhead;Actual;2;336300;262144;1.28;0;0;0;11535
InputEmulationBenchmarks.'10 rapid keystrokes (macro simulation)';RagnaController.Benchmarks;InputEmulationBenchmarks;'10 rapid keystrokes (macro simulation)';Job-FSVFRZ;Default;Default;Default;Default;Default;Default;Default;Default;Default;Default;Default;Default;Default;Default;Default;Default;Default;Default;Default;Default;Default;Default;True;Default;Default;Default;Default;Default;Default;Default;Default;10;Default;1;Default;Default;Default;Default;Default;Default;Default;3;"Job-FSVFRZ(Server=True, IterationCount=10, LaunchCount=1, WarmupCount=3)";;1;Overhead;Actual;3;313800;262144;1.2;0;0;0;11535
InputEmulationBenchmarks.'10 rapid keystrokes (macro simulation)';RagnaController.Benchmarks;InputEmulationBenchmarks;'10 rapid keystrokes (macro simulation)';Job-FSVFRZ;Default;Default;Default;Default;Default;Default;Default;Default;Default;Default;Default;Default;Default;Default;Default;Default;Default;Default;Default;Default;Default;Default;True;Default;Default;Default;Default;Default;Default;Default;Default;10;Default;1;Default;Default;Default;Default;Default;Default;Default;3;"Job-FSVFRZ(Server=True, IterationCount=10, LaunchCount=1, WarmupCount=3)";;1;Overhead;Actual;4;311300;262144;1.19;0;0;0;11535
InputEmulationBenchmarks.'10 rapid keystrokes (macro simulation)';RagnaController.Benchmarks;InputEmulationBenchmarks;'10 rapid keystrokes (macro simulation)';Job-FSVFRZ;Default;Default;Default;Default;Default;Default;Default;Default;Default;Default;Default;Default;Default;Default;Default;Default;Default;Default;Default;Default;Default;Default;True;Default;Default;Default;Default;Default;Default;Default;Default;10;Default;1;Default;Default;Default;Default;Default;Default;Default;3;"Job-FSVFRZ(Server=True, IterationCount=10, LaunchCount=1, WarmupCount=3)";;1;Overhead;Actual;5;310600;262144;1.18;0;0;0;11535
InputEmulationBenchmarks.'10 rapid keystrokes (macro simulation)';RagnaController.Benchmarks;InputEmulationBenchmarks;'10 rapid keystrokes (macro simulation)';Job-FSVFRZ;Default;Default;Default;Default;Default;Default;Default;Default;Default;Default;Default;Default;Default;Default;Default;Default;Default;Default;Default;Default;Default;Default;True;Default;Default;Default;Default;Default;Default;Default;Default;10;Default;1;Default;Default;Default;Default;Default;Default;Default;3;"Job-FSVFRZ(Server=True, IterationCount=10, LaunchCount=1, WarmupCount=3)";;1;Overhead;Actual;6;307000;262144;1.17;0;0;0;11535
InputEmulationBenchmarks.'10 rapid keystrokes (macro simulation)';RagnaController.Benchmarks;InputEmulationBenchmarks;'10 rapid keystrokes (macro simulation)';Job-FSVFRZ;Default;Default;Default;Default;Default;Default;Default;Default;Default;Default;Default;Default;Default;Default;Default;Default;Default;Default;Default;Default;Default;Default;True;Default;Default;Default;Default;Default;Default;Default;Default;10;Default;1;Default;Default;Default;Default;Default;Default;Default;3;"Job-FSVFRZ(Server=True, IterationCount=10, LaunchCount=1, WarmupCount=3)";;1;Overhead;Actual;7;280600;262144;1.07;0;0;0;11535
InputEmulationBenchmarks.'10 rapid keystrokes (macro simulation)';RagnaController.Benchmarks;InputEmulationBenchmarks;'10 rapid keystrokes (macro simulation)';Job-FSVFRZ;Default;Default;Default;Default;Default;Default;Default;Default;Default;Default;Default;Default;Default;Default;Default;Default;Default;Default;Default;Default;Default;Default;True;Default;Default;Default;Default;Default;Default;Default;Default;10;Default;1;Default;Default;Default;Default;Default;Default;Default;3;"Job-FSVFRZ(Server=True, IterationCount=10, LaunchCount=1, WarmupCount=3)";;1;Overhead;Actual;8;281900;262144;1.08;0;0;0;11535
InputEmulationBenchmarks.'10 rapid keystrokes (macro simulation)';RagnaController.Benchmarks;InputEmulationBenchmarks;'10 rapid keystrokes (macro simulation)';Job-FSVFRZ;Default;Default;Default;Default;Default;Default;Default;Default;Default;Default;Default;Default;Default;Default;Default;Default;Default;Default;Default;Default;Default;Default;True;Default;Default;Default;Default;Default;Default;Default;Default;10;Default;1;Default;Default;Default;Default;Default;Default;Default;3;"Job-FSVFRZ(Server=True, IterationCount=10, LaunchCount=1, WarmupCount=3)";;1;Overhead;Actual;9;346100;262144;1.32;0;0;0;11535
InputEmulationBenchmarks.'10 rapid keystrokes (macro simulation)';RagnaController.Benchmarks;InputEmulationBenchmarks;'10 rapid keystrokes (macro simulation)';Job-FSVFRZ;Default;Default;Default;Default;Default;Default;Default;Default;Default;Default;Default;Default;Default;Default;Default;Default;Default;Default;Default;Default;Default;Default;True;Default;Default;Default;Default;Default;Default;Default;Default;10;Default;1;Default;Default;Default;Default;Default;Default;Default;3;"Job-FSVFRZ(Server=True, IterationCount=10, LaunchCount=1, WarmupCount=3)";;1;Overhead;Actual;10;335200;262144;1.28;0;0;0;11535
InputEmulationBenchmarks.'10 rapid keystrokes (macro simulation)';RagnaController.Benchmarks;InputEmulationBenchmarks;'10 rapid keystrokes (macro simulation)';Job-FSVFRZ;Default;Default;Default;Default;Default;Default;Default;Default;Default;Default;Default;Default;Default;Default;Default;Default;Default;Default;Default;Default;Default;Default;True;Default;Default;Default;Default;Default;Default;Default;Default;10;Default;1;Default;Default;Default;Default;Default;Default;Default;3;"Job-FSVFRZ(Server=True, IterationCount=10, LaunchCount=1, WarmupCount=3)";;1;Overhead;Actual;11;303600;262144;1.16;0;0;0;11535
InputEmulationBenchmarks.'10 rapid keystrokes (macro simulation)';RagnaController.Benchmarks;InputEmulationBenchmarks;'10 rapid keystrokes (macro simulation)';Job-FSVFRZ;Default;Default;Default;Default;Default;Default;Default;Default;Default;Default;Default;Default;Default;Default;Default;Default;Default;Default;Default;Default;Default;Default;True;Default;Default;Default;Default;Default;Default;Default;Default;10;Default;1;Default;Default;Default;Default;Default;Default;Default;3;"Job-FSVFRZ(Server=True, IterationCount=10, LaunchCount=1, WarmupCount=3)";;1;Overhead;Actual;12;326900;262144;1.25;0;0;0;11535
InputEmulationBenchmarks.'10 rapid keystrokes (macro simulation)';RagnaController.Benchmarks;InputEmulationBenchmarks;'10 rapid keystrokes (macro simulation)';Job-FSVFRZ;Default;Default;Default;Default;Default;Default;Default;Default;Default;Default;Default;Default;Default;Default;Default;Default;Default;Default;Default;Default;Default;Default;True;Default;Default;Default;Default;Default;Default;Default;Default;10;Default;1;Default;Default;Default;Default;Default;Default;Default;3;"Job-FSVFRZ(Server=True, IterationCount=10, LaunchCount=1, WarmupCount=3)";;1;Overhead;Actual;13;280300;262144;1.07;0;0;0;11535
InputEmulationBenchmarks.'10 rapid keystrokes (macro simulation)';RagnaController.Benchmarks;InputEmulationBenchmarks;'10 rapid keystrokes (macro simulation)';Job-FSVFRZ;Default;Default;Default;Default;Default;Default;Default;Default;Default;Default;Default;Default;Default;Default;Default;Default;Default;Default;Default;Default;Default;Default;True;Default;Default;Default;Default;Default;Default;Default;Default;10;Default;1;Default;Default;Default;Default;Default;Default;Default;3;"Job-FSVFRZ(Server=True, IterationCount=10, LaunchCount=1, WarmupCount=3)";;1;Overhead;Actual;14;313200;262144;1.19;0;0;0;11535
InputEmulationBenchmarks.'10 rapid keystrokes (macro simulation)';RagnaController.Benchmarks;InputEmulationBenchmarks;'10 rapid keystrokes (macro simulation)';Job-FSVFRZ;Default;Default;Default;Default;Default;Default;Default;Default;Default;Default;Default;Default;Default;Default;Default;Default;Default;Default;Default;Default;Default;Default;True;Default;Default;Default;Default;Default;Default;Default;Default;10;Default;1;Default;Default;Default;Default;Default;Default;Default;3;"Job-FSVFRZ(Server=True, IterationCount=10, LaunchCount=1, WarmupCount=3)";;1;Overhead;Actual;15;658100;262144;2.51;0;0;0;11535
InputEmulationBenchmarks.'10 rapid keystrokes (macro simulation)';RagnaController.Benchmarks;InputEmulationBenchmarks;'10 rapid keystrokes (macro simulation)';Job-FSVFRZ;Default;Default;Default;Default;Default;Default;Default;Default;Default;Default;Default;Default;Default;Default;Default;Default;Default;Default;Default;Default;Default;Default;True;Default;Default;Default;Default;Default;Default;Default;Default;10;Default;1;Default;Default;Default;Default;Default;Default;Default;3;"Job-FSVFRZ(Server=True, IterationCount=10, LaunchCount=1, WarmupCount=3)";;1;Overhead;Actual;16;278200;262144;1.06;0;0;0;11535
InputEmulationBenchmarks.'10 rapid keystrokes (macro simulation)';RagnaController.Benchmarks;InputEmulationBenchmarks;'10 rapid keystrokes (macro simulation)';Job-FSVFRZ;Default;Default;Default;Default;Default;Default;Default;Default;Default;Default;Default;Default;Default;Default;Default;Default;Default;Default;Default;Default;Default;Default;True;Default;Default;Default;Default;Default;Default;Default;Default;10;Default;1;Default;Default;Default;Default;Default;Default;Default;3;"Job-FSVFRZ(Server=True, IterationCount=10, LaunchCount=1, WarmupCount=3)";;1;Overhead;Actual;17;280500;262144;1.07;0;0;0;11535
InputEmulationBenchmarks.'10 rapid keystrokes (macro simulation)';RagnaController.Benchmarks;InputEmulationBenchmarks;'10 rapid keystrokes (macro simulation)';Job-FSVFRZ;Default;Default;Default;Default;Default;Default;Default;Default;Default;Default;Default;Default;Default;Default;Default;Default;Default;Default;Default;Default;Default;Default;True;Default;Default;Default;Default;Default;Default;Default;Default;10;Default;1;Default;Default;Default;Default;Default;Default;Default;3;"Job-FSVFRZ(Server=True, IterationCount=10, LaunchCount=1, WarmupCount=3)";;1;Overhead;Actual;18;280100;262144;1.07;0;0;0;11535
InputEmulationBenchmarks.'10 rapid keystrokes (macro simulation)';RagnaController.Benchmarks;InputEmulationBenchmarks;'10 rapid keystrokes (macro simulation)';Job-FSVFRZ;Default;Default;Default;Default;Default;Default;Default;Default;Default;Default;Default;Default;Default;Default;Default;Default;Default;Default;Default;Default;Default;Default;True;Default;Default;Default;Default;Default;Default;Default;Default;10;Default;1;Default;Default;Default;Default;Default;Default;Default;3;"Job-FSVFRZ(Server=True, IterationCount=10, LaunchCount=1, WarmupCount=3)";;1;Overhead;Actual;19;314600;262144;1.2;0;0;0;11535
InputEmulationBenchmarks.'10 rapid keystrokes (macro simulation)';RagnaController.Benchmarks;InputEmulationBenchmarks;'10 rapid keystrokes (macro simulation)';Job-FSVFRZ;Default;Default;Default;Default;Default;Default;Default;Default;Default;Default;Default;Default;Default;Default;Default;Default;Default;Default;Default;Default;Default;Default;True;Default;Default;Default;Default;Default;Default;Default;Default;10;Default;1;Default;Default;Default;Default;Default;Default;Default;3;"Job-FSVFRZ(Server=True, IterationCount=10, LaunchCount=1, WarmupCount=3)";;1;Overhead;Actual;20;295400;262144;1.13;0;0;0;11535
InputEmulationBenchmarks.'10 rapid keystrokes (macro simulation)';RagnaController.Benchmarks;InputEmulationBenchmarks;'10 rapid keystrokes (macro simulation)';Job-FSVFRZ;Default;Default;Default;Default;Default;Default;Default;Default;Default;Default;Default;Default;Default;Default;Default;Default;Default;Default;Default;Default;Default;Default;True;Default;Default;Default;Default;Default;Default;Default;Default;10;Default;1;Default;Default;Default;Default;Default;Default;Default;3;"Job-FSVFRZ(Server=True, IterationCount=10, LaunchCount=1, WarmupCount=3)";;1;Workload;Warmup;1;443849100;262144;1693.15;0;0;0;11535
InputEmulationBenchmarks.'10 rapid keystrokes (macro simulation)';RagnaController.Benchmarks;InputEmulationBenchmarks;'10 rapid keystrokes (macro simulation)';Job-FSVFRZ;Default;Default;Default;Default;Default;Default;Default;Default;Default;Default;Default;Default;Default;Default;Default;Default;Default;Default;Default;Default;Default;Default;True;Default;Default;Default;Default;Default;Default;Default;Default;10;Default;1;Default;Default;Default;Default;Default;Default;Default;3;"Job-FSVFRZ(Server=True, IterationCount=10, LaunchCount=1, WarmupCount=3)";;1;Workload;Warmup;2;472563900;262144;1802.69;0;0;0;11535
InputEmulationBenchmarks.'10 rapid keystrokes (macro simulation)';RagnaController.Benchmarks;InputEmulationBenchmarks;'10 rapid keystrokes (macro simulation)';Job-FSVFRZ;Default;Default;Default;Default;Default;Default;Default;Default;Default;Default;Default;Default;Default;Default;Default;Default;Default;Default;Default;Default;Default;Default;True;Default;Default;Default;Default;Default;Default;Default;Default;10;Default;1;Default;Default;Default;Default;Default;Default;Default;3;"Job-FSVFRZ(Server=True, IterationCount=10, LaunchCount=1, WarmupCount=3)";;1;Workload;Warmup;3;538199500;262144;2053.07;0;0;0;11535
InputEmulationBenchmarks.'10 rapid keystrokes (macro simulation)';RagnaController.Benchmarks;InputEmulationBenchmarks;'10 rapid keystrokes (macro simulation)';Job-FSVFRZ;Default;Default;Default;Default;Default;Default;Default;Default;Default;Default;Default;Default;Default;Default;Default;Default;Default;Default;Default;Default;Default;Default;True;Default;Default;Default;Default;Default;Default;Default;Default;10;Default;1;Default;Default;Default;Default;Default;Default;Default;3;"Job-FSVFRZ(Server=True, IterationCount=10, LaunchCount=1, WarmupCount=3)";;1;Workload;Actual;1;556091300;262144;2121.32;0;0;0;11535
InputEmulationBenchmarks.'10 rapid keystrokes (macro simulation)';RagnaController.Benchmarks;InputEmulationBenchmarks;'10 rapid keystrokes (macro simulation)';Job-FSVFRZ;Default;Default;Default;Default;Default;Default;Default;Default;Default;Default;Default;Default;Default;Default;Default;Default;Default;Default;Default;Default;Default;Default;True;Default;Default;Default;Default;Default;Default;Default;Default;10;Default;1;Default;Default;Default;Default;Default;Default;Default;3;"Job-FSVFRZ(Server=True, IterationCount=10, LaunchCount=1, WarmupCount=3)";;1;Workload;Actual;2;632503900;262144;2412.81;0;0;0;11535
InputEmulationBenchmarks.'10 rapid keystrokes (macro simulation)';RagnaController.Benchmarks;InputEmulationBenchmarks;'10 rapid keystrokes (macro simulation)';Job-FSVFRZ;Default;Default;Default;Default;Default;Default;Default;Default;Default;Default;Default;Default;Default;Default;Default;Default;Default;Default;Default;Default;Default;Default;True;Default;Default;Default;Default;Default;Default;Default;Default;10;Default;1;Default;Default;Default;Default;Default;Default;Default;3;"Job-FSVFRZ(Server=True, IterationCount=10, LaunchCount=1, WarmupCount=3)";;1;Workload;Actual;3;432698800;262144;1650.61;0;0;0;11535
InputEmulationBenchmarks.'10 rapid keystrokes (macro simulation)';RagnaController.Benchmarks;InputEmulationBenchmarks;'10 rapid keystrokes (macro simulation)';Job-FSVFRZ;Default;Default;Default;Default;Default;Default;Default;Default;Default;Default;Default;Default;Default;Default;Default;Default;Default;Default;Default;Default;Default;Default;True;Default;Default;Default;Default;Default;Default;Default;Default;10;Default;1;Default;Default;Default;Default;Default;Default;Default;3;"Job-FSVFRZ(Server=True, IterationCount=10, LaunchCount=1, WarmupCount=3)";;1;Workload;Actual;4;660786000;262144;2520.7;0;0;0;11535
InputEmulationBenchmarks.'10 rapid keystrokes (macro simulation)';RagnaController.Benchmarks;InputEmulationBenchmarks;'10 rapid keystrokes (macro simulation)';Job-FSVFRZ;Default;Default;Default;Default;Default;Default;Default;Default;Default;Default;Default;Default;Default;Default;Default;Default;Default;Default;Default;Default;Default;Default;True;Default;Default;Default;Default;Default;Default;Default;Default;10;Default;1;Default;Default;Default;Default;Default;Default;Default;3;"Job-FSVFRZ(Server=True, IterationCount=10, LaunchCount=1, WarmupCount=3)";;1;Workload;Actual;5;601270700;262144;2293.67;0;0;0;11535
InputEmulationBenchmarks.'10 rapid keystrokes (macro simulation)';RagnaController.Benchmarks;InputEmulationBenchmarks;'10 rapid keystrokes (macro simulation)';Job-FSVFRZ;Default;Default;Default;Default;Default;Default;Default;Default;Default;Default;Default;Default;Default;Default;Default;Default;Default;Default;Default;Default;Default;Default;True;Default;Default;Default;Default;Default;Default;Default;Default;10;Default;1;Default;Default;Default;Default;Default;Default;Default;3;"Job-FSVFRZ(Server=True, IterationCount=10, LaunchCount=1, WarmupCount=3)";;1;Workload;Actual;6;705452300;262144;2691.09;0;0;0;11535
InputEmulationBenchmarks.'10 rapid keystrokes (macro simulation)';RagnaController.Benchmarks;InputEmulationBenchmarks;'10 rapid keystrokes (macro simulation)';Job-FSVFRZ;Default;Default;Default;Default;Default;Default;Default;Default;Default;Default;Default;Default;Default;Default;Default;Default;Default;Default;Default;Default;Default;Default;True;Default;Default;Default;Default;Default;Default;Default;Default;10;Default;1;Default;Default;Default;Default;Default;Default;Default;3;"Job-FSVFRZ(Server=True, IterationCount=10, LaunchCount=1, WarmupCount=3)";;1;Workload;Actual;7;514516500;262144;1962.72;0;0;0;11535
InputEmulationBenchmarks.'10 rapid keystrokes (macro simulation)';RagnaController.Benchmarks;InputEmulationBenchmarks;'10 rapid keystrokes (macro simulation)';Job-FSVFRZ;Default;Default;Default;Default;Default;Default;Default;Default;Default;Default;Default;Default;Default;Default;Default;Default;Default;Default;Default;Default;Default;Default;True;Default;Default;Default;Default;Default;Default;Default;Default;10;Default;1;Default;Default;Default;Default;Default;Default;Default;3;"Job-FSVFRZ(Server=True, IterationCount=10, LaunchCount=1, WarmupCount=3)";;1;Workload;Actual;8;511538600;262144;1951.36;0;0;0;11535
InputEmulationBenchmarks.'10 rapid keystrokes (macro simulation)';RagnaController.Benchmarks;InputEmulationBenchmarks;'10 rapid keystrokes (macro simulation)';Job-FSVFRZ;Default;Default;Default;Default;Default;Default;Default;Default;Default;Default;Default;Default;Default;Default;Default;Default;Default;Default;Default;Default;Default;Default;True;Default;Default;Default;Default;Default;Default;Default;Default;10;Default;1;Default;Default;Default;Default;Default;Default;Default;3;"Job-FSVFRZ(Server=True, IterationCount=10, LaunchCount=1, WarmupCount=3)";;1;Workload;Actual;9;561620000;262144;2142.41;0;0;0;11535
InputEmulationBenchmarks.'10 rapid keystrokes (macro simulation)';RagnaController.Benchmarks;InputEmulationBenchmarks;'10 rapid keystrokes (macro simulation)';Job-FSVFRZ;Default;Default;Default;Default;Default;Default;Default;Default;Default;Default;Default;Default;Default;Default;Default;Default;Default;Default;Default;Default;Default;Default;True;Default;Default;Default;Default;Default;Default;Default;Default;10;Default;1;Default;Default;Default;Default;Default;Default;Default;3;"Job-FSVFRZ(Server=True, IterationCount=10, LaunchCount=1, WarmupCount=3)";;1;Workload;Actual;10;629284600;262144;2400.53;0;0;0;11535
InputEmulationBenchmarks.'10 rapid keystrokes (macro simulation)';RagnaController.Benchmarks;InputEmulationBenchmarks;'10 rapid keystrokes (macro simulation)';Job-FSVFRZ;Default;Default;Default;Default;Default;Default;Default;Default;Default;Default;Default;Default;Default;Default;Default;Default;Default;Default;Default;Default;Default;Default;True;Default;Default;Default;Default;Default;Default;Default;Default;10;Default;1;Default;Default;Default;Default;Default;Default;Default;3;"Job-FSVFRZ(Server=True, IterationCount=10, LaunchCount=1, WarmupCount=3)";;1;Workload;Result;1;555782500;262144;2120.14;0;0;0;11535
InputEmulationBenchmarks.'10 rapid keystrokes (macro simulation)';RagnaController.Benchmarks;InputEmulationBenchmarks;'10 rapid keystrokes (macro simulation)';Job-FSVFRZ;Default;Default;Default;Default;Default;Default;Default;Default;Default;Default;Default;Default;Default;Default;Default;Default;Default;Default;Default;Default;Default;Default;True;Default;Default;Default;Default;Default;Default;Default;Default;10;Default;1;Default;Default;Default;Default;Default;Default;Default;3;"Job-FSVFRZ(Server=True, IterationCount=10, LaunchCount=1, WarmupCount=3)";;1;Workload;Result;2;632195100;262144;2411.63;0;0;0;11535
InputEmulationBenchmarks.'10 rapid keystrokes (macro simulation)';RagnaController.Benchmarks;InputEmulationBenchmarks;'10 rapid keystrokes (macro simulation)';Job-FSVFRZ;Default;Default;Default;Default;Default;Default;Default;Default;Default;Default;Default;Default;Default;Default;Default;Default;Default;Default;Default;Default;Default;Default;True;Default;Default;Default;Default;Default;Default;Default;Default;10;Default;1;Default;Default;Default;Default;Default;Default;Default;3;"Job-FSVFRZ(Server=True, IterationCount=10, LaunchCount=1, WarmupCount=3)";;1;Workload;Result;3;432390000;262144;1649.44;0;0;0;11535
InputEmulationBenchmarks.'10 rapid keystrokes (macro simulation)';RagnaController.Benchmarks;InputEmulationBenchmarks;'10 rapid keystrokes (macro simulation)';Job-FSVFRZ;Default;Default;Default;Default;Default;Default;Default;Default;Default;Default;Default;Default;Default;Default;Default;Default;Default;Default;Default;Default;Default;Default;True;Default;Default;Default;Default;Default;Default;Default;Default;10;Default;1;Default;Default;Default;Default;Default;Default;Default;3;"Job-FSVFRZ(Server=True, IterationCount=10, LaunchCount=1, WarmupCount=3)";;1;Workload;Result;4;660477200;262144;2519.52;0;0;0;11535
InputEmulationBenchmarks.'10 rapid keystrokes (macro simulation)';RagnaController.Benchmarks;InputEmulationBenchmarks;'10 rapid keystrokes (macro simulation)';Job-FSVFRZ;Default;Default;Default;Default;Default;Default;Default;Default;Default;Default;Default;Default;Default;Default;Default;Default;Default;Default;Default;Default;Default;Default;True;Default;Default;Default;Default;Default;Default;Default;Default;10;Default;1;Default;Default;Default;Default;Default;Default;Default;3;"Job-FSVFRZ(Server=True, IterationCount=10, LaunchCount=1, WarmupCount=3)";;1;Workload;Result;5;600961900;262144;2292.49;0;0;0;11535
InputEmulationBenchmarks.'10 rapid keystrokes (macro simulation)';RagnaController.Benchmarks;InputEmulationBenchmarks;'10 rapid keystrokes (macro simulation)';Job-FSVFRZ;Default;Default;Default;Default;Default;Default;Default;Default;Default;Default;Default;Default;Default;Default;Default;Default;Default;Default;Default;Default;Default;Default;True;Default;Default;Default;Default;Default;Default;Default;Default;10;Default;1;Default;Default;Default;Default;Default;Default;Default;3;"Job-FSVFRZ(Server=True, IterationCount=10, LaunchCount=1, WarmupCount=3)";;1;Workload;Result;6;705143500;262144;2689.91;0;0;0;11535
InputEmulationBenchmarks.'10 rapid keystrokes (macro simulation)';RagnaController.Benchmarks;InputEmulationBenchmarks;'10 rapid keystrokes (macro simulation)';Job-FSVFRZ;Default;Default;Default;Default;Default;Default;Default;Default;Default;Default;Default;Default;Default;Default;Default;Default;Default;Default;Default;Default;Default;Default;True;Default;Default;Default;Default;Default;Default;Default;Default;10;Default;1;Default;Default;Default;Default;Default;Default;Default;3;"Job-FSVFRZ(Server=True, IterationCount=10, LaunchCount=1, WarmupCount=3)";;1;Workload;Result;7;514207700;262144;1961.55;0;0;0;11535
InputEmulationBenchmarks.'10 rapid keystrokes (macro simulation)';RagnaController.Benchmarks;InputEmulationBenchmarks;'10 rapid keystrokes (macro simulation)';Job-FSVFRZ;Default;Default;Default;Default;Default;Default;Default;Default;Default;Default;Default;Default;Default;Default;Default;Default;Default;Default;Default;Default;Default;Default;True;Default;Default;Default;Default;Default;Default;Default;Default;10;Default;1;Default;Default;Default;Default;Default;Default;Default;3;"Job-FSVFRZ(Server=True, IterationCount=10, LaunchCount=1, WarmupCount=3)";;1;Workload;Result;8;511229800;262144;1950.19;0;0;0;11535
InputEmulationBenchmarks.'10 rapid keystrokes (macro simulation)';RagnaController.Benchmarks;InputEmulationBenchmarks;'10 rapid keystrokes (macro simulation)';Job-FSVFRZ;Default;Default;Default;Default;Default;Default;Default;Default;Default;Default;Default;Default;Default;Default;Default;Default;Default;Default;Default;Default;Default;Default;True;Default;Default;Default;Default;Default;Default;Default;Default;10;Default;1;Default;Default;Default;Default;Default;Default;Default;3;"Job-FSVFRZ(Server=True, IterationCount=10, LaunchCount=1, WarmupCount=3)";;1;Workload;Result;9;561311200;262144;2141.23;0;0;0;11535
InputEmulationBenchmarks.'10 rapid keystrokes (macro simulation)';RagnaController.Benchmarks;InputEmulationBenchmarks;'10 rapid keystrokes (macro simulation)';Job-FSVFRZ;Default;Default;Default;Default;Default;Default;Default;Default;Default;Default;Default;Default;Default;Default;Default;Default;Default;Default;Default;Default;Default;Default;True;Default;Default;Default;Default;Default;Default;Default;Default;10;Default;1;Default;Default;Default;Default;Default;Default;Default;3;"Job-FSVFRZ(Server=True, IterationCount=10, LaunchCount=1, WarmupCount=3)";;1;Workload;Result;10;628975800;262144;2399.35;0;0;0;11535
InputEmulationBenchmarks.'Unicode text input (chat message)';RagnaController.Benchmarks;InputEmulationBenchmarks;'Unicode text input (chat message)';Job-FSVFRZ;Default;Default;Default;Default;Default;Default;Default;Default;Default;Default;Default;Default;Default;Default;Default;Default;Default;Default;Default;Default;Default;Default;True;Default;Default;Default;Default;Default;Default;Default;Default;10;Default;1;Default;Default;Default;Default;Default;Default;Default;3;"Job-FSVFRZ(Server=True, IterationCount=10, LaunchCount=1, WarmupCount=3)";;1;Overhead;Jitting;1;127700;1;127700;0;0;0;0
InputEmulationBenchmarks.'Unicode text input (chat message)';RagnaController.Benchmarks;InputEmulationBenchmarks;'Unicode text input (chat message)';Job-FSVFRZ;Default;Default;Default;Default;Default;Default;Default;Default;Default;Default;Default;Default;Default;Default;Default;Default;Default;Default;Default;Default;Default;Default;True;Default;Default;Default;Default;Default;Default;Default;Default;10;Default;1;Default;Default;Default;Default;Default;Default;Default;3;"Job-FSVFRZ(Server=True, IterationCount=10, LaunchCount=1, WarmupCount=3)";;1;Workload;Jitting;1;2816900;1;2816900;0;0;0;0
InputEmulationBenchmarks.'Unicode text input (chat message)';RagnaController.Benchmarks;InputEmulationBenchmarks;'Unicode text input (chat message)';Job-FSVFRZ;Default;Default;Default;Default;Default;Default;Default;Default;Default;Default;Default;Default;Default;Default;Default;Default;Default;Default;Default;Default;Default;Default;True;Default;Default;Default;Default;Default;Default;Default;Default;10;Default;1;Default;Default;Default;Default;Default;Default;Default;3;"Job-FSVFRZ(Server=True, IterationCount=10, LaunchCount=1, WarmupCount=3)";;1;Overhead;Jitting;2;122700;16;7668.75;0;0;0;0
InputEmulationBenchmarks.'Unicode text input (chat message)';RagnaController.Benchmarks;InputEmulationBenchmarks;'Unicode text input (chat message)';Job-FSVFRZ;Default;Default;Default;Default;Default;Default;Default;Default;Default;Default;Default;Default;Default;Default;Default;Default;Default;Default;Default;Default;Default;Default;True;Default;Default;Default;Default;Default;Default;Default;Default;10;Default;1;Default;Default;Default;Default;Default;Default;Default;3;"Job-FSVFRZ(Server=True, IterationCount=10, LaunchCount=1, WarmupCount=3)";;1;Workload;Jitting;2;122000;16;7625;0;0;0;0
InputEmulationBenchmarks.'Unicode text input (chat message)';RagnaController.Benchmarks;InputEmulationBenchmarks;'Unicode text input (chat message)';Job-FSVFRZ;Default;Default;Default;Default;Default;Default;Default;Default;Default;Default;Default;Default;Default;Default;Default;Default;Default;Default;Default;Default;Default;Default;True;Default;Default;Default;Default;Default;Default;Default;Default;10;Default;1;Default;Default;Default;Default;Default;Default;Default;3;"Job-FSVFRZ(Server=True, IterationCount=10, LaunchCount=1, WarmupCount=3)";;1;Workload;Pilot;1;1600;16;100;0;0;0;0
InputEmulationBenchmarks.'Unicode text input (chat message)';RagnaController.Benchmarks;InputEmulationBenchmarks;'Unicode text input (chat message)';Job-FSVFRZ;Default;Default;Default;Default;Default;Default;Default;Default;Default;Default;Default;Default;Default;Default;Default;Default;Default;Default;Default;Default;Default;Default;True;Default;Default;Default;Default;Default;Default;Default;Default;10;Default;1;Default;Default;Default;Default;Default;Default;Default;3;"Job-FSVFRZ(Server=True, IterationCount=10, LaunchCount=1, WarmupCount=3)";;1;Workload;Pilot;2;2100;32;65.63;0;0;0;0
InputEmulationBenchmarks.'Unicode text input (chat message)';RagnaController.Benchmarks;InputEmulationBenchmarks;'Unicode text input (chat message)';Job-FSVFRZ;Default;Default;Default;Default;Default;Default;Default;Default;Default;Default;Default;Default;Default;Default;Default;Default;Default;Default;Default;Default;Default;Default;True;Default;Default;Default;Default;Default;Default;Default;Default;10;Default;1;Default;Default;Default;Default;Default;Default;Default;3;"Job-FSVFRZ(Server=True, IterationCount=10, LaunchCount=1, WarmupCount=3)";;1;Workload;Pilot;3;3400;64;53.13;0;0;0;0
InputEmulationBenchmarks.'Unicode text input (chat message)';RagnaController.Benchmarks;InputEmulationBenchmarks;'Unicode text input (chat message)';Job-FSVFRZ;Default;Default;Default;Default;Default;Default;Default;Default;Default;Default;Default;Default;Default;Default;Default;Default;Default;Default;Default;Default;Default;Default;True;Default;Default;Default;Default;Default;Default;Default;Default;10;Default;1;Default;Default;Default;Default;Default;Default;Default;3;"Job-FSVFRZ(Server=True, IterationCount=10, LaunchCount=1, WarmupCount=3)";;1;Workload;Pilot;4;5600;128;43.75;0;0;0;0
InputEmulationBenchmarks.'Unicode text input (chat message)';RagnaController.Benchmarks;InputEmulationBenchmarks;'Unicode text input (chat message)';Job-FSVFRZ;Default;Default;Default;Default;Default;Default;Default;Default;Default;Default;Default;Default;Default;Default;Default;Default;Default;Default;Default;Default;Default;Default;True;Default;Default;Default;Default;Default;Default;Default;Default;10;Default;1;Default;Default;Default;Default;Default;Default;Default;3;"Job-FSVFRZ(Server=True, IterationCount=10, LaunchCount=1, WarmupCount=3)";;1;Workload;Pilot;5;9300;256;36.33;0;0;0;0
InputEmulationBenchmarks.'Unicode text input (chat message)';RagnaController.Benchmarks;InputEmulationBenchmarks;'Unicode text input (chat message)';Job-FSVFRZ;Default;Default;Default;Default;Default;Default;Default;Default;Default;Default;Default;Default;Default;Default;Default;Default;Default;Default;Default;Default;Default;Default;True;Default;Default;Default;Default;Default;Default;Default;Default;10;Default;1;Default;Default;Default;Default;Default;Default;Default;3;"Job-FSVFRZ(Server=True, IterationCount=10, LaunchCount=1, WarmupCount=3)";;1;Workload;Pilot;6;13800;512;26.95;0;0;0;0
InputEmulationBenchmarks.'Unicode text input (chat message)';RagnaController.Benchmarks;InputEmulationBenchmarks;'Unicode text input (chat message)';Job-FSVFRZ;Default;Default;Default;Default;Default;Default;Default;Default;Default;Default;Default;Default;Default;Default;Default;Default;Default;Default;Default;Default;Default;Default;True;Default;Default;Default;Default;Default;Default;Default;Default;10;Default;1;Default;Default;Default;Default;Default;Default;Default;3;"Job-FSVFRZ(Server=True, IterationCount=10, LaunchCount=1, WarmupCount=3)";;1;Workload;Pilot;7;35900;1024;35.06;0;0;0;0
InputEmulationBenchmarks.'Unicode text input (chat message)';RagnaController.Benchmarks;InputEmulationBenchmarks;'Unicode text input (chat message)';Job-FSVFRZ;Default;Default;Default;Default;Default;Default;Default;Default;Default;Default;Default;Default;Default;Default;Default;Default;Default;Default;Default;Default;Default;Default;True;Default;Default;Default;Default;Default;Default;Default;Default;10;Default;1;Default;Default;Default;Default;Default;Default;Default;3;"Job-FSVFRZ(Server=True, IterationCount=10, LaunchCount=1, WarmupCount=3)";;1;Workload;Pilot;8;51000;2048;24.9;0;0;0;0
InputEmulationBenchmarks.'Unicode text input (chat message)';RagnaController.Benchmarks;InputEmulationBenchmarks;'Unicode text input (chat message)';Job-FSVFRZ;Default;Default;Default;Default;Default;Default;Default;Default;Default;Default;Default;Default;Default;Default;Default;Default;Default;Default;Default;Default;Default;Default;True;Default;Default;Default;Default;Default;Default;Default;Default;10;Default;1;Default;Default;Default;Default;Default;Default;Default;3;"Job-FSVFRZ(Server=True, IterationCount=10, LaunchCount=1, WarmupCount=3)";;1;Workload;Pilot;9;97600;4096;23.83;0;0;0;0
InputEmulationBenchmarks.'Unicode text input (chat message)';RagnaController.Benchmarks;InputEmulationBenchmarks;'Unicode text input (chat message)';Job-FSVFRZ;Default;Default;Default;Default;Default;Default;Default;Default;Default;Default;Default;Default;Default;Default;Default;Default;Default;Default;Default;Default;Default;Default;True;Default;Default;Default;Default;Default;Default;Default;Default;10;Default;1;Default;Default;Default;Default;Default;Default;Default;3;"Job-FSVFRZ(Server=True, IterationCount=10, LaunchCount=1, WarmupCount=3)";;1;Workload;Pilot;10;264700;8192;32.31;0;0;0;0
InputEmulationBenchmarks.'Unicode text input (chat message)';RagnaController.Benchmarks;InputEmulationBenchmarks;'Unicode text input (chat message)';Job-FSVFRZ;Default;Default;Default;Default;Default;Default;Default;Default;Default;Default;Default;Default;Default;Default;Default;Default;Default;Default;Default;Default;Default;Default;True;Default;Default;Default;Default;Default;Default;Default;Default;10;Default;1;Default;Default;Default;Default;Default;Default;Default;3;"Job-FSVFRZ(Server=True, IterationCount=10, LaunchCount=1, WarmupCount=3)";;1;Workload;Pilot;11;444700;16384;27.14;0;0;0;0
InputEmulationBenchmarks.'Unicode text input (chat message)';RagnaController.Benchmarks;InputEmulationBenchmarks;'Unicode text input (chat message)';Job-FSVFRZ;Default;Default;Default;Default;Default;Default;Default;Default;Default;Default;Default;Default;Default;Default;Default;Default;Default;Default;Default;Default;Default;Default;True;Default;Default;Default;Default;Default;Default;Default;Default;10;Default;1;Default;Default;Default;Default;Default;Default;Default;3;"Job-FSVFRZ(Server=True, IterationCount=10, LaunchCount=1, WarmupCount=3)";;1;Workload;Pilot;12;809800;32768;24.71;0;0;0;0
InputEmulationBenchmarks.'Unicode text input (chat message)';RagnaController.Benchmarks;InputEmulationBenchmarks;'Unicode text input (chat message)';Job-FSVFRZ;Default;Default;Default;Default;Default;Default;Default;Default;Default;Default;Default;Default;Default;Default;Default;Default;Default;Default;Default;Default;Default;Default;True;Default;Default;Default;Default;Default;Default;Default;Default;10;Default;1;Default;Default;Default;Default;Default;Default;Default;3;"Job-FSVFRZ(Server=True, IterationCount=10, LaunchCount=1, WarmupCount=3)";;1;Workload;Pilot;13;1496800;65536;22.84;0;0;0;0
InputEmulationBenchmarks.'Unicode text input (chat message)';RagnaController.Benchmarks;InputEmulationBenchmarks;'Unicode text input (chat message)';Job-FSVFRZ;Default;Default;Default;Default;Default;Default;Default;Default;Default;Default;Default;Default;Default;Default;Default;Default;Default;Default;Default;Default;Default;Default;True;Default;Default;Default;Default;Default;Default;Default;Default;10;Default;1;Default;Default;Default;Default;Default;Default;Default;3;"Job-FSVFRZ(Server=True, IterationCount=10, LaunchCount=1, WarmupCount=3)";;1;Workload;Pilot;14;3061300;131072;23.36;0;0;0;0
InputEmulationBenchmarks.'Unicode text input (chat message)';RagnaController.Benchmarks;InputEmulationBenchmarks;'Unicode text input (chat message)';Job-FSVFRZ;Default;Default;Default;Default;Default;Default;Default;Default;Default;Default;Default;Default;Default;Default;Default;Default;Default;Default;Default;Default;Default;Default;True;Default;Default;Default;Default;Default;Default;Default;Default;10;Default;1;Default;Default;Default;Default;Default;Default;Default;3;"Job-FSVFRZ(Server=True, IterationCount=10, LaunchCount=1, WarmupCount=3)";;1;Workload;Pilot;15;5910000;262144;22.54;0;0;0;0
InputEmulationBenchmarks.'Unicode text input (chat message)';RagnaController.Benchmarks;InputEmulationBenchmarks;'Unicode text input (chat message)';Job-FSVFRZ;Default;Default;Default;Default;Default;Default;Default;Default;Default;Default;Default;Default;Default;Default;Default;Default;Default;Default;Default;Default;Default;Default;True;Default;Default;Default;Default;Default;Default;Default;Default;10;Default;1;Default;Default;Default;Default;Default;Default;Default;3;"Job-FSVFRZ(Server=True, IterationCount=10, LaunchCount=1, WarmupCount=3)";;1;Workload;Pilot;16;14183100;524288;27.05;0;0;0;0
InputEmulationBenchmarks.'Unicode text input (chat message)';RagnaController.Benchmarks;InputEmulationBenchmarks;'Unicode text input (chat message)';Job-FSVFRZ;Default;Default;Default;Default;Default;Default;Default;Default;Default;Default;Default;Default;Default;Default;Default;Default;Default;Default;Default;Default;Default;Default;True;Default;Default;Default;Default;Default;Default;Default;Default;10;Default;1;Default;Default;Default;Default;Default;Default;Default;3;"Job-FSVFRZ(Server=True, IterationCount=10, LaunchCount=1, WarmupCount=3)";;1;Workload;Pilot;17;42364100;1048576;40.4;0;0;0;0
InputEmulationBenchmarks.'Unicode text input (chat message)';RagnaController.Benchmarks;InputEmulationBenchmarks;'Unicode text input (chat message)';Job-FSVFRZ;Default;Default;Default;Default;Default;Default;Default;Default;Default;Default;Default;Default;Default;Default;Default;Default;Default;Default;Default;Default;Default;Default;True;Default;Default;Default;Default;Default;Default;Default;Default;10;Default;1;Default;Default;Default;Default;Default;Default;Default;3;"Job-FSVFRZ(Server=True, IterationCount=10, LaunchCount=1, WarmupCount=3)";;1;Workload;Pilot;18;119303700;2097152;56.89;0;0;0;0
InputEmulationBenchmarks.'Unicode text input (chat message)';RagnaController.Benchmarks;InputEmulationBenchmarks;'Unicode text input (chat message)';Job-FSVFRZ;Default;Default;Default;Default;Default;Default;Default;Default;Default;Default;Default;Default;Default;Default;Default;Default;Default;Default;Default;Default;Default;Default;True;Default;Default;Default;Default;Default;Default;Default;Default;10;Default;1;Default;Default;Default;Default;Default;Default;Default;3;"Job-FSVFRZ(Server=True, IterationCount=10, LaunchCount=1, WarmupCount=3)";;1;Workload;Pilot;19;66801300;4194304;15.93;0;0;0;0
InputEmulationBenchmarks.'Unicode text input (chat message)';RagnaController.Benchmarks;InputEmulationBenchmarks;'Unicode text input (chat message)';Job-FSVFRZ;Default;Default;Default;Default;Default;Default;Default;Default;Default;Default;Default;Default;Default;Default;Default;Default;Default;Default;Default;Default;Default;Default;True;Default;Default;Default;Default;Default;Default;Default;Default;10;Default;1;Default;Default;Default;Default;Default;Default;Default;3;"Job-FSVFRZ(Server=True, IterationCount=10, LaunchCount=1, WarmupCount=3)";;1;Workload;Pilot;20;120590600;8388608;14.38;0;0;0;0
InputEmulationBenchmarks.'Unicode text input (chat message)';RagnaController.Benchmarks;InputEmulationBenchmarks;'Unicode text input (chat message)';Job-FSVFRZ;Default;Default;Default;Default;Default;Default;Default;Default;Default;Default;Default;Default;Default;Default;Default;Default;Default;Default;Default;Default;Default;Default;True;Default;Default;Default;Default;Default;Default;Default;Default;10;Default;1;Default;Default;Default;Default;Default;Default;Default;3;"Job-FSVFRZ(Server=True, IterationCount=10, LaunchCount=1, WarmupCount=3)";;1;Workload;Pilot;21;156396100;16777216;9.32;0;0;0;0
InputEmulationBenchmarks.'Unicode text input (chat message)';RagnaController.Benchmarks;InputEmulationBenchmarks;'Unicode text input (chat message)';Job-FSVFRZ;Default;Default;Default;Default;Default;Default;Default;Default;Default;Default;Default;Default;Default;Default;Default;Default;Default;Default;Default;Default;Default;Default;True;Default;Default;Default;Default;Default;Default;Default;Default;10;Default;1;Default;Default;Default;Default;Default;Default;Default;3;"Job-FSVFRZ(Server=True, IterationCount=10, LaunchCount=1, WarmupCount=3)";;1;Workload;Pilot;22;366675500;33554432;10.93;0;0;0;0
InputEmulationBenchmarks.'Unicode text input (chat message)';RagnaController.Benchmarks;InputEmulationBenchmarks;'Unicode text input (chat message)';Job-FSVFRZ;Default;Default;Default;Default;Default;Default;Default;Default;Default;Default;Default;Default;Default;Default;Default;Default;Default;Default;Default;Default;Default;Default;True;Default;Default;Default;Default;Default;Default;Default;Default;10;Default;1;Default;Default;Default;Default;Default;Default;Default;3;"Job-FSVFRZ(Server=True, IterationCount=10, LaunchCount=1, WarmupCount=3)";;1;Workload;Pilot;23;977693900;67108864;14.57;0;0;0;0
InputEmulationBenchmarks.'Unicode text input (chat message)';RagnaController.Benchmarks;InputEmulationBenchmarks;'Unicode text input (chat message)';Job-FSVFRZ;Default;Default;Default;Default;Default;Default;Default;Default;Default;Default;Default;Default;Default;Default;Default;Default;Default;Default;Default;Default;Default;Default;True;Default;Default;Default;Default;Default;Default;Default;Default;10;Default;1;Default;Default;Default;Default;Default;Default;Default;3;"Job-FSVFRZ(Server=True, IterationCount=10, LaunchCount=1, WarmupCount=3)";;1;Overhead;Warmup;1;128693800;67108864;1.92;0;0;0;0
InputEmulationBenchmarks.'Unicode text input (chat message)';RagnaController.Benchmarks;InputEmulationBenchmarks;'Unicode text input (chat message)';Job-FSVFRZ;Default;Default;Default;Default;Default;Default;Default;Default;Default;Default;Default;Default;Default;Default;Default;Default;Default;Default;Default;Default;Default;Default;True;Default;Default;Default;Default;Default;Default;Default;Default;10;Default;1;Default;Default;Default;Default;Default;Default;Default;3;"Job-FSVFRZ(Server=True, IterationCount=10, LaunchCount=1, WarmupCount=3)";;1;Overhead;Warmup;2;131060600;67108864;1.95;0;0;0;0
InputEmulationBenchmarks.'Unicode text input (chat message)';RagnaController.Benchmarks;InputEmulationBenchmarks;'Unicode text input (chat message)';Job-FSVFRZ;Default;Default;Default;Default;Default;Default;Default;Default;Default;Default;Default;Default;Default;Default;Default;Default;Default;Default;Default;Default;Default;Default;True;Default;Default;Default;Default;Default;Default;Default;Default;10;Default;1;Default;Default;Default;Default;Default;Default;Default;3;"Job-FSVFRZ(Server=True, IterationCount=10, LaunchCount=1, WarmupCount=3)";;1;Overhead;Warmup;3;133412600;67108864;1.99;0;0;0;0
InputEmulationBenchmarks.'Unicode text input (chat message)';RagnaController.Benchmarks;InputEmulationBenchmarks;'Unicode text input (chat message)';Job-FSVFRZ;Default;Default;Default;Default;Default;Default;Default;Default;Default;Default;Default;Default;Default;Default;Default;Default;Default;Default;Default;Default;Default;Default;True;Default;Default;Default;Default;Default;Default;Default;Default;10;Default;1;Default;Default;Default;Default;Default;Default;Default;3;"Job-FSVFRZ(Server=True, IterationCount=10, LaunchCount=1, WarmupCount=3)";;1;Overhead;Warmup;4;135154000;67108864;2.01;0;0;0;0
InputEmulationBenchmarks.'Unicode text input (chat message)';RagnaController.Benchmarks;InputEmulationBenchmarks;'Unicode text input (chat message)';Job-FSVFRZ;Default;Default;Default;Default;Default;Default;Default;Default;Default;Default;Default;Default;Default;Default;Default;Default;Default;Default;Default;Default;Default;Default;True;Default;Default;Default;Default;Default;Default;Default;Default;10;Default;1;Default;Default;Default;Default;Default;Default;Default;3;"Job-FSVFRZ(Server=True, IterationCount=10, LaunchCount=1, WarmupCount=3)";;1;Overhead;Warmup;5;93407900;67108864;1.39;0;0;0;0
InputEmulationBenchmarks.'Unicode text input (chat message)';RagnaController.Benchmarks;InputEmulationBenchmarks;'Unicode text input (chat message)';Job-FSVFRZ;Default;Default;Default;Default;Default;Default;Default;Default;Default;Default;Default;Default;Default;Default;Default;Default;Default;Default;Default;Default;Default;Default;True;Default;Default;Default;Default;Default;Default;Default;Default;10;Default;1;Default;Default;Default;Default;Default;Default;Default;3;"Job-FSVFRZ(Server=True, IterationCount=10, LaunchCount=1, WarmupCount=3)";;1;Overhead;Warmup;6;94870600;67108864;1.41;0;0;0;0
InputEmulationBenchmarks.'Unicode text input (chat message)';RagnaController.Benchmarks;InputEmulationBenchmarks;'Unicode text input (chat message)';Job-FSVFRZ;Default;Default;Default;Default;Default;Default;Default;Default;Default;Default;Default;Default;Default;Default;Default;Default;Default;Default;Default;Default;Default;Default;True;Default;Default;Default;Default;Default;Default;Default;Default;10;Default;1;Default;Default;Default;Default;Default;Default;Default;3;"Job-FSVFRZ(Server=True, IterationCount=10, LaunchCount=1, WarmupCount=3)";;1;Overhead;Warmup;7;99092100;67108864;1.48;0;0;0;0
InputEmulationBenchmarks.'Unicode text input (chat message)';RagnaController.Benchmarks;InputEmulationBenchmarks;'Unicode text input (chat message)';Job-FSVFRZ;Default;Default;Default;Default;Default;Default;Default;Default;Default;Default;Default;Default;Default;Default;Default;Default;Default;Default;Default;Default;Default;Default;True;Default;Default;Default;Default;Default;Default;Default;Default;10;Default;1;Default;Default;Default;Default;Default;Default;Default;3;"Job-FSVFRZ(Server=True, IterationCount=10, LaunchCount=1, WarmupCount=3)";;1;Overhead;Warmup;8;179055400;67108864;2.67;0;0;0;0
InputEmulationBenchmarks.'Unicode text input (chat message)';RagnaController.Benchmarks;InputEmulationBenchmarks;'Unicode text input (chat message)';Job-FSVFRZ;Default;Default;Default;Default;Default;Default;Default;Default;Default;Default;Default;Default;Default;Default;Default;Default;Default;Default;Default;Default;Default;Default;True;Default;Default;Default;Default;Default;Default;Default;Default;10;Default;1;Default;Default;Default;Default;Default;Default;Default;3;"Job-FSVFRZ(Server=True, IterationCount=10, LaunchCount=1, WarmupCount=3)";;1;Overhead;Warmup;9;134935700;67108864;2.01;0;0;0;0
InputEmulationBenchmarks.'Unicode text input (chat message)';RagnaController.Benchmarks;InputEmulationBenchmarks;'Unicode text input (chat message)';Job-FSVFRZ;Default;Default;Default;Default;Default;Default;Default;Default;Default;Default;Default;Default;Default;Default;Default;Default;Default;Default;Default;Default;Default;Default;True;Default;Default;Default;Default;Default;Default;Default;Default;10;Default;1;Default;Default;Default;Default;Default;Default;Default;3;"Job-FSVFRZ(Server=True, IterationCount=10, LaunchCount=1, WarmupCount=3)";;1;Overhead;Actual;1;129354000;67108864;1.93;0;0;0;0
InputEmulationBenchmarks.'Unicode text input (chat message)';RagnaController.Benchmarks;InputEmulationBenchmarks;'Unicode text input (chat message)';Job-FSVFRZ;Default;Default;Default;Default;Default;Default;Default;Default;Default;Default;Default;Default;Default;Default;Default;Default;Default;Default;Default;Default;Default;Default;True;Default;Default;Default;Default;Default;Default;Default;Default;10;Default;1;Default;Default;Default;Default;Default;Default;Default;3;"Job-FSVFRZ(Server=True, IterationCount=10, LaunchCount=1, WarmupCount=3)";;1;Overhead;Actual;2;137606600;67108864;2.05;0;0;0;0
InputEmulationBenchmarks.'Unicode text input (chat message)';RagnaController.Benchmarks;InputEmulationBenchmarks;'Unicode text input (chat message)';Job-FSVFRZ;Default;Default;Default;Default;Default;Default;Default;Default;Default;Default;Default;Default;Default;Default;Default;Default;Default;Default;Default;Default;Default;Default;True;Default;Default;Default;Default;Default;Default;Default;Default;10;Default;1;Default;Default;Default;Default;Default;Default;Default;3;"Job-FSVFRZ(Server=True, IterationCount=10, LaunchCount=1, WarmupCount=3)";;1;Overhead;Actual;3;97968900;67108864;1.46;0;0;0;0
InputEmulationBenchmarks.'Unicode text input (chat message)';RagnaController.Benchmarks;InputEmulationBenchmarks;'Unicode text input (chat message)';Job-FSVFRZ;Default;Default;Default;Default;Default;Default;Default;Default;Default;Default;Default;Default;Default;Default;Default;Default;Default;Default;Default;Default;Default;Default;True;Default;Default;Default;Default;Default;Default;Default;Default;10;Default;1;Default;Default;Default;Default;Default;Default;Default;3;"Job-FSVFRZ(Server=True, IterationCount=10, LaunchCount=1, WarmupCount=3)";;1;Overhead;Actual;4;93915100;67108864;1.4;0;0;0;0
InputEmulationBenchmarks.'Unicode text input (chat message)';RagnaController.Benchmarks;InputEmulationBenchmarks;'Unicode text input (chat message)';Job-FSVFRZ;Default;Default;Default;Default;Default;Default;Default;Default;Default;Default;Default;Default;Default;Default;Default;Default;Default;Default;Default;Default;Default;Default;True;Default;Default;Default;Default;Default;Default;Default;Default;10;Default;1;Default;Default;Default;Default;Default;Default;Default;3;"Job-FSVFRZ(Server=True, IterationCount=10, LaunchCount=1, WarmupCount=3)";;1;Overhead;Actual;5;145849700;67108864;2.17;0;0;0;0
InputEmulationBenchmarks.'Unicode text input (chat message)';RagnaController.Benchmarks;InputEmulationBenchmarks;'Unicode text input (chat message)';Job-FSVFRZ;Default;Default;Default;Default;Default;Default;Default;Default;Default;Default;Default;Default;Default;Default;Default;Default;Default;Default;Default;Default;Default;Default;True;Default;Default;Default;Default;Default;Default;Default;Default;10;Default;1;Default;Default;Default;Default;Default;Default;Default;3;"Job-FSVFRZ(Server=True, IterationCount=10, LaunchCount=1, WarmupCount=3)";;1;Overhead;Actual;6;102884600;67108864;1.53;0;0;0;0
InputEmulationBenchmarks.'Unicode text input (chat message)';RagnaController.Benchmarks;InputEmulationBenchmarks;'Unicode text input (chat message)';Job-FSVFRZ;Default;Default;Default;Default;Default;Default;Default;Default;Default;Default;Default;Default;Default;Default;Default;Default;Default;Default;Default;Default;Default;Default;True;Default;Default;Default;Default;Default;Default;Default;Default;10;Default;1;Default;Default;Default;Default;Default;Default;Default;3;"Job-FSVFRZ(Server=True, IterationCount=10, LaunchCount=1, WarmupCount=3)";;1;Overhead;Actual;7;141246300;67108864;2.1;0;0;0;0
InputEmulationBenchmarks.'Unicode text input (chat message)';RagnaController.Benchmarks;InputEmulationBenchmarks;'Unicode text input (chat message)';Job-FSVFRZ;Default;Default;Default;Default;Default;Default;Default;Default;Default;Default;Default;Default;Default;Default;Default;Default;Default;Default;Default;Default;Default;Default;True;Default;Default;Default;Default;Default;Default;Default;Default;10;Default;1;Default;Default;Default;Default;Default;Default;Default;3;"Job-FSVFRZ(Server=True, IterationCount=10, LaunchCount=1, WarmupCount=3)";;1;Overhead;Actual;8;141047200;67108864;2.1;0;0;0;0
InputEmulationBenchmarks.'Unicode text input (chat message)';RagnaController.Benchmarks;InputEmulationBenchmarks;'Unicode text input (chat message)';Job-FSVFRZ;Default;Default;Default;Default;Default;Default;Default;Default;Default;Default;Default;Default;Default;Default;Default;Default;Default;Default;Default;Default;Default;Default;True;Default;Default;Default;Default;Default;Default;Default;Default;10;Default;1;Default;Default;Default;Default;Default;Default;Default;3;"Job-FSVFRZ(Server=True, IterationCount=10, LaunchCount=1, WarmupCount=3)";;1;Overhead;Actual;9;140159800;67108864;2.09;0;0;0;0
InputEmulationBenchmarks.'Unicode text input (chat message)';RagnaController.Benchmarks;InputEmulationBenchmarks;'Unicode text input (chat message)';Job-FSVFRZ;Default;Default;Default;Default;Default;Default;Default;Default;Default;Default;Default;Default;Default;Default;Default;Default;Default;Default;Default;Default;Default;Default;True;Default;Default;Default;Default;Default;Default;Default;Default;10;Default;1;Default;Default;Default;Default;Default;Default;Default;3;"Job-FSVFRZ(Server=True, IterationCount=10, LaunchCount=1, WarmupCount=3)";;1;Overhead;Actual;10;86445200;67108864;1.29;0;0;0;0
InputEmulationBenchmarks.'Unicode text input (chat message)';RagnaController.Benchmarks;InputEmulationBenchmarks;'Unicode text input (chat message)';Job-FSVFRZ;Default;Default;Default;Default;Default;Default;Default;Default;Default;Default;Default;Default;Default;Default;Default;Default;Default;Default;Default;Default;Default;Default;True;Default;Default;Default;Default;Default;Default;Default;Default;10;Default;1;Default;Default;Default;Default;Default;Default;Default;3;"Job-FSVFRZ(Server=True, IterationCount=10, LaunchCount=1, WarmupCount=3)";;1;Overhead;Actual;11;89327200;67108864;1.33;0;0;0;0
InputEmulationBenchmarks.'Unicode text input (chat message)';RagnaController.Benchmarks;InputEmulationBenchmarks;'Unicode text input (chat message)';Job-FSVFRZ;Default;Default;Default;Default;Default;Default;Default;Default;Default;Default;Default;Default;Default;Default;Default;Default;Default;Default;Default;Default;Default;Default;True;Default;Default;Default;Default;Default;Default;Default;Default;10;Default;1;Default;Default;Default;Default;Default;Default;Default;3;"Job-FSVFRZ(Server=True, IterationCount=10, LaunchCount=1, WarmupCount=3)";;1;Overhead;Actual;12;104246400;67108864;1.55;0;0;0;0
InputEmulationBenchmarks.'Unicode text input (chat message)';RagnaController.Benchmarks;InputEmulationBenchmarks;'Unicode text input (chat message)';Job-FSVFRZ;Default;Default;Default;Default;Default;Default;Default;Default;Default;Default;Default;Default;Default;Default;Default;Default;Default;Default;Default;Default;Default;Default;True;Default;Default;Default;Default;Default;Default;Default;Default;10;Default;1;Default;Default;Default;Default;Default;Default;Default;3;"Job-FSVFRZ(Server=True, IterationCount=10, LaunchCount=1, WarmupCount=3)";;1;Overhead;Actual;13;182988000;67108864;2.73;0;0;0;0
InputEmulationBenchmarks.'Unicode text input (chat message)';RagnaController.Benchmarks;InputEmulationBenchmarks;'Unicode text input (chat message)';Job-FSVFRZ;Default;Default;Default;Default;Default;Default;Default;Default;Default;Default;Default;Default;Default;Default;Default;Default;Default;Default;Default;Default;Default;Default;True;Default;Default;Default;Default;Default;Default;Default;Default;10;Default;1;Default;Default;Default;Default;Default;Default;Default;3;"Job-FSVFRZ(Server=True, IterationCount=10, LaunchCount=1, WarmupCount=3)";;1;Overhead;Actual;14;114435300;67108864;1.71;0;0;0;0
InputEmulationBenchmarks.'Unicode text input (chat message)';RagnaController.Benchmarks;InputEmulationBenchmarks;'Unicode text input (chat message)';Job-FSVFRZ;Default;Default;Default;Default;Default;Default;Default;Default;Default;Default;Default;Default;Default;Default;Default;Default;Default;Default;Default;Default;Default;Default;True;Default;Default;Default;Default;Default;Default;Default;Default;10;Default;1;Default;Default;Default;Default;Default;Default;Default;3;"Job-FSVFRZ(Server=True, IterationCount=10, LaunchCount=1, WarmupCount=3)";;1;Overhead;Actual;15;143141200;67108864;2.13;0;0;0;0
InputEmulationBenchmarks.'Unicode text input (chat message)';RagnaController.Benchmarks;InputEmulationBenchmarks;'Unicode text input (chat message)';Job-FSVFRZ;Default;Default;Default;Default;Default;Default;Default;Default;Default;Default;Default;Default;Default;Default;Default;Default;Default;Default;Default;Default;Default;Default;True;Default;Default;Default;Default;Default;Default;Default;Default;10;Default;1;Default;Default;Default;Default;Default;Default;Default;3;"Job-FSVFRZ(Server=True, IterationCount=10, LaunchCount=1, WarmupCount=3)";;1;Overhead;Actual;16;153169800;67108864;2.28;0;0;0;0
InputEmulationBenchmarks.'Unicode text input (chat message)';RagnaController.Benchmarks;InputEmulationBenchmarks;'Unicode text input (chat message)';Job-FSVFRZ;Default;Default;Default;Default;Default;Default;Default;Default;Default;Default;Default;Default;Default;Default;Default;Default;Default;Default;Default;Default;Default;Default;True;Default;Default;Default;Default;Default;Default;Default;Default;10;Default;1;Default;Default;Default;Default;Default;Default;Default;3;"Job-FSVFRZ(Server=True, IterationCount=10, LaunchCount=1, WarmupCount=3)";;1;Overhead;Actual;17;216981600;67108864;3.23;0;0;0;0
InputEmulationBenchmarks.'Unicode text input (chat message)';RagnaController.Benchmarks;InputEmulationBenchmarks;'Unicode text input (chat message)';Job-FSVFRZ;Default;Default;Default;Default;Default;Default;Default;Default;Default;Default;Default;Default;Default;Default;Default;Default;Default;Default;Default;Default;Default;Default;True;Default;Default;Default;Default;Default;Default;Default;Default;10;Default;1;Default;Default;Default;Default;Default;Default;Default;3;"Job-FSVFRZ(Server=True, IterationCount=10, LaunchCount=1, WarmupCount=3)";;1;Overhead;Actual;18;99763400;67108864;1.49;0;0;0;0
InputEmulationBenchmarks.'Unicode text input (chat message)';RagnaController.Benchmarks;InputEmulationBenchmarks;'Unicode text input (chat message)';Job-FSVFRZ;Default;Default;Default;Default;Default;Default;Default;Default;Default;Default;Default;Default;Default;Default;Default;Default;Default;Default;Default;Default;Default;Default;True;Default;Default;Default;Default;Default;Default;Default;Default;10;Default;1;Default;Default;Default;Default;Default;Default;Default;3;"Job-FSVFRZ(Server=True, IterationCount=10, LaunchCount=1, WarmupCount=3)";;1;Overhead;Actual;19;88335200;67108864;1.32;0;0;0;0
InputEmulationBenchmarks.'Unicode text input (chat message)';RagnaController.Benchmarks;InputEmulationBenchmarks;'Unicode text input (chat message)';Job-FSVFRZ;Default;Default;Default;Default;Default;Default;Default;Default;Default;Default;Default;Default;Default;Default;Default;Default;Default;Default;Default;Default;Default;Default;True;Default;Default;Default;Default;Default;Default;Default;Default;10;Default;1;Default;Default;Default;Default;Default;Default;Default;3;"Job-FSVFRZ(Server=True, IterationCount=10, LaunchCount=1, WarmupCount=3)";;1;Overhead;Actual;20;93894900;67108864;1.4;0;0;0;0
InputEmulationBenchmarks.'Unicode text input (chat message)';RagnaController.Benchmarks;InputEmulationBenchmarks;'Unicode text input (chat message)';Job-FSVFRZ;Default;Default;Default;Default;Default;Default;Default;Default;Default;Default;Default;Default;Default;Default;Default;Default;Default;Default;Default;Default;Default;Default;True;Default;Default;Default;Default;Default;Default;Default;Default;10;Default;1;Default;Default;Default;Default;Default;Default;Default;3;"Job-FSVFRZ(Server=True, IterationCount=10, LaunchCount=1, WarmupCount=3)";;1;Workload;Warmup;1;1085034200;67108864;16.17;0;0;0;0
InputEmulationBenchmarks.'Unicode text input (chat message)';RagnaController.Benchmarks;InputEmulationBenchmarks;'Unicode text input (chat message)';Job-FSVFRZ;Default;Default;Default;Default;Default;Default;Default;Default;Default;Default;Default;Default;Default;Default;Default;Default;Default;Default;Default;Default;Default;Default;True;Default;Default;Default;Default;Default;Default;Default;Default;10;Default;1;Default;Default;Default;Default;Default;Default;Default;3;"Job-FSVFRZ(Server=True, IterationCount=10, LaunchCount=1, WarmupCount=3)";;1;Workload;Warmup;2;1168468400;67108864;17.41;0;0;0;0
InputEmulationBenchmarks.'Unicode text input (chat message)';RagnaController.Benchmarks;InputEmulationBenchmarks;'Unicode text input (chat message)';Job-FSVFRZ;Default;Default;Default;Default;Default;Default;Default;Default;Default;Default;Default;Default;Default;Default;Default;Default;Default;Default;Default;Default;Default;Default;True;Default;Default;Default;Default;Default;Default;Default;Default;10;Default;1;Default;Default;Default;Default;Default;Default;Default;3;"Job-FSVFRZ(Server=True, IterationCount=10, LaunchCount=1, WarmupCount=3)";;1;Workload;Warmup;3;1056792300;67108864;15.75;0;0;0;0
InputEmulationBenchmarks.'Unicode text input (chat message)';RagnaController.Benchmarks;InputEmulationBenchmarks;'Unicode text input (chat message)';Job-FSVFRZ;Default;Default;Default;Default;Default;Default;Default;Default;Default;Default;Default;Default;Default;Default;Default;Default;Default;Default;Default;Default;Default;Default;True;Default;Default;Default;Default;Default;Default;Default;Default;10;Default;1;Default;Default;Default;Default;Default;Default;Default;3;"Job-FSVFRZ(Server=True, IterationCount=10, LaunchCount=1, WarmupCount=3)";;1;Workload;Actual;1;587550300;67108864;8.76;0;0;0;0
InputEmulationBenchmarks.'Unicode text input (chat message)';RagnaController.Benchmarks;InputEmulationBenchmarks;'Unicode text input (chat message)';Job-FSVFRZ;Default;Default;Default;Default;Default;Default;Default;Default;Default;Default;Default;Default;Default;Default;Default;Default;Default;Default;Default;Default;Default;Default;True;Default;Default;Default;Default;Default;Default;Default;Default;10;Default;1;Default;Default;Default;Default;Default;Default;Default;3;"Job-FSVFRZ(Server=True, IterationCount=10, LaunchCount=1, WarmupCount=3)";;1;Workload;Actual;2;619673000;67108864;9.23;0;0;0;0
InputEmulationBenchmarks.'Unicode text input (chat message)';RagnaController.Benchmarks;InputEmulationBenchmarks;'Unicode text input (chat message)';Job-FSVFRZ;Default;Default;Default;Default;Default;Default;Default;Default;Default;Default;Default;Default;Default;Default;Default;Default;Default;Default;Default;Default;Default;Default;True;Default;Default;Default;Default;Default;Default;Default;Default;10;Default;1;Default;Default;Default;Default;Default;Default;Default;3;"Job-FSVFRZ(Server=True, IterationCount=10, LaunchCount=1, WarmupCount=3)";;1;Workload;Actual;3;591824200;67108864;8.82;0;0;0;0
InputEmulationBenchmarks.'Unicode text input (chat message)';RagnaController.Benchmarks;InputEmulationBenchmarks;'Unicode text input (chat message)';Job-FSVFRZ;Default;Default;Default;Default;Default;Default;Default;Default;Default;Default;Default;Default;Default;Default;Default;Default;Default;Default;Default;Default;Default;Default;True;Default;Default;Default;Default;Default;Default;Default;Default;10;Default;1;Default;Default;Default;Default;Default;Default;Default;3;"Job-FSVFRZ(Server=True, IterationCount=10, LaunchCount=1, WarmupCount=3)";;1;Workload;Actual;4;559055700;67108864;8.33;0;0;0;0
InputEmulationBenchmarks.'Unicode text input (chat message)';RagnaController.Benchmarks;InputEmulationBenchmarks;'Unicode text input (chat message)';Job-FSVFRZ;Default;Default;Default;Default;Default;Default;Default;Default;Default;Default;Default;Default;Default;Default;Default;Default;Default;Default;Default;Default;Default;Default;True;Default;Default;Default;Default;Default;Default;Default;Default;10;Default;1;Default;Default;Default;Default;Default;Default;Default;3;"Job-FSVFRZ(Server=True, IterationCount=10, LaunchCount=1, WarmupCount=3)";;1;Workload;Actual;5;777268700;67108864;11.58;0;0;0;0
InputEmulationBenchmarks.'Unicode text input (chat message)';RagnaController.Benchmarks;InputEmulationBenchmarks;'Unicode text input (chat message)';Job-FSVFRZ;Default;Default;Default;Default;Default;Default;Default;Default;Default;Default;Default;Default;Default;Default;Default;Default;Default;Default;Default;Default;Default;Default;True;Default;Default;Default;Default;Default;Default;Default;Default;10;Default;1;Default;Default;Default;Default;Default;Default;Default;3;"Job-FSVFRZ(Server=True, IterationCount=10, LaunchCount=1, WarmupCount=3)";;1;Workload;Actual;6;908107700;67108864;13.53;0;0;0;0
InputEmulationBenchmarks.'Unicode text input (chat message)';RagnaController.Benchmarks;InputEmulationBenchmarks;'Unicode text input (chat message)';Job-FSVFRZ;Default;Default;Default;Default;Default;Default;Default;Default;Default;Default;Default;Default;Default;Default;Default;Default;Default;Default;Default;Default;Default;Default;True;Default;Default;Default;Default;Default;Default;Default;Default;10;Default;1;Default;Default;Default;Default;Default;Default;Default;3;"Job-FSVFRZ(Server=True, IterationCount=10, LaunchCount=1, WarmupCount=3)";;1;Workload;Actual;7;897151700;67108864;13.37;0;0;0;0
InputEmulationBenchmarks.'Unicode text input (chat message)';RagnaController.Benchmarks;InputEmulationBenchmarks;'Unicode text input (chat message)';Job-FSVFRZ;Default;Default;Default;Default;Default;Default;Default;Default;Default;Default;Default;Default;Default;Default;Default;Default;Default;Default;Default;Default;Default;Default;True;Default;Default;Default;Default;Default;Default;Default;Default;10;Default;1;Default;Default;Default;Default;Default;Default;Default;3;"Job-FSVFRZ(Server=True, IterationCount=10, LaunchCount=1, WarmupCount=3)";;1;Workload;Actual;8;897340100;67108864;13.37;0;0;0;0
InputEmulationBenchmarks.'Unicode text input (chat message)';RagnaController.Benchmarks;InputEmulationBenchmarks;'Unicode text input (chat message)';Job-FSVFRZ;Default;Default;Default;Default;Default;Default;Default;Default;Default;Default;Default;Default;Default;Default;Default;Default;Default;Default;Default;Default;Default;Default;True;Default;Default;Default;Default;Default;Default;Default;Default;10;Default;1;Default;Default;Default;Default;Default;Default;Default;3;"Job-FSVFRZ(Server=True, IterationCount=10, LaunchCount=1, WarmupCount=3)";;1;Workload;Actual;9;853859000;67108864;12.72;0;0;0;0
InputEmulationBenchmarks.'Unicode text input (chat message)';RagnaController.Benchmarks;InputEmulationBenchmarks;'Unicode text input (chat message)';Job-FSVFRZ;Default;Default;Default;Default;Default;Default;Default;Default;Default;Default;Default;Default;Default;Default;Default;Default;Default;Default;Default;Default;Default;Default;True;Default;Default;Default;Default;Default;Default;Default;Default;10;Default;1;Default;Default;Default;Default;Default;Default;Default;3;"Job-FSVFRZ(Server=True, IterationCount=10, LaunchCount=1, WarmupCount=3)";;1;Workload;Actual;10;821417200;67108864;12.24;0;0;0;0
InputEmulationBenchmarks.'Unicode text input (chat message)';RagnaController.Benchmarks;InputEmulationBenchmarks;'Unicode text input (chat message)';Job-FSVFRZ;Default;Default;Default;Default;Default;Default;Default;Default;Default;Default;Default;Default;Default;Default;Default;Default;Default;Default;Default;Default;Default;Default;True;Default;Default;Default;Default;Default;Default;Default;Default;10;Default;1;Default;Default;Default;Default;Default;Default;Default;3;"Job-FSVFRZ(Server=True, IterationCount=10, LaunchCount=1, WarmupCount=3)";;1;Workload;Result;1;465655650;67108864;6.94;0;0;0;0
InputEmulationBenchmarks.'Unicode text input (chat message)';RagnaController.Benchmarks;InputEmulationBenchmarks;'Unicode text input (chat message)';Job-FSVFRZ;Default;Default;Default;Default;Default;Default;Default;Default;Default;Default;Default;Default;Default;Default;Default;Default;Default;Default;Default;Default;Default;Default;True;Default;Default;Default;Default;Default;Default;Default;Default;10;Default;1;Default;Default;Default;Default;Default;Default;Default;3;"Job-FSVFRZ(Server=True, IterationCount=10, LaunchCount=1, WarmupCount=3)";;1;Workload;Result;2;497778350;67108864;7.42;0;0;0;0
InputEmulationBenchmarks.'Unicode text input (chat message)';RagnaController.Benchmarks;InputEmulationBenchmarks;'Unicode text input (chat message)';Job-FSVFRZ;Default;Default;Default;Default;Default;Default;Default;Default;Default;Default;Default;Default;Default;Default;Default;Default;Default;Default;Default;Default;Default;Default;True;Default;Default;Default;Default;Default;Default;Default;Default;10;Default;1;Default;Default;Default;Default;Default;Default;Default;3;"Job-FSVFRZ(Server=True, IterationCount=10, LaunchCount=1, WarmupCount=3)";;1;Workload;Result;3;469929550;67108864;7;0;0;0;0
InputEmulationBenchmarks.'Unicode text input (chat message)';RagnaController.Benchmarks;InputEmulationBenchmarks;'Unicode text input (chat message)';Job-FSVFRZ;Default;Default;Default;Default;Default;Default;Default;Default;Default;Default;Default;Default;Default;Default;Default;Default;Default;Default;Default;Default;Default;Default;True;Default;Default;Default;Default;Default;Default;Default;Default;10;Default;1;Default;Default;Default;Default;Default;Default;Default;3;"Job-FSVFRZ(Server=True, IterationCount=10, LaunchCount=1, WarmupCount=3)";;1;Workload;Result;4;437161050;67108864;6.51;0;0;0;0
InputEmulationBenchmarks.'Unicode text input (chat message)';RagnaController.Benchmarks;InputEmulationBenchmarks;'Unicode text input (chat message)';Job-FSVFRZ;Default;Default;Default;Default;Default;Default;Default;Default;Default;Default;Default;Default;Default;Default;Default;Default;Default;Default;Default;Default;Default;Default;True;Default;Default;Default;Default;Default;Default;Default;Default;10;Default;1;Default;Default;Default;Default;Default;Default;Default;3;"Job-FSVFRZ(Server=True, IterationCount=10, LaunchCount=1, WarmupCount=3)";;1;Workload;Result;5;655374050;67108864;9.77;0;0;0;0
InputEmulationBenchmarks.'Unicode text input (chat message)';RagnaController.Benchmarks;InputEmulationBenchmarks;'Unicode text input (chat message)';Job-FSVFRZ;Default;Default;Default;Default;Default;Default;Default;Default;Default;Default;Default;Default;Default;Default;Default;Default;Default;Default;Default;Default;Default;Default;True;Default;Default;Default;Default;Default;Default;Default;Default;10;Default;1;Default;Default;Default;Default;Default;Default;Default;3;"Job-FSVFRZ(Server=True, IterationCount=10, LaunchCount=1, WarmupCount=3)";;1;Workload;Result;6;786213050;67108864;11.72;0;0;0;0
InputEmulationBenchmarks.'Unicode text input (chat message)';RagnaController.Benchmarks;InputEmulationBenchmarks;'Unicode text input (chat message)';Job-FSVFRZ;Default;Default;Default;Default;Default;Default;Default;Default;Default;Default;Default;Default;Default;Default;Default;Default;Default;Default;Default;Default;Default;Default;True;Default;Default;Default;Default;Default;Default;Default;Default;10;Default;1;Default;Default;Default;Default;Default;Default;Default;3;"Job-FSVFRZ(Server=True, IterationCount=10, LaunchCount=1, WarmupCount=3)";;1;Workload;Result;7;775257050;67108864;11.55;0;0;0;0
InputEmulationBenchmarks.'Unicode text input (chat message)';RagnaController.Benchmarks;InputEmulationBenchmarks;'Unicode text input (chat message)';Job-FSVFRZ;Default;Default;Default;Default;Default;Default;Default;Default;Default;Default;Default;Default;Default;Default;Default;Default;Default;Default;Default;Default;Default;Default;True;Default;Default;Default;Default;Default;Default;Default;Default;10;Default;1;Default;Default;Default;Default;Default;Default;Default;3;"Job-FSVFRZ(Server=True, IterationCount=10, LaunchCount=1, WarmupCount=3)";;1;Workload;Result;8;775445450;67108864;11.56;0;0;0;0
InputEmulationBenchmarks.'Unicode text input (chat message)';RagnaController.Benchmarks;InputEmulationBenchmarks;'Unicode text input (chat message)';Job-FSVFRZ;Default;Default;Default;Default;Default;Default;Default;Default;Default;Default;Default;Default;Default;Default;Default;Default;Default;Default;Default;Default;Default;Default;True;Default;Default;Default;Default;Default;Default;Default;Default;10;Default;1;Default;Default;Default;Default;Default;Default;Default;3;"Job-FSVFRZ(Server=True, IterationCount=10, LaunchCount=1, WarmupCount=3)";;1;Workload;Result;9;731964350;67108864;10.91;0;0;0;0
InputEmulationBenchmarks.'Unicode text input (chat message)';RagnaController.Benchmarks;InputEmulationBenchmarks;'Unicode text input (chat message)';Job-FSVFRZ;Default;Default;Default;Default;Default;Default;Default;Default;Default;Default;Default;Default;Default;Default;Default;Default;Default;Default;Default;Default;Default;Default;True;Default;Default;Default;Default;Default;Default;Default;Default;10;Default;1;Default;Default;Default;Default;Default;Default;Default;3;"Job-FSVFRZ(Server=True, IterationCount=10, LaunchCount=1, WarmupCount=3)";;1;Workload;Result;10;699522550;67108864;10.42;0;0;0;0
