Target;Target_Namespace;Target_Type;Target_Method;Job_Id;Job_AnalyzeLaunchVariance;Job_EvaluateOverhead;Job_MaxAbsoluteError;Job_MaxRelativeError;Job_MinInvokeCount;Job_MinIterationTime;Job_OutlierMode;Job_Affinity;Job_EnvironmentVariables;Job_Jit;Job_LargeAddressAware;Job_Platform;Job_PowerPlanMode;Job_Runtime;Job_AllowVeryLargeObjects;Job_Concurrent;Job_CpuGroups;Job_Force;Job_HeapAffinitizeMask;Job_HeapCount;Job_NoAffinitize;Job_RetainVm;Job_Server;Job_Arguments;Job_BuildConfiguration;Job_Clock;Job_EngineFactory;Job_NuGetReferences;Job_Toolchain;Job_IsMutator;Job_InvocationCount;Job_IterationCount;Job_IterationTime;Job_LaunchCount;Job_MaxIterationCount;Job_MaxWarmupIterationCount;Job_MemoryRandomization;Job_MinIterationCount;Job_MinWarmupIterationCount;Job_RunStrategy;Job_UnrollFactor;Job_WarmupCount;Job_Display;Params;Measurement_LaunchIndex;Measurement_IterationMode;Measurement_IterationStage;Measurement_IterationIndex;Measurement_Nanoseconds;Measurement_Operations;Measurement_Value;Gen_0;Gen_1;Gen_2;Allocated_Bytes
MemoryAllocationBenchmarks.'Struct allocation (no pooling)';RagnaController.Benchmarks;MemoryAllocationBenchmarks;'Struct allocation (no pooling)';Job-FSVFRZ;Default;Default;Default;Default;Default;Default;Default;Default;Default;Default;Default;Default;Default;Default;Default;Default;Default;Default;Default;Default;Default;Default;True;Default;Default;Default;Default;Default;Default;Default;Default;10;Default;1;Default;Default;Default;Default;Default;Default;Default;3;"Job-FSVFRZ(Server=True, IterationCount=10, LaunchCount=1, WarmupCount=3)";;1;Overhead;Jitting;1;186200;1;186200;9;0;0;376
MemoryAllocationBenchmarks.'Struct allocation (no pooling)';RagnaController.Benchmarks;MemoryAllocationBenchmarks;'Struct allocation (no pooling)';Job-FSVFRZ;Default;Default;Default;Default;Default;Default;Default;Default;Default;Default;Default;Default;Default;Default;Default;Default;Default;Default;Default;Default;Default;Default;True;Default;Default;Default;Default;Default;Default;Default;Default;10;Default;1;Default;Default;Default;Default;Default;Default;Default;3;"Job-FSVFRZ(Server=True, IterationCount=10, LaunchCount=1, WarmupCount=3)";;1;Workload;Jitting;1;44048500;1;44048500;9;0;0;376
MemoryAllocationBenchmarks.'Struct allocation (no pooling)';RagnaController.Benchmarks;MemoryAllocationBenchmarks;'Struct allocation (no pooling)';Job-FSVFRZ;Default;Default;Default;Default;Default;Default;Default;Default;Default;Default;Default;Default;Default;Default;Default;Default;Default;Default;Default;Default;Default;Default;True;Default;Default;Default;Default;Default;Default;Default;Default;10;Default;1;Default;Default;Default;Default;Default;Default;Default;3;"Job-FSVFRZ(Server=True, IterationCount=10, LaunchCount=1, WarmupCount=3)";;1;Workload;Pilot;1;33900;2;16950;9;0;0;376
MemoryAllocationBenchmarks.'Struct allocation (no pooling)';RagnaController.Benchmarks;MemoryAllocationBenchmarks;'Struct allocation (no pooling)';Job-FSVFRZ;Default;Default;Default;Default;Default;Default;Default;Default;Default;Default;Default;Default;Default;Default;Default;Default;Default;Default;Default;Default;Default;Default;True;Default;Default;Default;Default;Default;Default;Default;Default;10;Default;1;Default;Default;Default;Default;Default;Default;Default;3;"Job-FSVFRZ(Server=True, IterationCount=10, LaunchCount=1, WarmupCount=3)";;1;Workload;Pilot;2;10500;3;3500;9;0;0;376
MemoryAllocationBenchmarks.'Struct allocation (no pooling)';RagnaController.Benchmarks;MemoryAllocationBenchmarks;'Struct allocation (no pooling)';Job-FSVFRZ;Default;Default;Default;Default;Default;Default;Default;Default;Default;Default;Default;Default;Default;Default;Default;Default;Default;Default;Default;Default;Default;Default;True;Default;Default;Default;Default;Default;Default;Default;Default;10;Default;1;Default;Default;Default;Default;Default;Default;Default;3;"Job-FSVFRZ(Server=True, IterationCount=10, LaunchCount=1, WarmupCount=3)";;1;Workload;Pilot;3;10800;4;2700;9;0;0;376
MemoryAllocationBenchmarks.'Struct allocation (no pooling)';RagnaController.Benchmarks;MemoryAllocationBenchmarks;'Struct allocation (no pooling)';Job-FSVFRZ;Default;Default;Default;Default;Default;Default;Default;Default;Default;Default;Default;Default;Default;Default;Default;Default;Default;Default;Default;Default;Default;Default;True;Default;Default;Default;Default;Default;Default;Default;Default;10;Default;1;Default;Default;Default;Default;Default;Default;Default;3;"Job-FSVFRZ(Server=True, IterationCount=10, LaunchCount=1, WarmupCount=3)";;1;Workload;Pilot;4;6600;5;1320;9;0;0;376
MemoryAllocationBenchmarks.'Struct allocation (no pooling)';RagnaController.Benchmarks;MemoryAllocationBenchmarks;'Struct allocation (no pooling)';Job-FSVFRZ;Default;Default;Default;Default;Default;Default;Default;Default;Default;Default;Default;Default;Default;Default;Default;Default;Default;Default;Default;Default;Default;Default;True;Default;Default;Default;Default;Default;Default;Default;Default;10;Default;1;Default;Default;Default;Default;Default;Default;Default;3;"Job-FSVFRZ(Server=True, IterationCount=10, LaunchCount=1, WarmupCount=3)";;1;Workload;Pilot;5;8800;6;1466.67;9;0;0;376
MemoryAllocationBenchmarks.'Struct allocation (no pooling)';RagnaController.Benchmarks;MemoryAllocationBenchmarks;'Struct allocation (no pooling)';Job-FSVFRZ;Default;Default;Default;Default;Default;Default;Default;Default;Default;Default;Default;Default;Default;Default;Default;Default;Default;Default;Default;Default;Default;Default;True;Default;Default;Default;Default;Default;Default;Default;Default;10;Default;1;Default;Default;Default;Default;Default;Default;Default;3;"Job-FSVFRZ(Server=True, IterationCount=10, LaunchCount=1, WarmupCount=3)";;1;Workload;Pilot;6;10100;7;1442.86;9;0;0;376
MemoryAllocationBenchmarks.'Struct allocation (no pooling)';RagnaController.Benchmarks;MemoryAllocationBenchmarks;'Struct allocation (no pooling)';Job-FSVFRZ;Default;Default;Default;Default;Default;Default;Default;Default;Default;Default;Default;Default;Default;Default;Default;Default;Default;Default;Default;Default;Default;Default;True;Default;Default;Default;Default;Default;Default;Default;Default;10;Default;1;Default;Default;Default;Default;Default;Default;Default;3;"Job-FSVFRZ(Server=True, IterationCount=10, LaunchCount=1, WarmupCount=3)";;1;Workload;Pilot;7;10000;8;1250;9;0;0;376
MemoryAllocationBenchmarks.'Struct allocation (no pooling)';RagnaController.Benchmarks;MemoryAllocationBenchmarks;'Struct allocation (no pooling)';Job-FSVFRZ;Default;Default;Default;Default;Default;Default;Default;Default;Default;Default;Default;Default;Default;Default;Default;Default;Default;Default;Default;Default;Default;Default;True;Default;Default;Default;Default;Default;Default;Default;Default;10;Default;1;Default;Default;Default;Default;Default;Default;Default;3;"Job-FSVFRZ(Server=True, IterationCount=10, LaunchCount=1, WarmupCount=3)";;1;Workload;Pilot;8;14000;9;1555.56;9;0;0;376
MemoryAllocationBenchmarks.'Struct allocation (no pooling)';RagnaController.Benchmarks;MemoryAllocationBenchmarks;'Struct allocation (no pooling)';Job-FSVFRZ;Default;Default;Default;Default;Default;Default;Default;Default;Default;Default;Default;Default;Default;Default;Default;Default;Default;Default;Default;Default;Default;Default;True;Default;Default;Default;Default;Default;Default;Default;Default;10;Default;1;Default;Default;Default;Default;Default;Default;Default;3;"Job-FSVFRZ(Server=True, IterationCount=10, LaunchCount=1, WarmupCount=3)";;1;Workload;Pilot;9;11400;10;1140;9;0;0;376
MemoryAllocationBenchmarks.'Struct allocation (no pooling)';RagnaController.Benchmarks;MemoryAllocationBenchmarks;'Struct allocation (no pooling)';Job-FSVFRZ;Default;Default;Default;Default;Default;Default;Default;Default;Default;Default;Default;Default;Default;Default;Default;Default;Default;Default;Default;Default;Default;Default;True;Default;Default;Default;Default;Default;Default;Default;Default;10;Default;1;Default;Default;Default;Default;Default;Default;Default;3;"Job-FSVFRZ(Server=True, IterationCount=10, LaunchCount=1, WarmupCount=3)";;1;Workload;Pilot;10;14300;11;1300;9;0;0;376
MemoryAllocationBenchmarks.'Struct allocation (no pooling)';RagnaController.Benchmarks;MemoryAllocationBenchmarks;'Struct allocation (no pooling)';Job-FSVFRZ;Default;Default;Default;Default;Default;Default;Default;Default;Default;Default;Default;Default;Default;Default;Default;Default;Default;Default;Default;Default;Default;Default;True;Default;Default;Default;Default;Default;Default;Default;Default;10;Default;1;Default;Default;Default;Default;Default;Default;Default;3;"Job-FSVFRZ(Server=True, IterationCount=10, LaunchCount=1, WarmupCount=3)";;1;Workload;Pilot;11;12500;12;1041.67;9;0;0;376
MemoryAllocationBenchmarks.'Struct allocation (no pooling)';RagnaController.Benchmarks;MemoryAllocationBenchmarks;'Struct allocation (no pooling)';Job-FSVFRZ;Default;Default;Default;Default;Default;Default;Default;Default;Default;Default;Default;Default;Default;Default;Default;Default;Default;Default;Default;Default;Default;Default;True;Default;Default;Default;Default;Default;Default;Default;Default;10;Default;1;Default;Default;Default;Default;Default;Default;Default;3;"Job-FSVFRZ(Server=True, IterationCount=10, LaunchCount=1, WarmupCount=3)";;1;Workload;Pilot;12;16400;13;1261.54;9;0;0;376
MemoryAllocationBenchmarks.'Struct allocation (no pooling)';RagnaController.Benchmarks;MemoryAllocationBenchmarks;'Struct allocation (no pooling)';Job-FSVFRZ;Default;Default;Default;Default;Default;Default;Default;Default;Default;Default;Default;Default;Default;Default;Default;Default;Default;Default;Default;Default;Default;Default;True;Default;Default;Default;Default;Default;Default;Default;Default;10;Default;1;Default;Default;Default;Default;Default;Default;Default;3;"Job-FSVFRZ(Server=True, IterationCount=10, LaunchCount=1, WarmupCount=3)";;1;Workload;Pilot;13;15400;14;1100;9;0;0;376
MemoryAllocationBenchmarks.'Struct allocation (no pooling)';RagnaController.Benchmarks;MemoryAllocationBenchmarks;'Struct allocation (no pooling)';Job-FSVFRZ;Default;Default;Default;Default;Default;Default;Default;Default;Default;Default;Default;Default;Default;Default;Default;Default;Default;Default;Default;Default;Default;Default;True;Default;Default;Default;Default;Default;Default;Default;Default;10;Default;1;Default;Default;Default;Default;Default;Default;Default;3;"Job-FSVFRZ(Server=True, IterationCount=10, LaunchCount=1, WarmupCount=3)";;1;Workload;Pilot;14;9100;15;606.67;9;0;0;376
MemoryAllocationBenchmarks.'Struct allocation (no pooling)';RagnaController.Benchmarks;MemoryAllocationBenchmarks;'Struct allocation (no pooling)';Job-FSVFRZ;Default;Default;Default;Default;Default;Default;Default;Default;Default;Default;Default;Default;Default;Default;Default;Default;Default;Default;Default;Default;Default;Default;True;Default;Default;Default;Default;Default;Default;Default;Default;10;Default;1;Default;Default;Default;Default;Default;Default;Default;3;"Job-FSVFRZ(Server=True, IterationCount=10, LaunchCount=1, WarmupCount=3)";;1;Workload;Pilot;15;16200;16;1012.5;9;0;0;376
MemoryAllocationBenchmarks.'Struct allocation (no pooling)';RagnaController.Benchmarks;MemoryAllocationBenchmarks;'Struct allocation (no pooling)';Job-FSVFRZ;Default;Default;Default;Default;Default;Default;Default;Default;Default;Default;Default;Default;Default;Default;Default;Default;Default;Default;Default;Default;Default;Default;True;Default;Default;Default;Default;Default;Default;Default;Default;10;Default;1;Default;Default;Default;Default;Default;Default;Default;3;"Job-FSVFRZ(Server=True, IterationCount=10, LaunchCount=1, WarmupCount=3)";;1;Workload;Pilot;16;19800;32;618.75;9;0;0;376
MemoryAllocationBenchmarks.'Struct allocation (no pooling)';RagnaController.Benchmarks;MemoryAllocationBenchmarks;'Struct allocation (no pooling)';Job-FSVFRZ;Default;Default;Default;Default;Default;Default;Default;Default;Default;Default;Default;Default;Default;Default;Default;Default;Default;Default;Default;Default;Default;Default;True;Default;Default;Default;Default;Default;Default;Default;Default;10;Default;1;Default;Default;Default;Default;Default;Default;Default;3;"Job-FSVFRZ(Server=True, IterationCount=10, LaunchCount=1, WarmupCount=3)";;1;Workload;Pilot;17;32100;64;501.56;9;0;0;376
MemoryAllocationBenchmarks.'Struct allocation (no pooling)';RagnaController.Benchmarks;MemoryAllocationBenchmarks;'Struct allocation (no pooling)';Job-FSVFRZ;Default;Default;Default;Default;Default;Default;Default;Default;Default;Default;Default;Default;Default;Default;Default;Default;Default;Default;Default;Default;Default;Default;True;Default;Default;Default;Default;Default;Default;Default;Default;10;Default;1;Default;Default;Default;Default;Default;Default;Default;3;"Job-FSVFRZ(Server=True, IterationCount=10, LaunchCount=1, WarmupCount=3)";;1;Workload;Pilot;18;75500;128;589.84;9;0;0;376
MemoryAllocationBenchmarks.'Struct allocation (no pooling)';RagnaController.Benchmarks;MemoryAllocationBenchmarks;'Struct allocation (no pooling)';Job-FSVFRZ;Default;Default;Default;Default;Default;Default;Default;Default;Default;Default;Default;Default;Default;Default;Default;Default;Default;Default;Default;Default;Default;Default;True;Default;Default;Default;Default;Default;Default;Default;Default;10;Default;1;Default;Default;Default;Default;Default;Default;Default;3;"Job-FSVFRZ(Server=True, IterationCount=10, LaunchCount=1, WarmupCount=3)";;1;Workload;Pilot;19;87200;256;340.63;9;0;0;376
MemoryAllocationBenchmarks.'Struct allocation (no pooling)';RagnaController.Benchmarks;MemoryAllocationBenchmarks;'Struct allocation (no pooling)';Job-FSVFRZ;Default;Default;Default;Default;Default;Default;Default;Default;Default;Default;Default;Default;Default;Default;Default;Default;Default;Default;Default;Default;Default;Default;True;Default;Default;Default;Default;Default;Default;Default;Default;10;Default;1;Default;Default;Default;Default;Default;Default;Default;3;"Job-FSVFRZ(Server=True, IterationCount=10, LaunchCount=1, WarmupCount=3)";;1;Workload;Pilot;20;163500;512;319.34;9;0;0;376
MemoryAllocationBenchmarks.'Struct allocation (no pooling)';RagnaController.Benchmarks;MemoryAllocationBenchmarks;'Struct allocation (no pooling)';Job-FSVFRZ;Default;Default;Default;Default;Default;Default;Default;Default;Default;Default;Default;Default;Default;Default;Default;Default;Default;Default;Default;Default;Default;Default;True;Default;Default;Default;Default;Default;Default;Default;Default;10;Default;1;Default;Default;Default;Default;Default;Default;Default;3;"Job-FSVFRZ(Server=True, IterationCount=10, LaunchCount=1, WarmupCount=3)";;1;Workload;Pilot;21;316900;1024;309.47;9;0;0;376
MemoryAllocationBenchmarks.'Struct allocation (no pooling)';RagnaController.Benchmarks;MemoryAllocationBenchmarks;'Struct allocation (no pooling)';Job-FSVFRZ;Default;Default;Default;Default;Default;Default;Default;Default;Default;Default;Default;Default;Default;Default;Default;Default;Default;Default;Default;Default;Default;Default;True;Default;Default;Default;Default;Default;Default;Default;Default;10;Default;1;Default;Default;Default;Default;Default;Default;Default;3;"Job-FSVFRZ(Server=True, IterationCount=10, LaunchCount=1, WarmupCount=3)";;1;Workload;Pilot;22;620000;2048;302.73;9;0;0;376
MemoryAllocationBenchmarks.'Struct allocation (no pooling)';RagnaController.Benchmarks;MemoryAllocationBenchmarks;'Struct allocation (no pooling)';Job-FSVFRZ;Default;Default;Default;Default;Default;Default;Default;Default;Default;Default;Default;Default;Default;Default;Default;Default;Default;Default;Default;Default;Default;Default;True;Default;Default;Default;Default;Default;Default;Default;Default;10;Default;1;Default;Default;Default;Default;Default;Default;Default;3;"Job-FSVFRZ(Server=True, IterationCount=10, LaunchCount=1, WarmupCount=3)";;1;Workload;Pilot;23;1967100;4096;480.25;9;0;0;376
MemoryAllocationBenchmarks.'Struct allocation (no pooling)';RagnaController.Benchmarks;MemoryAllocationBenchmarks;'Struct allocation (no pooling)';Job-FSVFRZ;Default;Default;Default;Default;Default;Default;Default;Default;Default;Default;Default;Default;Default;Default;Default;Default;Default;Default;Default;Default;Default;Default;True;Default;Default;Default;Default;Default;Default;Default;Default;10;Default;1;Default;Default;Default;Default;Default;Default;Default;3;"Job-FSVFRZ(Server=True, IterationCount=10, LaunchCount=1, WarmupCount=3)";;1;Workload;Pilot;24;2139300;8192;261.15;9;0;0;376
MemoryAllocationBenchmarks.'Struct allocation (no pooling)';RagnaController.Benchmarks;MemoryAllocationBenchmarks;'Struct allocation (no pooling)';Job-FSVFRZ;Default;Default;Default;Default;Default;Default;Default;Default;Default;Default;Default;Default;Default;Default;Default;Default;Default;Default;Default;Default;Default;Default;True;Default;Default;Default;Default;Default;Default;Default;Default;10;Default;1;Default;Default;Default;Default;Default;Default;Default;3;"Job-FSVFRZ(Server=True, IterationCount=10, LaunchCount=1, WarmupCount=3)";;1;Workload;Pilot;25;4450600;16384;271.64;9;0;0;376
MemoryAllocationBenchmarks.'Struct allocation (no pooling)';RagnaController.Benchmarks;MemoryAllocationBenchmarks;'Struct allocation (no pooling)';Job-FSVFRZ;Default;Default;Default;Default;Default;Default;Default;Default;Default;Default;Default;Default;Default;Default;Default;Default;Default;Default;Default;Default;Default;Default;True;Default;Default;Default;Default;Default;Default;Default;Default;10;Default;1;Default;Default;Default;Default;Default;Default;Default;3;"Job-FSVFRZ(Server=True, IterationCount=10, LaunchCount=1, WarmupCount=3)";;1;Workload;Pilot;26;9068300;32768;276.74;9;0;0;376
MemoryAllocationBenchmarks.'Struct allocation (no pooling)';RagnaController.Benchmarks;MemoryAllocationBenchmarks;'Struct allocation (no pooling)';Job-FSVFRZ;Default;Default;Default;Default;Default;Default;Default;Default;Default;Default;Default;Default;Default;Default;Default;Default;Default;Default;Default;Default;Default;Default;True;Default;Default;Default;Default;Default;Default;Default;Default;10;Default;1;Default;Default;Default;Default;Default;Default;Default;3;"Job-FSVFRZ(Server=True, IterationCount=10, LaunchCount=1, WarmupCount=3)";;1;Workload;Pilot;27;17995800;65536;274.59;9;0;0;376
MemoryAllocationBenchmarks.'Struct allocation (no pooling)';RagnaController.Benchmarks;MemoryAllocationBenchmarks;'Struct allocation (no pooling)';Job-FSVFRZ;Default;Default;Default;Default;Default;Default;Default;Default;Default;Default;Default;Default;Default;Default;Default;Default;Default;Default;Default;Default;Default;Default;True;Default;Default;Default;Default;Default;Default;Default;Default;10;Default;1;Default;Default;Default;Default;Default;Default;Default;3;"Job-FSVFRZ(Server=True, IterationCount=10, LaunchCount=1, WarmupCount=3)";;1;Workload;Pilot;28;37406000;131072;285.39;9;0;0;376
MemoryAllocationBenchmarks.'Struct allocation (no pooling)';RagnaController.Benchmarks;MemoryAllocationBenchmarks;'Struct allocation (no pooling)';Job-FSVFRZ;Default;Default;Default;Default;Default;Default;Default;Default;Default;Default;Default;Default;Default;Default;Default;Default;Default;Default;Default;Default;Default;Default;True;Default;Default;Default;Default;Default;Default;Default;Default;10;Default;1;Default;Default;Default;Default;Default;Default;Default;3;"Job-FSVFRZ(Server=True, IterationCount=10, LaunchCount=1, WarmupCount=3)";;1;Workload;Pilot;29;74128300;262144;282.78;9;0;0;376
MemoryAllocationBenchmarks.'Struct allocation (no pooling)';RagnaController.Benchmarks;MemoryAllocationBenchmarks;'Struct allocation (no pooling)';Job-FSVFRZ;Default;Default;Default;Default;Default;Default;Default;Default;Default;Default;Default;Default;Default;Default;Default;Default;Default;Default;Default;Default;Default;Default;True;Default;Default;Default;Default;Default;Default;Default;Default;10;Default;1;Default;Default;Default;Default;Default;Default;Default;3;"Job-FSVFRZ(Server=True, IterationCount=10, LaunchCount=1, WarmupCount=3)";;1;Workload;Pilot;30;183473700;524288;349.95;9;0;0;376
MemoryAllocationBenchmarks.'Struct allocation (no pooling)';RagnaController.Benchmarks;MemoryAllocationBenchmarks;'Struct allocation (no pooling)';Job-FSVFRZ;Default;Default;Default;Default;Default;Default;Default;Default;Default;Default;Default;Default;Default;Default;Default;Default;Default;Default;Default;Default;Default;Default;True;Default;Default;Default;Default;Default;Default;Default;Default;10;Default;1;Default;Default;Default;Default;Default;Default;Default;3;"Job-FSVFRZ(Server=True, IterationCount=10, LaunchCount=1, WarmupCount=3)";;1;Workload;Pilot;31;216627600;1048576;206.59;9;0;0;376
MemoryAllocationBenchmarks.'Struct allocation (no pooling)';RagnaController.Benchmarks;MemoryAllocationBenchmarks;'Struct allocation (no pooling)';Job-FSVFRZ;Default;Default;Default;Default;Default;Default;Default;Default;Default;Default;Default;Default;Default;Default;Default;Default;Default;Default;Default;Default;Default;Default;True;Default;Default;Default;Default;Default;Default;Default;Default;10;Default;1;Default;Default;Default;Default;Default;Default;Default;3;"Job-FSVFRZ(Server=True, IterationCount=10, LaunchCount=1, WarmupCount=3)";;1;Workload;Pilot;32;338630700;2097152;161.47;9;0;0;376
MemoryAllocationBenchmarks.'Struct allocation (no pooling)';RagnaController.Benchmarks;MemoryAllocationBenchmarks;'Struct allocation (no pooling)';Job-FSVFRZ;Default;Default;Default;Default;Default;Default;Default;Default;Default;Default;Default;Default;Default;Default;Default;Default;Default;Default;Default;Default;Default;Default;True;Default;Default;Default;Default;Default;Default;Default;Default;10;Default;1;Default;Default;Default;Default;Default;Default;Default;3;"Job-FSVFRZ(Server=True, IterationCount=10, LaunchCount=1, WarmupCount=3)";;1;Workload;Pilot;33;637365100;4194304;151.96;9;0;0;376
MemoryAllocationBenchmarks.'Struct allocation (no pooling)';RagnaController.Benchmarks;MemoryAllocationBenchmarks;'Struct allocation (no pooling)';Job-FSVFRZ;Default;Default;Default;Default;Default;Default;Default;Default;Default;Default;Default;Default;Default;Default;Default;Default;Default;Default;Default;Default;Default;Default;True;Default;Default;Default;Default;Default;Default;Default;Default;10;Default;1;Default;Default;Default;Default;Default;Default;Default;3;"Job-FSVFRZ(Server=True, IterationCount=10, LaunchCount=1, WarmupCount=3)";;1;Workload;Warmup;1;612014300;4194304;145.92;9;0;0;376
MemoryAllocationBenchmarks.'Struct allocation (no pooling)';RagnaController.Benchmarks;MemoryAllocationBenchmarks;'Struct allocation (no pooling)';Job-FSVFRZ;Default;Default;Default;Default;Default;Default;Default;Default;Default;Default;Default;Default;Default;Default;Default;Default;Default;Default;Default;Default;Default;Default;True;Default;Default;Default;Default;Default;Default;Default;Default;10;Default;1;Default;Default;Default;Default;Default;Default;Default;3;"Job-FSVFRZ(Server=True, IterationCount=10, LaunchCount=1, WarmupCount=3)";;1;Workload;Warmup;2;607180500;4194304;144.76;9;0;0;376
MemoryAllocationBenchmarks.'Struct allocation (no pooling)';RagnaController.Benchmarks;MemoryAllocationBenchmarks;'Struct allocation (no pooling)';Job-FSVFRZ;Default;Default;Default;Default;Default;Default;Default;Default;Default;Default;Default;Default;Default;Default;Default;Default;Default;Default;Default;Default;Default;Default;True;Default;Default;Default;Default;Default;Default;Default;Default;10;Default;1;Default;Default;Default;Default;Default;Default;Default;3;"Job-FSVFRZ(Server=True, IterationCount=10, LaunchCount=1, WarmupCount=3)";;1;Workload;Warmup;3;1013002500;4194304;241.52;9;0;0;376
MemoryAllocationBenchmarks.'Struct allocation (no pooling)';RagnaController.Benchmarks;MemoryAllocationBenchmarks;'Struct allocation (no pooling)';Job-FSVFRZ;Default;Default;Default;Default;Default;Default;Default;Default;Default;Default;Default;Default;Default;Default;Default;Default;Default;Default;Default;Default;Default;Default;True;Default;Default;Default;Default;Default;Default;Default;Default;10;Default;1;Default;Default;Default;Default;Default;Default;Default;3;"Job-FSVFRZ(Server=True, IterationCount=10, LaunchCount=1, WarmupCount=3)";;1;Workload;Actual;1;850666300;4194304;202.81;9;0;0;376
MemoryAllocationBenchmarks.'Struct allocation (no pooling)';RagnaController.Benchmarks;MemoryAllocationBenchmarks;'Struct allocation (no pooling)';Job-FSVFRZ;Default;Default;Default;Default;Default;Default;Default;Default;Default;Default;Default;Default;Default;Default;Default;Default;Default;Default;Default;Default;Default;Default;True;Default;Default;Default;Default;Default;Default;Default;Default;10;Default;1;Default;Default;Default;Default;Default;Default;Default;3;"Job-FSVFRZ(Server=True, IterationCount=10, LaunchCount=1, WarmupCount=3)";;1;Workload;Actual;2;708503100;4194304;168.92;9;0;0;376
MemoryAllocationBenchmarks.'Struct allocation (no pooling)';RagnaController.Benchmarks;MemoryAllocationBenchmarks;'Struct allocation (no pooling)';Job-FSVFRZ;Default;Default;Default;Default;Default;Default;Default;Default;Default;Default;Default;Default;Default;Default;Default;Default;Default;Default;Default;Default;Default;Default;True;Default;Default;Default;Default;Default;Default;Default;Default;10;Default;1;Default;Default;Default;Default;Default;Default;Default;3;"Job-FSVFRZ(Server=True, IterationCount=10, LaunchCount=1, WarmupCount=3)";;1;Workload;Actual;3;688850700;4194304;164.23;9;0;0;376
MemoryAllocationBenchmarks.'Struct allocation (no pooling)';RagnaController.Benchmarks;MemoryAllocationBenchmarks;'Struct allocation (no pooling)';Job-FSVFRZ;Default;Default;Default;Default;Default;Default;Default;Default;Default;Default;Default;Default;Default;Default;Default;Default;Default;Default;Default;Default;Default;Default;True;Default;Default;Default;Default;Default;Default;Default;Default;10;Default;1;Default;Default;Default;Default;Default;Default;Default;3;"Job-FSVFRZ(Server=True, IterationCount=10, LaunchCount=1, WarmupCount=3)";;1;Workload;Actual;4;707399300;4194304;168.66;9;0;0;376
MemoryAllocationBenchmarks.'Struct allocation (no pooling)';RagnaController.Benchmarks;MemoryAllocationBenchmarks;'Struct allocation (no pooling)';Job-FSVFRZ;Default;Default;Default;Default;Default;Default;Default;Default;Default;Default;Default;Default;Default;Default;Default;Default;Default;Default;Default;Default;Default;Default;True;Default;Default;Default;Default;Default;Default;Default;Default;10;Default;1;Default;Default;Default;Default;Default;Default;Default;3;"Job-FSVFRZ(Server=True, IterationCount=10, LaunchCount=1, WarmupCount=3)";;1;Workload;Actual;5;784673200;4194304;187.08;9;0;0;376
MemoryAllocationBenchmarks.'Struct allocation (no pooling)';RagnaController.Benchmarks;MemoryAllocationBenchmarks;'Struct allocation (no pooling)';Job-FSVFRZ;Default;Default;Default;Default;Default;Default;Default;Default;Default;Default;Default;Default;Default;Default;Default;Default;Default;Default;Default;Default;Default;Default;True;Default;Default;Default;Default;Default;Default;Default;Default;10;Default;1;Default;Default;Default;Default;Default;Default;Default;3;"Job-FSVFRZ(Server=True, IterationCount=10, LaunchCount=1, WarmupCount=3)";;1;Workload;Actual;6;711572900;4194304;169.65;9;0;0;376
MemoryAllocationBenchmarks.'Struct allocation (no pooling)';RagnaController.Benchmarks;MemoryAllocationBenchmarks;'Struct allocation (no pooling)';Job-FSVFRZ;Default;Default;Default;Default;Default;Default;Default;Default;Default;Default;Default;Default;Default;Default;Default;Default;Default;Default;Default;Default;Default;Default;True;Default;Default;Default;Default;Default;Default;Default;Default;10;Default;1;Default;Default;Default;Default;Default;Default;Default;3;"Job-FSVFRZ(Server=True, IterationCount=10, LaunchCount=1, WarmupCount=3)";;1;Workload;Actual;7;693264100;4194304;165.29;9;0;0;376
MemoryAllocationBenchmarks.'Struct allocation (no pooling)';RagnaController.Benchmarks;MemoryAllocationBenchmarks;'Struct allocation (no pooling)';Job-FSVFRZ;Default;Default;Default;Default;Default;Default;Default;Default;Default;Default;Default;Default;Default;Default;Default;Default;Default;Default;Default;Default;Default;Default;True;Default;Default;Default;Default;Default;Default;Default;Default;10;Default;1;Default;Default;Default;Default;Default;Default;Default;3;"Job-FSVFRZ(Server=True, IterationCount=10, LaunchCount=1, WarmupCount=3)";;1;Workload;Actual;8;706716300;4194304;168.49;9;0;0;376
MemoryAllocationBenchmarks.'Struct allocation (no pooling)';RagnaController.Benchmarks;MemoryAllocationBenchmarks;'Struct allocation (no pooling)';Job-FSVFRZ;Default;Default;Default;Default;Default;Default;Default;Default;Default;Default;Default;Default;Default;Default;Default;Default;Default;Default;Default;Default;Default;Default;True;Default;Default;Default;Default;Default;Default;Default;Default;10;Default;1;Default;Default;Default;Default;Default;Default;Default;3;"Job-FSVFRZ(Server=True, IterationCount=10, LaunchCount=1, WarmupCount=3)";;1;Workload;Actual;9;696306300;4194304;166.01;9;0;0;376
MemoryAllocationBenchmarks.'Struct allocation (no pooling)';RagnaController.Benchmarks;MemoryAllocationBenchmarks;'Struct allocation (no pooling)';Job-FSVFRZ;Default;Default;Default;Default;Default;Default;Default;Default;Default;Default;Default;Default;Default;Default;Default;Default;Default;Default;Default;Default;Default;Default;True;Default;Default;Default;Default;Default;Default;Default;Default;10;Default;1;Default;Default;Default;Default;Default;Default;Default;3;"Job-FSVFRZ(Server=True, IterationCount=10, LaunchCount=1, WarmupCount=3)";;1;Workload;Actual;10;643705500;4194304;153.47;9;0;0;376
MemoryAllocationBenchmarks.'Struct allocation (no pooling)';RagnaController.Benchmarks;MemoryAllocationBenchmarks;'Struct allocation (no pooling)';Job-FSVFRZ;Default;Default;Default;Default;Default;Default;Default;Default;Default;Default;Default;Default;Default;Default;Default;Default;Default;Default;Default;Default;Default;Default;True;Default;Default;Default;Default;Default;Default;Default;Default;10;Default;1;Default;Default;Default;Default;Default;Default;Default;3;"Job-FSVFRZ(Server=True, IterationCount=10, LaunchCount=1, WarmupCount=3)";;1;Workload;Result;1;708503100;4194304;168.92;9;0;0;376
MemoryAllocationBenchmarks.'Struct allocation (no pooling)';RagnaController.Benchmarks;MemoryAllocationBenchmarks;'Struct allocation (no pooling)';Job-FSVFRZ;Default;Default;Default;Default;Default;Default;Default;Default;Default;Default;Default;Default;Default;Default;Default;Default;Default;Default;Default;Default;Default;Default;True;Default;Default;Default;Default;Default;Default;Default;Default;10;Default;1;Default;Default;Default;Default;Default;Default;Default;3;"Job-FSVFRZ(Server=True, IterationCount=10, LaunchCount=1, WarmupCount=3)";;1;Workload;Result;2;688850700;4194304;164.23;9;0;0;376
MemoryAllocationBenchmarks.'Struct allocation (no pooling)';RagnaController.Benchmarks;MemoryAllocationBenchmarks;'Struct allocation (no pooling)';Job-FSVFRZ;Default;Default;Default;Default;Default;Default;Default;Default;Default;Default;Default;Default;Default;Default;Default;Default;Default;Default;Default;Default;Default;Default;True;Default;Default;Default;Default;Default;Default;Default;Default;10;Default;1;Default;Default;Default;Default;Default;Default;Default;3;"Job-FSVFRZ(Server=True, IterationCount=10, LaunchCount=1, WarmupCount=3)";;1;Workload;Result;3;707399300;4194304;168.66;9;0;0;376
MemoryAllocationBenchmarks.'Struct allocation (no pooling)';RagnaController.Benchmarks;MemoryAllocationBenchmarks;'Struct allocation (no pooling)';Job-FSVFRZ;Default;Default;Default;Default;Default;Default;Default;Default;Default;Default;Default;Default;Default;Default;Default;Default;Default;Default;Default;Default;Default;Default;True;Default;Default;Default;Default;Default;Default;Default;Default;10;Default;1;Default;Default;Default;Default;Default;Default;Default;3;"Job-FSVFRZ(Server=True, IterationCount=10, LaunchCount=1, WarmupCount=3)";;1;Workload;Result;4;711572900;4194304;169.65;9;0;0;376
MemoryAllocationBenchmarks.'Struct allocation (no pooling)';RagnaController.Benchmarks;MemoryAllocationBenchmarks;'Struct allocation (no pooling)';Job-FSVFRZ;Default;Default;Default;Default;Default;Default;Default;Default;Default;Default;Default;Default;Default;Default;Default;Default;Default;Default;Default;Default;Default;Default;True;Default;Default;Default;Default;Default;Default;Default;Default;10;Default;1;Default;Default;Default;Default;Default;Default;Default;3;"Job-FSVFRZ(Server=True, IterationCount=10, LaunchCount=1, WarmupCount=3)";;1;Workload;Result;5;693264100;4194304;165.29;9;0;0;376
MemoryAllocationBenchmarks.'Struct allocation (no pooling)';RagnaController.Benchmarks;MemoryAllocationBenchmarks;'Struct allocation (no pooling)';Job-FSVFRZ;Default;Default;Default;Default;Default;Default;Default;Default;Default;Default;Default;Default;Default;Default;Default;Default;Default;Default;Default;Default;Default;Default;True;Default;Default;Default;Default;Default;Default;Default;Default;10;Default;1;Default;Default;Default;Default;Default;Default;Default;3;"Job-FSVFRZ(Server=True, IterationCount=10, LaunchCount=1, WarmupCount=3)";;1;Workload;Result;6;706716300;4194304;168.49;9;0;0;376
MemoryAllocationBenchmarks.'Struct allocation (no pooling)';RagnaController.Benchmarks;MemoryAllocationBenchmarks;'Struct allocation (no pooling)';Job-FSVFRZ;Default;Default;Default;Default;Default;Default;Default;Default;Default;Default;Default;Default;Default;Default;Default;Default;Default;Default;Default;Default;Default;Default;True;Default;Default;Default;Default;Default;Default;Default;Default;10;Default;1;Default;Default;Default;Default;Default;Default;Default;3;"Job-FSVFRZ(Server=True, IterationCount=10, LaunchCount=1, WarmupCount=3)";;1;Workload;Result;7;696306300;4194304;166.01;9;0;0;376
MemoryAllocationBenchmarks.'Struct allocation (no pooling)';RagnaController.Benchmarks;MemoryAllocationBenchmarks;'Struct allocation (no pooling)';Job-FSVFRZ;Default;Default;Default;Default;Default;Default;Default;Default;Default;Default;Default;Default;Default;Default;Default;Default;Default;Default;Default;Default;Default;Default;True;Default;Default;Default;Default;Default;Default;Default;Default;10;Default;1;Default;Default;Default;Default;Default;Default;Default;3;"Job-FSVFRZ(Server=True, IterationCount=10, LaunchCount=1, WarmupCount=3)";;1;Workload;Result;8;643705500;4194304;153.47;9;0;0;376
MemoryAllocationBenchmarks.'Object pool rent/return';RagnaController.Benchmarks;MemoryAllocationBenchmarks;'Object pool rent/return';Job-FSVFRZ;Default;Default;Default;Default;Default;Default;Default;Default;Default;Default;Default;Default;Default;Default;Default;Default;Default;Default;Default;Default;Default;Default;True;Default;Default;Default;Default;Default;Default;Default;Default;10;Default;1;Default;Default;Default;Default;Default;Default;Default;3;"Job-FSVFRZ(Server=True, IterationCount=10, LaunchCount=1, WarmupCount=3)";;1;Overhead;Jitting;1;111400;1;111400;0;0;0;0
MemoryAllocationBenchmarks.'Object pool rent/return';RagnaController.Benchmarks;MemoryAllocationBenchmarks;'Object pool rent/return';Job-FSVFRZ;Default;Default;Default;Default;Default;Default;Default;Default;Default;Default;Default;Default;Default;Default;Default;Default;Default;Default;Default;Default;Default;Default;True;Default;Default;Default;Default;Default;Default;Default;Default;10;Default;1;Default;Default;Default;Default;Default;Default;Default;3;"Job-FSVFRZ(Server=True, IterationCount=10, LaunchCount=1, WarmupCount=3)";;1;Workload;Jitting;1;36902200;1;36902200;0;0;0;0
MemoryAllocationBenchmarks.'Object pool rent/return';RagnaController.Benchmarks;MemoryAllocationBenchmarks;'Object pool rent/return';Job-FSVFRZ;Default;Default;Default;Default;Default;Default;Default;Default;Default;Default;Default;Default;Default;Default;Default;Default;Default;Default;Default;Default;Default;Default;True;Default;Default;Default;Default;Default;Default;Default;Default;10;Default;1;Default;Default;Default;Default;Default;Default;Default;3;"Job-FSVFRZ(Server=True, IterationCount=10, LaunchCount=1, WarmupCount=3)";;1;Workload;Pilot;1;32400;2;16200;0;0;0;0
MemoryAllocationBenchmarks.'Object pool rent/return';RagnaController.Benchmarks;MemoryAllocationBenchmarks;'Object pool rent/return';Job-FSVFRZ;Default;Default;Default;Default;Default;Default;Default;Default;Default;Default;Default;Default;Default;Default;Default;Default;Default;Default;Default;Default;Default;Default;True;Default;Default;Default;Default;Default;Default;Default;Default;10;Default;1;Default;Default;Default;Default;Default;Default;Default;3;"Job-FSVFRZ(Server=True, IterationCount=10, LaunchCount=1, WarmupCount=3)";;1;Workload;Pilot;2;1700;3;566.67;0;0;0;0
MemoryAllocationBenchmarks.'Object pool rent/return';RagnaController.Benchmarks;MemoryAllocationBenchmarks;'Object pool rent/return';Job-FSVFRZ;Default;Default;Default;Default;Default;Default;Default;Default;Default;Default;Default;Default;Default;Default;Default;Default;Default;Default;Default;Default;Default;Default;True;Default;Default;Default;Default;Default;Default;Default;Default;10;Default;1;Default;Default;Default;Default;Default;Default;Default;3;"Job-FSVFRZ(Server=True, IterationCount=10, LaunchCount=1, WarmupCount=3)";;1;Workload;Pilot;3;1300;4;325;0;0;0;0
MemoryAllocationBenchmarks.'Object pool rent/return';RagnaController.Benchmarks;MemoryAllocationBenchmarks;'Object pool rent/return';Job-FSVFRZ;Default;Default;Default;Default;Default;Default;Default;Default;Default;Default;Default;Default;Default;Default;Default;Default;Default;Default;Default;Default;Default;Default;True;Default;Default;Default;Default;Default;Default;Default;Default;10;Default;1;Default;Default;Default;Default;Default;Default;Default;3;"Job-FSVFRZ(Server=True, IterationCount=10, LaunchCount=1, WarmupCount=3)";;1;Workload;Pilot;4;1500;5;300;0;0;0;0
MemoryAllocationBenchmarks.'Object pool rent/return';RagnaController.Benchmarks;MemoryAllocationBenchmarks;'Object pool rent/return';Job-FSVFRZ;Default;Default;Default;Default;Default;Default;Default;Default;Default;Default;Default;Default;Default;Default;Default;Default;Default;Default;Default;Default;Default;Default;True;Default;Default;Default;Default;Default;Default;Default;Default;10;Default;1;Default;Default;Default;Default;Default;Default;Default;3;"Job-FSVFRZ(Server=True, IterationCount=10, LaunchCount=1, WarmupCount=3)";;1;Workload;Pilot;5;1900;6;316.67;0;0;0;0
MemoryAllocationBenchmarks.'Object pool rent/return';RagnaController.Benchmarks;MemoryAllocationBenchmarks;'Object pool rent/return';Job-FSVFRZ;Default;Default;Default;Default;Default;Default;Default;Default;Default;Default;Default;Default;Default;Default;Default;Default;Default;Default;Default;Default;Default;Default;True;Default;Default;Default;Default;Default;Default;Default;Default;10;Default;1;Default;Default;Default;Default;Default;Default;Default;3;"Job-FSVFRZ(Server=True, IterationCount=10, LaunchCount=1, WarmupCount=3)";;1;Workload;Pilot;6;2000;7;285.71;0;0;0;0
MemoryAllocationBenchmarks.'Object pool rent/return';RagnaController.Benchmarks;MemoryAllocationBenchmarks;'Object pool rent/return';Job-FSVFRZ;Default;Default;Default;Default;Default;Default;Default;Default;Default;Default;Default;Default;Default;Default;Default;Default;Default;Default;Default;Default;Default;Default;True;Default;Default;Default;Default;Default;Default;Default;Default;10;Default;1;Default;Default;Default;Default;Default;Default;Default;3;"Job-FSVFRZ(Server=True, IterationCount=10, LaunchCount=1, WarmupCount=3)";;1;Workload;Pilot;7;2000;8;250;0;0;0;0
MemoryAllocationBenchmarks.'Object pool rent/return';RagnaController.Benchmarks;MemoryAllocationBenchmarks;'Object pool rent/return';Job-FSVFRZ;Default;Default;Default;Default;Default;Default;Default;Default;Default;Default;Default;Default;Default;Default;Default;Default;Default;Default;Default;Default;Default;Default;True;Default;Default;Default;Default;Default;Default;Default;Default;10;Default;1;Default;Default;Default;Default;Default;Default;Default;3;"Job-FSVFRZ(Server=True, IterationCount=10, LaunchCount=1, WarmupCount=3)";;1;Workload;Pilot;8;1800;9;200;0;0;0;0
MemoryAllocationBenchmarks.'Object pool rent/return';RagnaController.Benchmarks;MemoryAllocationBenchmarks;'Object pool rent/return';Job-FSVFRZ;Default;Default;Default;Default;Default;Default;Default;Default;Default;Default;Default;Default;Default;Default;Default;Default;Default;Default;Default;Default;Default;Default;True;Default;Default;Default;Default;Default;Default;Default;Default;10;Default;1;Default;Default;Default;Default;Default;Default;Default;3;"Job-FSVFRZ(Server=True, IterationCount=10, LaunchCount=1, WarmupCount=3)";;1;Workload;Pilot;9;2300;10;230;0;0;0;0
MemoryAllocationBenchmarks.'Object pool rent/return';RagnaController.Benchmarks;MemoryAllocationBenchmarks;'Object pool rent/return';Job-FSVFRZ;Default;Default;Default;Default;Default;Default;Default;Default;Default;Default;Default;Default;Default;Default;Default;Default;Default;Default;Default;Default;Default;Default;True;Default;Default;Default;Default;Default;Default;Default;Default;10;Default;1;Default;Default;Default;Default;Default;Default;Default;3;"Job-FSVFRZ(Server=True, IterationCount=10, LaunchCount=1, WarmupCount=3)";;1;Workload;Pilot;10;2300;11;209.09;0;0;0;0
MemoryAllocationBenchmarks.'Object pool rent/return';RagnaController.Benchmarks;MemoryAllocationBenchmarks;'Object pool rent/return';Job-FSVFRZ;Default;Default;Default;Default;Default;Default;Default;Default;Default;Default;Default;Default;Default;Default;Default;Default;Default;Default;Default;Default;Default;Default;True;Default;Default;Default;Default;Default;Default;Default;Default;10;Default;1;Default;Default;Default;Default;Default;Default;Default;3;"Job-FSVFRZ(Server=True, IterationCount=10, LaunchCount=1, WarmupCount=3)";;1;Workload;Pilot;11;2400;12;200;0;0;0;0
MemoryAllocationBenchmarks.'Object pool rent/return';RagnaController.Benchmarks;MemoryAllocationBenchmarks;'Object pool rent/return';Job-FSVFRZ;Default;Default;Default;Default;Default;Default;Default;Default;Default;Default;Default;Default;Default;Default;Default;Default;Default;Default;Default;Default;Default;Default;True;Default;Default;Default;Default;Default;Default;Default;Default;10;Default;1;Default;Default;Default;Default;Default;Default;Default;3;"Job-FSVFRZ(Server=True, IterationCount=10, LaunchCount=1, WarmupCount=3)";;1;Workload;Pilot;12;2100;13;161.54;0;0;0;0
MemoryAllocationBenchmarks.'Object pool rent/return';RagnaController.Benchmarks;MemoryAllocationBenchmarks;'Object pool rent/return';Job-FSVFRZ;Default;Default;Default;Default;Default;Default;Default;Default;Default;Default;Default;Default;Default;Default;Default;Default;Default;Default;Default;Default;Default;Default;True;Default;Default;Default;Default;Default;Default;Default;Default;10;Default;1;Default;Default;Default;Default;Default;Default;Default;3;"Job-FSVFRZ(Server=True, IterationCount=10, LaunchCount=1, WarmupCount=3)";;1;Workload;Pilot;13;2500;14;178.57;0;0;0;0
MemoryAllocationBenchmarks.'Object pool rent/return';RagnaController.Benchmarks;MemoryAllocationBenchmarks;'Object pool rent/return';Job-FSVFRZ;Default;Default;Default;Default;Default;Default;Default;Default;Default;Default;Default;Default;Default;Default;Default;Default;Default;Default;Default;Default;Default;Default;True;Default;Default;Default;Default;Default;Default;Default;Default;10;Default;1;Default;Default;Default;Default;Default;Default;Default;3;"Job-FSVFRZ(Server=True, IterationCount=10, LaunchCount=1, WarmupCount=3)";;1;Workload;Pilot;14;2300;15;153.33;0;0;0;0
MemoryAllocationBenchmarks.'Object pool rent/return';RagnaController.Benchmarks;MemoryAllocationBenchmarks;'Object pool rent/return';Job-FSVFRZ;Default;Default;Default;Default;Default;Default;Default;Default;Default;Default;Default;Default;Default;Default;Default;Default;Default;Default;Default;Default;Default;Default;True;Default;Default;Default;Default;Default;Default;Default;Default;10;Default;1;Default;Default;Default;Default;Default;Default;Default;3;"Job-FSVFRZ(Server=True, IterationCount=10, LaunchCount=1, WarmupCount=3)";;1;Workload;Pilot;15;2700;16;168.75;0;0;0;0
MemoryAllocationBenchmarks.'Object pool rent/return';RagnaController.Benchmarks;MemoryAllocationBenchmarks;'Object pool rent/return';Job-FSVFRZ;Default;Default;Default;Default;Default;Default;Default;Default;Default;Default;Default;Default;Default;Default;Default;Default;Default;Default;Default;Default;Default;Default;True;Default;Default;Default;Default;Default;Default;Default;Default;10;Default;1;Default;Default;Default;Default;Default;Default;Default;3;"Job-FSVFRZ(Server=True, IterationCount=10, LaunchCount=1, WarmupCount=3)";;1;Workload;Pilot;16;3600;32;112.5;0;0;0;0
MemoryAllocationBenchmarks.'Object pool rent/return';RagnaController.Benchmarks;MemoryAllocationBenchmarks;'Object pool rent/return';Job-FSVFRZ;Default;Default;Default;Default;Default;Default;Default;Default;Default;Default;Default;Default;Default;Default;Default;Default;Default;Default;Default;Default;Default;Default;True;Default;Default;Default;Default;Default;Default;Default;Default;10;Default;1;Default;Default;Default;Default;Default;Default;Default;3;"Job-FSVFRZ(Server=True, IterationCount=10, LaunchCount=1, WarmupCount=3)";;1;Workload;Pilot;17;5600;64;87.5;0;0;0;0
MemoryAllocationBenchmarks.'Object pool rent/return';RagnaController.Benchmarks;MemoryAllocationBenchmarks;'Object pool rent/return';Job-FSVFRZ;Default;Default;Default;Default;Default;Default;Default;Default;Default;Default;Default;Default;Default;Default;Default;Default;Default;Default;Default;Default;Default;Default;True;Default;Default;Default;Default;Default;Default;Default;Default;10;Default;1;Default;Default;Default;Default;Default;Default;Default;3;"Job-FSVFRZ(Server=True, IterationCount=10, LaunchCount=1, WarmupCount=3)";;1;Workload;Pilot;18;10200;128;79.69;0;0;0;0
MemoryAllocationBenchmarks.'Object pool rent/return';RagnaController.Benchmarks;MemoryAllocationBenchmarks;'Object pool rent/return';Job-FSVFRZ;Default;Default;Default;Default;Default;Default;Default;Default;Default;Default;Default;Default;Default;Default;Default;Default;Default;Default;Default;Default;Default;Default;True;Default;Default;Default;Default;Default;Default;Default;Default;10;Default;1;Default;Default;Default;Default;Default;Default;Default;3;"Job-FSVFRZ(Server=True, IterationCount=10, LaunchCount=1, WarmupCount=3)";;1;Workload;Pilot;19;18300;256;71.48;0;0;0;0
MemoryAllocationBenchmarks.'Object pool rent/return';RagnaController.Benchmarks;MemoryAllocationBenchmarks;'Object pool rent/return';Job-FSVFRZ;Default;Default;Default;Default;Default;Default;Default;Default;Default;Default;Default;Default;Default;Default;Default;Default;Default;Default;Default;Default;Default;Default;True;Default;Default;Default;Default;Default;Default;Default;Default;10;Default;1;Default;Default;Default;Default;Default;Default;Default;3;"Job-FSVFRZ(Server=True, IterationCount=10, LaunchCount=1, WarmupCount=3)";;1;Workload;Pilot;20;37600;512;73.44;0;0;0;0
MemoryAllocationBenchmarks.'Object pool rent/return';RagnaController.Benchmarks;MemoryAllocationBenchmarks;'Object pool rent/return';Job-FSVFRZ;Default;Default;Default;Default;Default;Default;Default;Default;Default;Default;Default;Default;Default;Default;Default;Default;Default;Default;Default;Default;Default;Default;True;Default;Default;Default;Default;Default;Default;Default;Default;10;Default;1;Default;Default;Default;Default;Default;Default;Default;3;"Job-FSVFRZ(Server=True, IterationCount=10, LaunchCount=1, WarmupCount=3)";;1;Workload;Pilot;21;65200;1024;63.67;0;0;0;0
MemoryAllocationBenchmarks.'Object pool rent/return';RagnaController.Benchmarks;MemoryAllocationBenchmarks;'Object pool rent/return';Job-FSVFRZ;Default;Default;Default;Default;Default;Default;Default;Default;Default;Default;Default;Default;Default;Default;Default;Default;Default;Default;Default;Default;Default;Default;True;Default;Default;Default;Default;Default;Default;Default;Default;10;Default;1;Default;Default;Default;Default;Default;Default;Default;3;"Job-FSVFRZ(Server=True, IterationCount=10, LaunchCount=1, WarmupCount=3)";;1;Workload;Pilot;22;125800;2048;61.43;0;0;0;0
MemoryAllocationBenchmarks.'Object pool rent/return';RagnaController.Benchmarks;MemoryAllocationBenchmarks;'Object pool rent/return';Job-FSVFRZ;Default;Default;Default;Default;Default;Default;Default;Default;Default;Default;Default;Default;Default;Default;Default;Default;Default;Default;Default;Default;Default;Default;True;Default;Default;Default;Default;Default;Default;Default;Default;10;Default;1;Default;Default;Default;Default;Default;Default;Default;3;"Job-FSVFRZ(Server=True, IterationCount=10, LaunchCount=1, WarmupCount=3)";;1;Workload;Pilot;23;239600;4096;58.5;0;0;0;0
MemoryAllocationBenchmarks.'Object pool rent/return';RagnaController.Benchmarks;MemoryAllocationBenchmarks;'Object pool rent/return';Job-FSVFRZ;Default;Default;Default;Default;Default;Default;Default;Default;Default;Default;Default;Default;Default;Default;Default;Default;Default;Default;Default;Default;Default;Default;True;Default;Default;Default;Default;Default;Default;Default;Default;10;Default;1;Default;Default;Default;Default;Default;Default;Default;3;"Job-FSVFRZ(Server=True, IterationCount=10, LaunchCount=1, WarmupCount=3)";;1;Workload;Pilot;24;563700;8192;68.81;0;0;0;0
MemoryAllocationBenchmarks.'Object pool rent/return';RagnaController.Benchmarks;MemoryAllocationBenchmarks;'Object pool rent/return';Job-FSVFRZ;Default;Default;Default;Default;Default;Default;Default;Default;Default;Default;Default;Default;Default;Default;Default;Default;Default;Default;Default;Default;Default;Default;True;Default;Default;Default;Default;Default;Default;Default;Default;10;Default;1;Default;Default;Default;Default;Default;Default;Default;3;"Job-FSVFRZ(Server=True, IterationCount=10, LaunchCount=1, WarmupCount=3)";;1;Workload;Pilot;25;997400;16384;60.88;0;0;0;0
MemoryAllocationBenchmarks.'Object pool rent/return';RagnaController.Benchmarks;MemoryAllocationBenchmarks;'Object pool rent/return';Job-FSVFRZ;Default;Default;Default;Default;Default;Default;Default;Default;Default;Default;Default;Default;Default;Default;Default;Default;Default;Default;Default;Default;Default;Default;True;Default;Default;Default;Default;Default;Default;Default;Default;10;Default;1;Default;Default;Default;Default;Default;Default;Default;3;"Job-FSVFRZ(Server=True, IterationCount=10, LaunchCount=1, WarmupCount=3)";;1;Workload;Pilot;26;2017800;32768;61.58;0;0;0;0
MemoryAllocationBenchmarks.'Object pool rent/return';RagnaController.Benchmarks;MemoryAllocationBenchmarks;'Object pool rent/return';Job-FSVFRZ;Default;Default;Default;Default;Default;Default;Default;Default;Default;Default;Default;Default;Default;Default;Default;Default;Default;Default;Default;Default;Default;Default;True;Default;Default;Default;Default;Default;Default;Default;Default;10;Default;1;Default;Default;Default;Default;Default;Default;Default;3;"Job-FSVFRZ(Server=True, IterationCount=10, LaunchCount=1, WarmupCount=3)";;1;Workload;Pilot;27;4320800;65536;65.93;0;0;0;0
MemoryAllocationBenchmarks.'Object pool rent/return';RagnaController.Benchmarks;MemoryAllocationBenchmarks;'Object pool rent/return';Job-FSVFRZ;Default;Default;Default;Default;Default;Default;Default;Default;Default;Default;Default;Default;Default;Default;Default;Default;Default;Default;Default;Default;Default;Default;True;Default;Default;Default;Default;Default;Default;Default;Default;10;Default;1;Default;Default;Default;Default;Default;Default;Default;3;"Job-FSVFRZ(Server=True, IterationCount=10, LaunchCount=1, WarmupCount=3)";;1;Workload;Pilot;28;7791000;131072;59.44;0;0;0;0
MemoryAllocationBenchmarks.'Object pool rent/return';RagnaController.Benchmarks;MemoryAllocationBenchmarks;'Object pool rent/return';Job-FSVFRZ;Default;Default;Default;Default;Default;Default;Default;Default;Default;Default;Default;Default;Default;Default;Default;Default;Default;Default;Default;Default;Default;Default;True;Default;Default;Default;Default;Default;Default;Default;Default;10;Default;1;Default;Default;Default;Default;Default;Default;Default;3;"Job-FSVFRZ(Server=True, IterationCount=10, LaunchCount=1, WarmupCount=3)";;1;Workload;Pilot;29;17918800;262144;68.35;0;0;0;0
MemoryAllocationBenchmarks.'Object pool rent/return';RagnaController.Benchmarks;MemoryAllocationBenchmarks;'Object pool rent/return';Job-FSVFRZ;Default;Default;Default;Default;Default;Default;Default;Default;Default;Default;Default;Default;Default;Default;Default;Default;Default;Default;Default;Default;Default;Default;True;Default;Default;Default;Default;Default;Default;Default;Default;10;Default;1;Default;Default;Default;Default;Default;Default;Default;3;"Job-FSVFRZ(Server=True, IterationCount=10, LaunchCount=1, WarmupCount=3)";;1;Workload;Pilot;30;34870300;524288;66.51;0;0;0;0
MemoryAllocationBenchmarks.'Object pool rent/return';RagnaController.Benchmarks;MemoryAllocationBenchmarks;'Object pool rent/return';Job-FSVFRZ;Default;Default;Default;Default;Default;Default;Default;Default;Default;Default;Default;Default;Default;Default;Default;Default;Default;Default;Default;Default;Default;Default;True;Default;Default;Default;Default;Default;Default;Default;Default;10;Default;1;Default;Default;Default;Default;Default;Default;Default;3;"Job-FSVFRZ(Server=True, IterationCount=10, LaunchCount=1, WarmupCount=3)";;1;Workload;Pilot;31;61172200;1048576;58.34;0;0;0;0
MemoryAllocationBenchmarks.'Object pool rent/return';RagnaController.Benchmarks;MemoryAllocationBenchmarks;'Object pool rent/return';Job-FSVFRZ;Default;Default;Default;Default;Default;Default;Default;Default;Default;Default;Default;Default;Default;Default;Default;Default;Default;Default;Default;Default;Default;Default;True;Default;Default;Default;Default;Default;Default;Default;Default;10;Default;1;Default;Default;Default;Default;Default;Default;Default;3;"Job-FSVFRZ(Server=True, IterationCount=10, LaunchCount=1, WarmupCount=3)";;1;Workload;Pilot;32;99543600;2097152;47.47;0;0;0;0
MemoryAllocationBenchmarks.'Object pool rent/return';RagnaController.Benchmarks;MemoryAllocationBenchmarks;'Object pool rent/return';Job-FSVFRZ;Default;Default;Default;Default;Default;Default;Default;Default;Default;Default;Default;Default;Default;Default;Default;Default;Default;Default;Default;Default;Default;Default;True;Default;Default;Default;Default;Default;Default;Default;Default;10;Default;1;Default;Default;Default;Default;Default;Default;Default;3;"Job-FSVFRZ(Server=True, IterationCount=10, LaunchCount=1, WarmupCount=3)";;1;Workload;Pilot;33;201379800;4194304;48.01;0;0;0;0
MemoryAllocationBenchmarks.'Object pool rent/return';RagnaController.Benchmarks;MemoryAllocationBenchmarks;'Object pool rent/return';Job-FSVFRZ;Default;Default;Default;Default;Default;Default;Default;Default;Default;Default;Default;Default;Default;Default;Default;Default;Default;Default;Default;Default;Default;Default;True;Default;Default;Default;Default;Default;Default;Default;Default;10;Default;1;Default;Default;Default;Default;Default;Default;Default;3;"Job-FSVFRZ(Server=True, IterationCount=10, LaunchCount=1, WarmupCount=3)";;1;Workload;Pilot;34;402190000;8388608;47.94;0;0;0;0
MemoryAllocationBenchmarks.'Object pool rent/return';RagnaController.Benchmarks;MemoryAllocationBenchmarks;'Object pool rent/return';Job-FSVFRZ;Default;Default;Default;Default;Default;Default;Default;Default;Default;Default;Default;Default;Default;Default;Default;Default;Default;Default;Default;Default;Default;Default;True;Default;Default;Default;Default;Default;Default;Default;Default;10;Default;1;Default;Default;Default;Default;Default;Default;Default;3;"Job-FSVFRZ(Server=True, IterationCount=10, LaunchCount=1, WarmupCount=3)";;1;Workload;Pilot;35;732082800;16777216;43.64;0;0;0;0
MemoryAllocationBenchmarks.'Object pool rent/return';RagnaController.Benchmarks;MemoryAllocationBenchmarks;'Object pool rent/return';Job-FSVFRZ;Default;Default;Default;Default;Default;Default;Default;Default;Default;Default;Default;Default;Default;Default;Default;Default;Default;Default;Default;Default;Default;Default;True;Default;Default;Default;Default;Default;Default;Default;Default;10;Default;1;Default;Default;Default;Default;Default;Default;Default;3;"Job-FSVFRZ(Server=True, IterationCount=10, LaunchCount=1, WarmupCount=3)";;1;Workload;Warmup;1;726304800;16777216;43.29;0;0;0;0
MemoryAllocationBenchmarks.'Object pool rent/return';RagnaController.Benchmarks;MemoryAllocationBenchmarks;'Object pool rent/return';Job-FSVFRZ;Default;Default;Default;Default;Default;Default;Default;Default;Default;Default;Default;Default;Default;Default;Default;Default;Default;Default;Default;Default;Default;Default;True;Default;Default;Default;Default;Default;Default;Default;Default;10;Default;1;Default;Default;Default;Default;Default;Default;Default;3;"Job-FSVFRZ(Server=True, IterationCount=10, LaunchCount=1, WarmupCount=3)";;1;Workload;Warmup;2;767798300;16777216;45.76;0;0;0;0
MemoryAllocationBenchmarks.'Object pool rent/return';RagnaController.Benchmarks;MemoryAllocationBenchmarks;'Object pool rent/return';Job-FSVFRZ;Default;Default;Default;Default;Default;Default;Default;Default;Default;Default;Default;Default;Default;Default;Default;Default;Default;Default;Default;Default;Default;Default;True;Default;Default;Default;Default;Default;Default;Default;Default;10;Default;1;Default;Default;Default;Default;Default;Default;Default;3;"Job-FSVFRZ(Server=True, IterationCount=10, LaunchCount=1, WarmupCount=3)";;1;Workload;Warmup;3;893757700;16777216;53.27;0;0;0;0
MemoryAllocationBenchmarks.'Object pool rent/return';RagnaController.Benchmarks;MemoryAllocationBenchmarks;'Object pool rent/return';Job-FSVFRZ;Default;Default;Default;Default;Default;Default;Default;Default;Default;Default;Default;Default;Default;Default;Default;Default;Default;Default;Default;Default;Default;Default;True;Default;Default;Default;Default;Default;Default;Default;Default;10;Default;1;Default;Default;Default;Default;Default;Default;Default;3;"Job-FSVFRZ(Server=True, IterationCount=10, LaunchCount=1, WarmupCount=3)";;1;Workload;Actual;1;915121300;16777216;54.55;0;0;0;0
MemoryAllocationBenchmarks.'Object pool rent/return';RagnaController.Benchmarks;MemoryAllocationBenchmarks;'Object pool rent/return';Job-FSVFRZ;Default;Default;Default;Default;Default;Default;Default;Default;Default;Default;Default;Default;Default;Default;Default;Default;Default;Default;Default;Default;Default;Default;True;Default;Default;Default;Default;Default;Default;Default;Default;10;Default;1;Default;Default;Default;Default;Default;Default;Default;3;"Job-FSVFRZ(Server=True, IterationCount=10, LaunchCount=1, WarmupCount=3)";;1;Workload;Actual;2;859929200;16777216;51.26;0;0;0;0
MemoryAllocationBenchmarks.'Object pool rent/return';RagnaController.Benchmarks;MemoryAllocationBenchmarks;'Object pool rent/return';Job-FSVFRZ;Default;Default;Default;Default;Default;Default;Default;Default;Default;Default;Default;Default;Default;Default;Default;Default;Default;Default;Default;Default;Default;Default;True;Default;Default;Default;Default;Default;Default;Default;Default;10;Default;1;Default;Default;Default;Default;Default;Default;Default;3;"Job-FSVFRZ(Server=True, IterationCount=10, LaunchCount=1, WarmupCount=3)";;1;Workload;Actual;3;842570600;16777216;50.22;0;0;0;0
MemoryAllocationBenchmarks.'Object pool rent/return';RagnaController.Benchmarks;MemoryAllocationBenchmarks;'Object pool rent/return';Job-FSVFRZ;Default;Default;Default;Default;Default;Default;Default;Default;Default;Default;Default;Default;Default;Default;Default;Default;Default;Default;Default;Default;Default;Default;True;Default;Default;Default;Default;Default;Default;Default;Default;10;Default;1;Default;Default;Default;Default;Default;Default;Default;3;"Job-FSVFRZ(Server=True, IterationCount=10, LaunchCount=1, WarmupCount=3)";;1;Workload;Actual;4;791521700;16777216;47.18;0;0;0;0
MemoryAllocationBenchmarks.'Object pool rent/return';RagnaController.Benchmarks;MemoryAllocationBenchmarks;'Object pool rent/return';Job-FSVFRZ;Default;Default;Default;Default;Default;Default;Default;Default;Default;Default;Default;Default;Default;Default;Default;Default;Default;Default;Default;Default;Default;Default;True;Default;Default;Default;Default;Default;Default;Default;Default;10;Default;1;Default;Default;Default;Default;Default;Default;Default;3;"Job-FSVFRZ(Server=True, IterationCount=10, LaunchCount=1, WarmupCount=3)";;1;Workload;Actual;5;845945000;16777216;50.42;0;0;0;0
MemoryAllocationBenchmarks.'Object pool rent/return';RagnaController.Benchmarks;MemoryAllocationBenchmarks;'Object pool rent/return';Job-FSVFRZ;Default;Default;Default;Default;Default;Default;Default;Default;Default;Default;Default;Default;Default;Default;Default;Default;Default;Default;Default;Default;Default;Default;True;Default;Default;Default;Default;Default;Default;Default;Default;10;Default;1;Default;Default;Default;Default;Default;Default;Default;3;"Job-FSVFRZ(Server=True, IterationCount=10, LaunchCount=1, WarmupCount=3)";;1;Workload;Actual;6;809251300;16777216;48.24;0;0;0;0
MemoryAllocationBenchmarks.'Object pool rent/return';RagnaController.Benchmarks;MemoryAllocationBenchmarks;'Object pool rent/return';Job-FSVFRZ;Default;Default;Default;Default;Default;Default;Default;Default;Default;Default;Default;Default;Default;Default;Default;Default;Default;Default;Default;Default;Default;Default;True;Default;Default;Default;Default;Default;Default;Default;Default;10;Default;1;Default;Default;Default;Default;Default;Default;Default;3;"Job-FSVFRZ(Server=True, IterationCount=10, LaunchCount=1, WarmupCount=3)";;1;Workload;Actual;7;865194600;16777216;51.57;0;0;0;0
MemoryAllocationBenchmarks.'Object pool rent/return';RagnaController.Benchmarks;MemoryAllocationBenchmarks;'Object pool rent/return';Job-FSVFRZ;Default;Default;Default;Default;Default;Default;Default;Default;Default;Default;Default;Default;Default;Default;Default;Default;Default;Default;Default;Default;Default;Default;True;Default;Default;Default;Default;Default;Default;Default;Default;10;Default;1;Default;Default;Default;Default;Default;Default;Default;3;"Job-FSVFRZ(Server=True, IterationCount=10, LaunchCount=1, WarmupCount=3)";;1;Workload;Actual;8;875637100;16777216;52.19;0;0;0;0
MemoryAllocationBenchmarks.'Object pool rent/return';RagnaController.Benchmarks;MemoryAllocationBenchmarks;'Object pool rent/return';Job-FSVFRZ;Default;Default;Default;Default;Default;Default;Default;Default;Default;Default;Default;Default;Default;Default;Default;Default;Default;Default;Default;Default;Default;Default;True;Default;Default;Default;Default;Default;Default;Default;Default;10;Default;1;Default;Default;Default;Default;Default;Default;Default;3;"Job-FSVFRZ(Server=True, IterationCount=10, LaunchCount=1, WarmupCount=3)";;1;Workload;Actual;9;877866400;16777216;52.32;0;0;0;0
MemoryAllocationBenchmarks.'Object pool rent/return';RagnaController.Benchmarks;MemoryAllocationBenchmarks;'Object pool rent/return';Job-FSVFRZ;Default;Default;Default;Default;Default;Default;Default;Default;Default;Default;Default;Default;Default;Default;Default;Default;Default;Default;Default;Default;Default;Default;True;Default;Default;Default;Default;Default;Default;Default;Default;10;Default;1;Default;Default;Default;Default;Default;Default;Default;3;"Job-FSVFRZ(Server=True, IterationCount=10, LaunchCount=1, WarmupCount=3)";;1;Workload;Actual;10;868747400;16777216;51.78;0;0;0;0
MemoryAllocationBenchmarks.'Object pool rent/return';RagnaController.Benchmarks;MemoryAllocationBenchmarks;'Object pool rent/return';Job-FSVFRZ;Default;Default;Default;Default;Default;Default;Default;Default;Default;Default;Default;Default;Default;Default;Default;Default;Default;Default;Default;Default;Default;Default;True;Default;Default;Default;Default;Default;Default;Default;Default;10;Default;1;Default;Default;Default;Default;Default;Default;Default;3;"Job-FSVFRZ(Server=True, IterationCount=10, LaunchCount=1, WarmupCount=3)";;1;Workload;Result;1;915121300;16777216;54.55;0;0;0;0
MemoryAllocationBenchmarks.'Object pool rent/return';RagnaController.Benchmarks;MemoryAllocationBenchmarks;'Object pool rent/return';Job-FSVFRZ;Default;Default;Default;Default;Default;Default;Default;Default;Default;Default;Default;Default;Default;Default;Default;Default;Default;Default;Default;Default;Default;Default;True;Default;Default;Default;Default;Default;Default;Default;Default;10;Default;1;Default;Default;Default;Default;Default;Default;Default;3;"Job-FSVFRZ(Server=True, IterationCount=10, LaunchCount=1, WarmupCount=3)";;1;Workload;Result;2;859929200;16777216;51.26;0;0;0;0
MemoryAllocationBenchmarks.'Object pool rent/return';RagnaController.Benchmarks;MemoryAllocationBenchmarks;'Object pool rent/return';Job-FSVFRZ;Default;Default;Default;Default;Default;Default;Default;Default;Default;Default;Default;Default;Default;Default;Default;Default;Default;Default;Default;Default;Default;Default;True;Default;Default;Default;Default;Default;Default;Default;Default;10;Default;1;Default;Default;Default;Default;Default;Default;Default;3;"Job-FSVFRZ(Server=True, IterationCount=10, LaunchCount=1, WarmupCount=3)";;1;Workload;Result;3;842570600;16777216;50.22;0;0;0;0
MemoryAllocationBenchmarks.'Object pool rent/return';RagnaController.Benchmarks;MemoryAllocationBenchmarks;'Object pool rent/return';Job-FSVFRZ;Default;Default;Default;Default;Default;Default;Default;Default;Default;Default;Default;Default;Default;Default;Default;Default;Default;Default;Default;Default;Default;Default;True;Default;Default;Default;Default;Default;Default;Default;Default;10;Default;1;Default;Default;Default;Default;Default;Default;Default;3;"Job-FSVFRZ(Server=True, IterationCount=10, LaunchCount=1, WarmupCount=3)";;1;Workload;Result;4;791521700;16777216;47.18;0;0;0;0
MemoryAllocationBenchmarks.'Object pool rent/return';RagnaController.Benchmarks;MemoryAllocationBenchmarks;'Object pool rent/return';Job-FSVFRZ;Default;Default;Default;Default;Default;Default;Default;Default;Default;Default;Default;Default;Default;Default;Default;Default;Default;Default;Default;Default;Default;Default;True;Default;Default;Default;Default;Default;Default;Default;Default;10;Default;1;Default;Default;Default;Default;Default;Default;Default;3;"Job-FSVFRZ(Server=True, IterationCount=10, LaunchCount=1, WarmupCount=3)";;1;Workload;Result;5;845945000;16777216;50.42;0;0;0;0
MemoryAllocationBenchmarks.'Object pool rent/return';RagnaController.Benchmarks;MemoryAllocationBenchmarks;'Object pool rent/return';Job-FSVFRZ;Default;Default;Default;Default;Default;Default;Default;Default;Default;Default;Default;Default;Default;Default;Default;Default;Default;Default;Default;Default;Default;Default;True;Default;Default;Default;Default;Default;Default;Default;Default;10;Default;1;Default;Default;Default;Default;Default;Default;Default;3;"Job-FSVFRZ(Server=True, IterationCount=10, LaunchCount=1, WarmupCount=3)";;1;Workload;Result;6;809251300;16777216;48.24;0;0;0;0
MemoryAllocationBenchmarks.'Object pool rent/return';RagnaController.Benchmarks;MemoryAllocationBenchmarks;'Object pool rent/return';Job-FSVFRZ;Default;Default;Default;Default;Default;Default;Default;Default;Default;Default;Default;Default;Default;Default;Default;Default;Default;Default;Default;Default;Default;Default;True;Default;Default;Default;Default;Default;Default;Default;Default;10;Default;1;Default;Default;Default;Default;Default;Default;Default;3;"Job-FSVFRZ(Server=True, IterationCount=10, LaunchCount=1, WarmupCount=3)";;1;Workload;Result;7;865194600;16777216;51.57;0;0;0;0
MemoryAllocationBenchmarks.'Object pool rent/return';RagnaController.Benchmarks;MemoryAllocationBenchmarks;'Object pool rent/return';Job-FSVFRZ;Default;Default;Default;Default;Default;Default;Default;Default;Default;Default;Default;Default;Default;Default;Default;Default;Default;Default;Default;Default;Default;Default;True;Default;Default;Default;Default;Default;Default;Default;Default;10;Default;1;Default;Default;Default;Default;Default;Default;Default;3;"Job-FSVFRZ(Server=True, IterationCount=10, LaunchCount=1, WarmupCount=3)";;1;Workload;Result;8;875637100;16777216;52.19;0;0;0;0
MemoryAllocationBenchmarks.'Object pool rent/return';RagnaController.Benchmarks;MemoryAllocationBenchmarks;'Object pool rent/return';Job-FSVFRZ;Default;Default;Default;Default;Default;Default;Default;Default;Default;Default;Default;Default;Default;Default;Default;Default;Default;Default;Default;Default;Default;Default;True;Default;Default;Default;Default;Default;Default;Default;Default;10;Default;1;Default;Default;Default;Default;Default;Default;Default;3;"Job-FSVFRZ(Server=True, IterationCount=10, LaunchCount=1, WarmupCount=3)";;1;Workload;Result;9;877866400;16777216;52.32;0;0;0;0
MemoryAllocationBenchmarks.'Object pool rent/return';RagnaController.Benchmarks;MemoryAllocationBenchmarks;'Object pool rent/return';Job-FSVFRZ;Default;Default;Default;Default;Default;Default;Default;Default;Default;Default;Default;Default;Default;Default;Default;Default;Default;Default;Default;Default;Default;Default;True;Default;Default;Default;Default;Default;Default;Default;Default;10;Default;1;Default;Default;Default;Default;Default;Default;Default;3;"Job-FSVFRZ(Server=True, IterationCount=10, LaunchCount=1, WarmupCount=3)";;1;Workload;Result;10;868747400;16777216;51.78;0;0;0;0
MemoryAllocationBenchmarks.'List allocation + clear (100 items)';RagnaController.Benchmarks;MemoryAllocationBenchmarks;'List allocation + clear (100 items)';Job-FSVFRZ;Default;Default;Default;Default;Default;Default;Default;Default;Default;Default;Default;Default;Default;Default;Default;Default;Default;Default;Default;Default;Default;Default;True;Default;Default;Default;Default;Default;Default;Default;Default;10;Default;1;Default;Default;Default;Default;Default;Default;Default;3;"Job-FSVFRZ(Server=True, IterationCount=10, LaunchCount=1, WarmupCount=3)";;1;Overhead;Jitting;1;116000;1;116000;15;0;0;38456
MemoryAllocationBenchmarks.'List allocation + clear (100 items)';RagnaController.Benchmarks;MemoryAllocationBenchmarks;'List allocation + clear (100 items)';Job-FSVFRZ;Default;Default;Default;Default;Default;Default;Default;Default;Default;Default;Default;Default;Default;Default;Default;Default;Default;Default;Default;Default;Default;Default;True;Default;Default;Default;Default;Default;Default;Default;Default;10;Default;1;Default;Default;Default;Default;Default;Default;Default;3;"Job-FSVFRZ(Server=True, IterationCount=10, LaunchCount=1, WarmupCount=3)";;1;Workload;Jitting;1;35893000;1;35893000;15;0;0;38456
MemoryAllocationBenchmarks.'List allocation + clear (100 items)';RagnaController.Benchmarks;MemoryAllocationBenchmarks;'List allocation + clear (100 items)';Job-FSVFRZ;Default;Default;Default;Default;Default;Default;Default;Default;Default;Default;Default;Default;Default;Default;Default;Default;Default;Default;Default;Default;Default;Default;True;Default;Default;Default;Default;Default;Default;Default;Default;10;Default;1;Default;Default;Default;Default;Default;Default;Default;3;"Job-FSVFRZ(Server=True, IterationCount=10, LaunchCount=1, WarmupCount=3)";;1;Workload;Pilot;1;153300;2;76650;15;0;0;38456
MemoryAllocationBenchmarks.'List allocation + clear (100 items)';RagnaController.Benchmarks;MemoryAllocationBenchmarks;'List allocation + clear (100 items)';Job-FSVFRZ;Default;Default;Default;Default;Default;Default;Default;Default;Default;Default;Default;Default;Default;Default;Default;Default;Default;Default;Default;Default;Default;Default;True;Default;Default;Default;Default;Default;Default;Default;Default;10;Default;1;Default;Default;Default;Default;Default;Default;Default;3;"Job-FSVFRZ(Server=True, IterationCount=10, LaunchCount=1, WarmupCount=3)";;1;Workload;Pilot;2;109900;3;36633.33;15;0;0;38456
MemoryAllocationBenchmarks.'List allocation + clear (100 items)';RagnaController.Benchmarks;MemoryAllocationBenchmarks;'List allocation + clear (100 items)';Job-FSVFRZ;Default;Default;Default;Default;Default;Default;Default;Default;Default;Default;Default;Default;Default;Default;Default;Default;Default;Default;Default;Default;Default;Default;True;Default;Default;Default;Default;Default;Default;Default;Default;10;Default;1;Default;Default;Default;Default;Default;Default;Default;3;"Job-FSVFRZ(Server=True, IterationCount=10, LaunchCount=1, WarmupCount=3)";;1;Workload;Pilot;3;134500;4;33625;15;0;0;38456
MemoryAllocationBenchmarks.'List allocation + clear (100 items)';RagnaController.Benchmarks;MemoryAllocationBenchmarks;'List allocation + clear (100 items)';Job-FSVFRZ;Default;Default;Default;Default;Default;Default;Default;Default;Default;Default;Default;Default;Default;Default;Default;Default;Default;Default;Default;Default;Default;Default;True;Default;Default;Default;Default;Default;Default;Default;Default;10;Default;1;Default;Default;Default;Default;Default;Default;Default;3;"Job-FSVFRZ(Server=True, IterationCount=10, LaunchCount=1, WarmupCount=3)";;1;Workload;Pilot;4;160000;5;32000;15;0;0;38456
MemoryAllocationBenchmarks.'List allocation + clear (100 items)';RagnaController.Benchmarks;MemoryAllocationBenchmarks;'List allocation + clear (100 items)';Job-FSVFRZ;Default;Default;Default;Default;Default;Default;Default;Default;Default;Default;Default;Default;Default;Default;Default;Default;Default;Default;Default;Default;Default;Default;True;Default;Default;Default;Default;Default;Default;Default;Default;10;Default;1;Default;Default;Default;Default;Default;Default;Default;3;"Job-FSVFRZ(Server=True, IterationCount=10, LaunchCount=1, WarmupCount=3)";;1;Workload;Pilot;5;193600;6;32266.67;15;0;0;38456
MemoryAllocationBenchmarks.'List allocation + clear (100 items)';RagnaController.Benchmarks;MemoryAllocationBenchmarks;'List allocation + clear (100 items)';Job-FSVFRZ;Default;Default;Default;Default;Default;Default;Default;Default;Default;Default;Default;Default;Default;Default;Default;Default;Default;Default;Default;Default;Default;Default;True;Default;Default;Default;Default;Default;Default;Default;Default;10;Default;1;Default;Default;Default;Default;Default;Default;Default;3;"Job-FSVFRZ(Server=True, IterationCount=10, LaunchCount=1, WarmupCount=3)";;1;Workload;Pilot;6;211100;7;30157.14;15;0;0;38456
MemoryAllocationBenchmarks.'List allocation + clear (100 items)';RagnaController.Benchmarks;MemoryAllocationBenchmarks;'List allocation + clear (100 items)';Job-FSVFRZ;Default;Default;Default;Default;Default;Default;Default;Default;Default;Default;Default;Default;Default;Default;Default;Default;Default;Default;Default;Default;Default;Default;True;Default;Default;Default;Default;Default;Default;Default;Default;10;Default;1;Default;Default;Default;Default;Default;Default;Default;3;"Job-FSVFRZ(Server=True, IterationCount=10, LaunchCount=1, WarmupCount=3)";;1;Workload;Pilot;7;282400;8;35300;15;0;0;38456
MemoryAllocationBenchmarks.'List allocation + clear (100 items)';RagnaController.Benchmarks;MemoryAllocationBenchmarks;'List allocation + clear (100 items)';Job-FSVFRZ;Default;Default;Default;Default;Default;Default;Default;Default;Default;Default;Default;Default;Default;Default;Default;Default;Default;Default;Default;Default;Default;Default;True;Default;Default;Default;Default;Default;Default;Default;Default;10;Default;1;Default;Default;Default;Default;Default;Default;Default;3;"Job-FSVFRZ(Server=True, IterationCount=10, LaunchCount=1, WarmupCount=3)";;1;Workload;Pilot;8;222100;9;24677.78;15;0;0;38456
MemoryAllocationBenchmarks.'List allocation + clear (100 items)';RagnaController.Benchmarks;MemoryAllocationBenchmarks;'List allocation + clear (100 items)';Job-FSVFRZ;Default;Default;Default;Default;Default;Default;Default;Default;Default;Default;Default;Default;Default;Default;Default;Default;Default;Default;Default;Default;Default;Default;True;Default;Default;Default;Default;Default;Default;Default;Default;10;Default;1;Default;Default;Default;Default;Default;Default;Default;3;"Job-FSVFRZ(Server=True, IterationCount=10, LaunchCount=1, WarmupCount=3)";;1;Workload;Pilot;9;234400;10;23440;15;0;0;38456
MemoryAllocationBenchmarks.'List allocation + clear (100 items)';RagnaController.Benchmarks;MemoryAllocationBenchmarks;'List allocation + clear (100 items)';Job-FSVFRZ;Default;Default;Default;Default;Default;Default;Default;Default;Default;Default;Default;Default;Default;Default;Default;Default;Default;Default;Default;Default;Default;Default;True;Default;Default;Default;Default;Default;Default;Default;Default;10;Default;1;Default;Default;Default;Default;Default;Default;Default;3;"Job-FSVFRZ(Server=True, IterationCount=10, LaunchCount=1, WarmupCount=3)";;1;Workload;Pilot;10;235400;11;21400;15;0;0;38456
MemoryAllocationBenchmarks.'List allocation + clear (100 items)';RagnaController.Benchmarks;MemoryAllocationBenchmarks;'List allocation + clear (100 items)';Job-FSVFRZ;Default;Default;Default;Default;Default;Default;Default;Default;Default;Default;Default;Default;Default;Default;Default;Default;Default;Default;Default;Default;Default;Default;True;Default;Default;Default;Default;Default;Default;Default;Default;10;Default;1;Default;Default;Default;Default;Default;Default;Default;3;"Job-FSVFRZ(Server=True, IterationCount=10, LaunchCount=1, WarmupCount=3)";;1;Workload;Pilot;11;334200;12;27850;15;0;0;38456
MemoryAllocationBenchmarks.'List allocation + clear (100 items)';RagnaController.Benchmarks;MemoryAllocationBenchmarks;'List allocation + clear (100 items)';Job-FSVFRZ;Default;Default;Default;Default;Default;Default;Default;Default;Default;Default;Default;Default;Default;Default;Default;Default;Default;Default;Default;Default;Default;Default;True;Default;Default;Default;Default;Default;Default;Default;Default;10;Default;1;Default;Default;Default;Default;Default;Default;Default;3;"Job-FSVFRZ(Server=True, IterationCount=10, LaunchCount=1, WarmupCount=3)";;1;Workload;Pilot;12;417000;13;32076.92;15;0;0;38456
MemoryAllocationBenchmarks.'List allocation + clear (100 items)';RagnaController.Benchmarks;MemoryAllocationBenchmarks;'List allocation + clear (100 items)';Job-FSVFRZ;Default;Default;Default;Default;Default;Default;Default;Default;Default;Default;Default;Default;Default;Default;Default;Default;Default;Default;Default;Default;Default;Default;True;Default;Default;Default;Default;Default;Default;Default;Default;10;Default;1;Default;Default;Default;Default;Default;Default;Default;3;"Job-FSVFRZ(Server=True, IterationCount=10, LaunchCount=1, WarmupCount=3)";;1;Workload;Pilot;13;454000;14;32428.57;15;0;0;38456
MemoryAllocationBenchmarks.'List allocation + clear (100 items)';RagnaController.Benchmarks;MemoryAllocationBenchmarks;'List allocation + clear (100 items)';Job-FSVFRZ;Default;Default;Default;Default;Default;Default;Default;Default;Default;Default;Default;Default;Default;Default;Default;Default;Default;Default;Default;Default;Default;Default;True;Default;Default;Default;Default;Default;Default;Default;Default;10;Default;1;Default;Default;Default;Default;Default;Default;Default;3;"Job-FSVFRZ(Server=True, IterationCount=10, LaunchCount=1, WarmupCount=3)";;1;Workload;Pilot;14;377000;15;25133.33;15;0;0;38456
MemoryAllocationBenchmarks.'List allocation + clear (100 items)';RagnaController.Benchmarks;MemoryAllocationBenchmarks;'List allocation + clear (100 items)';Job-FSVFRZ;Default;Default;Default;Default;Default;Default;Default;Default;Default;Default;Default;Default;Default;Default;Default;Default;Default;Default;Default;Default;Default;Default;True;Default;Default;Default;Default;Default;Default;Default;Default;10;Default;1;Default;Default;Default;Default;Default;Default;Default;3;"Job-FSVFRZ(Server=True, IterationCount=10, LaunchCount=1, WarmupCount=3)";;1;Workload;Pilot;15;574100;16;35881.25;15;0;0;38456
MemoryAllocationBenchmarks.'List allocation + clear (100 items)';RagnaController.Benchmarks;MemoryAllocationBenchmarks;'List allocation + clear (100 items)';Job-FSVFRZ;Default;Default;Default;Default;Default;Default;Default;Default;Default;Default;Default;Default;Default;Default;Default;Default;Default;Default;Default;Default;Default;Default;True;Default;Default;Default;Default;Default;Default;Default;Default;10;Default;1;Default;Default;Default;Default;Default;Default;Default;3;"Job-FSVFRZ(Server=True, IterationCount=10, LaunchCount=1, WarmupCount=3)";;1;Workload;Pilot;16;1025000;32;32031.25;15;0;0;38456
MemoryAllocationBenchmarks.'List allocation + clear (100 items)';RagnaController.Benchmarks;MemoryAllocationBenchmarks;'List allocation + clear (100 items)';Job-FSVFRZ;Default;Default;Default;Default;Default;Default;Default;Default;Default;Default;Default;Default;Default;Default;Default;Default;Default;Default;Default;Default;Default;Default;True;Default;Default;Default;Default;Default;Default;Default;Default;10;Default;1;Default;Default;Default;Default;Default;Default;Default;3;"Job-FSVFRZ(Server=True, IterationCount=10, LaunchCount=1, WarmupCount=3)";;1;Workload;Pilot;17;1934900;64;30232.81;15;0;0;38456
MemoryAllocationBenchmarks.'List allocation + clear (100 items)';RagnaController.Benchmarks;MemoryAllocationBenchmarks;'List allocation + clear (100 items)';Job-FSVFRZ;Default;Default;Default;Default;Default;Default;Default;Default;Default;Default;Default;Default;Default;Default;Default;Default;Default;Default;Default;Default;Default;Default;True;Default;Default;Default;Default;Default;Default;Default;Default;10;Default;1;Default;Default;Default;Default;Default;Default;Default;3;"Job-FSVFRZ(Server=True, IterationCount=10, LaunchCount=1, WarmupCount=3)";;1;Workload;Pilot;18;2739800;128;21404.69;15;0;0;38456
MemoryAllocationBenchmarks.'List allocation + clear (100 items)';RagnaController.Benchmarks;MemoryAllocationBenchmarks;'List allocation + clear (100 items)';Job-FSVFRZ;Default;Default;Default;Default;Default;Default;Default;Default;Default;Default;Default;Default;Default;Default;Default;Default;Default;Default;Default;Default;Default;Default;True;Default;Default;Default;Default;Default;Default;Default;Default;10;Default;1;Default;Default;Default;Default;Default;Default;Default;3;"Job-FSVFRZ(Server=True, IterationCount=10, LaunchCount=1, WarmupCount=3)";;1;Workload;Pilot;19;6197300;256;24208.2;15;0;0;38456
MemoryAllocationBenchmarks.'List allocation + clear (100 items)';RagnaController.Benchmarks;MemoryAllocationBenchmarks;'List allocation + clear (100 items)';Job-FSVFRZ;Default;Default;Default;Default;Default;Default;Default;Default;Default;Default;Default;Default;Default;Default;Default;Default;Default;Default;Default;Default;Default;Default;True;Default;Default;Default;Default;Default;Default;Default;Default;10;Default;1;Default;Default;Default;Default;Default;Default;Default;3;"Job-FSVFRZ(Server=True, IterationCount=10, LaunchCount=1, WarmupCount=3)";;1;Workload;Pilot;20;12885300;512;25166.6;15;0;0;38456
MemoryAllocationBenchmarks.'List allocation + clear (100 items)';RagnaController.Benchmarks;MemoryAllocationBenchmarks;'List allocation + clear (100 items)';Job-FSVFRZ;Default;Default;Default;Default;Default;Default;Default;Default;Default;Default;Default;Default;Default;Default;Default;Default;Default;Default;Default;Default;Default;Default;True;Default;Default;Default;Default;Default;Default;Default;Default;10;Default;1;Default;Default;Default;Default;Default;Default;Default;3;"Job-FSVFRZ(Server=True, IterationCount=10, LaunchCount=1, WarmupCount=3)";;1;Workload;Pilot;21;27426500;1024;26783.69;15;0;0;38456
MemoryAllocationBenchmarks.'List allocation + clear (100 items)';RagnaController.Benchmarks;MemoryAllocationBenchmarks;'List allocation + clear (100 items)';Job-FSVFRZ;Default;Default;Default;Default;Default;Default;Default;Default;Default;Default;Default;Default;Default;Default;Default;Default;Default;Default;Default;Default;Default;Default;True;Default;Default;Default;Default;Default;Default;Default;Default;10;Default;1;Default;Default;Default;Default;Default;Default;Default;3;"Job-FSVFRZ(Server=True, IterationCount=10, LaunchCount=1, WarmupCount=3)";;1;Workload;Pilot;22;52513200;2048;25641.21;15;0;0;38456
MemoryAllocationBenchmarks.'List allocation + clear (100 items)';RagnaController.Benchmarks;MemoryAllocationBenchmarks;'List allocation + clear (100 items)';Job-FSVFRZ;Default;Default;Default;Default;Default;Default;Default;Default;Default;Default;Default;Default;Default;Default;Default;Default;Default;Default;Default;Default;Default;Default;True;Default;Default;Default;Default;Default;Default;Default;Default;10;Default;1;Default;Default;Default;Default;Default;Default;Default;3;"Job-FSVFRZ(Server=True, IterationCount=10, LaunchCount=1, WarmupCount=3)";;1;Workload;Pilot;23;120012400;4096;29299.9;15;0;0;38456
MemoryAllocationBenchmarks.'List allocation + clear (100 items)';RagnaController.Benchmarks;MemoryAllocationBenchmarks;'List allocation + clear (100 items)';Job-FSVFRZ;Default;Default;Default;Default;Default;Default;Default;Default;Default;Default;Default;Default;Default;Default;Default;Default;Default;Default;Default;Default;Default;Default;True;Default;Default;Default;Default;Default;Default;Default;Default;10;Default;1;Default;Default;Default;Default;Default;Default;Default;3;"Job-FSVFRZ(Server=True, IterationCount=10, LaunchCount=1, WarmupCount=3)";;1;Workload;Pilot;24;224013300;8192;27345.37;15;0;0;38456
MemoryAllocationBenchmarks.'List allocation + clear (100 items)';RagnaController.Benchmarks;MemoryAllocationBenchmarks;'List allocation + clear (100 items)';Job-FSVFRZ;Default;Default;Default;Default;Default;Default;Default;Default;Default;Default;Default;Default;Default;Default;Default;Default;Default;Default;Default;Default;Default;Default;True;Default;Default;Default;Default;Default;Default;Default;Default;10;Default;1;Default;Default;Default;Default;Default;Default;Default;3;"Job-FSVFRZ(Server=True, IterationCount=10, LaunchCount=1, WarmupCount=3)";;1;Workload;Pilot;25;220599900;16384;13464.35;15;0;0;38456
MemoryAllocationBenchmarks.'List allocation + clear (100 items)';RagnaController.Benchmarks;MemoryAllocationBenchmarks;'List allocation + clear (100 items)';Job-FSVFRZ;Default;Default;Default;Default;Default;Default;Default;Default;Default;Default;Default;Default;Default;Default;Default;Default;Default;Default;Default;Default;Default;Default;True;Default;Default;Default;Default;Default;Default;Default;Default;10;Default;1;Default;Default;Default;Default;Default;Default;Default;3;"Job-FSVFRZ(Server=True, IterationCount=10, LaunchCount=1, WarmupCount=3)";;1;Workload;Pilot;26;432443900;32768;13197.14;15;0;0;38456
MemoryAllocationBenchmarks.'List allocation + clear (100 items)';RagnaController.Benchmarks;MemoryAllocationBenchmarks;'List allocation + clear (100 items)';Job-FSVFRZ;Default;Default;Default;Default;Default;Default;Default;Default;Default;Default;Default;Default;Default;Default;Default;Default;Default;Default;Default;Default;Default;Default;True;Default;Default;Default;Default;Default;Default;Default;Default;10;Default;1;Default;Default;Default;Default;Default;Default;Default;3;"Job-FSVFRZ(Server=True, IterationCount=10, LaunchCount=1, WarmupCount=3)";;1;Workload;Pilot;27;876847500;65536;13379.63;15;0;0;38456
MemoryAllocationBenchmarks.'List allocation + clear (100 items)';RagnaController.Benchmarks;MemoryAllocationBenchmarks;'List allocation + clear (100 items)';Job-FSVFRZ;Default;Default;Default;Default;Default;Default;Default;Default;Default;Default;Default;Default;Default;Default;Default;Default;Default;Default;Default;Default;Default;Default;True;Default;Default;Default;Default;Default;Default;Default;Default;10;Default;1;Default;Default;Default;Default;Default;Default;Default;3;"Job-FSVFRZ(Server=True, IterationCount=10, LaunchCount=1, WarmupCount=3)";;1;Workload;Warmup;1;900497800;65536;13740.51;15;0;0;38456
MemoryAllocationBenchmarks.'List allocation + clear (100 items)';RagnaController.Benchmarks;MemoryAllocationBenchmarks;'List allocation + clear (100 items)';Job-FSVFRZ;Default;Default;Default;Default;Default;Default;Default;Default;Default;Default;Default;Default;Default;Default;Default;Default;Default;Default;Default;Default;Default;Default;True;Default;Default;Default;Default;Default;Default;Default;Default;10;Default;1;Default;Default;Default;Default;Default;Default;Default;3;"Job-FSVFRZ(Server=True, IterationCount=10, LaunchCount=1, WarmupCount=3)";;1;Workload;Warmup;2;1012502400;65536;15449.56;15;0;0;38456
MemoryAllocationBenchmarks.'List allocation + clear (100 items)';RagnaController.Benchmarks;MemoryAllocationBenchmarks;'List allocation + clear (100 items)';Job-FSVFRZ;Default;Default;Default;Default;Default;Default;Default;Default;Default;Default;Default;Default;Default;Default;Default;Default;Default;Default;Default;Default;Default;Default;True;Default;Default;Default;Default;Default;Default;Default;Default;10;Default;1;Default;Default;Default;Default;Default;Default;Default;3;"Job-FSVFRZ(Server=True, IterationCount=10, LaunchCount=1, WarmupCount=3)";;1;Workload;Warmup;3;1066800600;65536;16278.09;15;0;0;38456
MemoryAllocationBenchmarks.'List allocation + clear (100 items)';RagnaController.Benchmarks;MemoryAllocationBenchmarks;'List allocation + clear (100 items)';Job-FSVFRZ;Default;Default;Default;Default;Default;Default;Default;Default;Default;Default;Default;Default;Default;Default;Default;Default;Default;Default;Default;Default;Default;Default;True;Default;Default;Default;Default;Default;Default;Default;Default;10;Default;1;Default;Default;Default;Default;Default;Default;Default;3;"Job-FSVFRZ(Server=True, IterationCount=10, LaunchCount=1, WarmupCount=3)";;1;Workload;Actual;1;1050473800;65536;16028.96;15;0;0;38456
MemoryAllocationBenchmarks.'List allocation + clear (100 items)';RagnaController.Benchmarks;MemoryAllocationBenchmarks;'List allocation + clear (100 items)';Job-FSVFRZ;Default;Default;Default;Default;Default;Default;Default;Default;Default;Default;Default;Default;Default;Default;Default;Default;Default;Default;Default;Default;Default;Default;True;Default;Default;Default;Default;Default;Default;Default;Default;10;Default;1;Default;Default;Default;Default;Default;Default;Default;3;"Job-FSVFRZ(Server=True, IterationCount=10, LaunchCount=1, WarmupCount=3)";;1;Workload;Actual;2;1055169200;65536;16100.6;15;0;0;38456
MemoryAllocationBenchmarks.'List allocation + clear (100 items)';RagnaController.Benchmarks;MemoryAllocationBenchmarks;'List allocation + clear (100 items)';Job-FSVFRZ;Default;Default;Default;Default;Default;Default;Default;Default;Default;Default;Default;Default;Default;Default;Default;Default;Default;Default;Default;Default;Default;Default;True;Default;Default;Default;Default;Default;Default;Default;Default;10;Default;1;Default;Default;Default;Default;Default;Default;Default;3;"Job-FSVFRZ(Server=True, IterationCount=10, LaunchCount=1, WarmupCount=3)";;1;Workload;Actual;3;1078140200;65536;16451.11;15;0;0;38456
MemoryAllocationBenchmarks.'List allocation + clear (100 items)';RagnaController.Benchmarks;MemoryAllocationBenchmarks;'List allocation + clear (100 items)';Job-FSVFRZ;Default;Default;Default;Default;Default;Default;Default;Default;Default;Default;Default;Default;Default;Default;Default;Default;Default;Default;Default;Default;Default;Default;True;Default;Default;Default;Default;Default;Default;Default;Default;10;Default;1;Default;Default;Default;Default;Default;Default;Default;3;"Job-FSVFRZ(Server=True, IterationCount=10, LaunchCount=1, WarmupCount=3)";;1;Workload;Actual;4;972895600;65536;14845.21;15;0;0;38456
MemoryAllocationBenchmarks.'List allocation + clear (100 items)';RagnaController.Benchmarks;MemoryAllocationBenchmarks;'List allocation + clear (100 items)';Job-FSVFRZ;Default;Default;Default;Default;Default;Default;Default;Default;Default;Default;Default;Default;Default;Default;Default;Default;Default;Default;Default;Default;Default;Default;True;Default;Default;Default;Default;Default;Default;Default;Default;10;Default;1;Default;Default;Default;Default;Default;Default;Default;3;"Job-FSVFRZ(Server=True, IterationCount=10, LaunchCount=1, WarmupCount=3)";;1;Workload;Actual;5;968775200;65536;14782.34;15;0;0;38456
MemoryAllocationBenchmarks.'List allocation + clear (100 items)';RagnaController.Benchmarks;MemoryAllocationBenchmarks;'List allocation + clear (100 items)';Job-FSVFRZ;Default;Default;Default;Default;Default;Default;Default;Default;Default;Default;Default;Default;Default;Default;Default;Default;Default;Default;Default;Default;Default;Default;True;Default;Default;Default;Default;Default;Default;Default;Default;10;Default;1;Default;Default;Default;Default;Default;Default;Default;3;"Job-FSVFRZ(Server=True, IterationCount=10, LaunchCount=1, WarmupCount=3)";;1;Workload;Actual;6;1101141700;65536;16802.09;15;0;0;38456
MemoryAllocationBenchmarks.'List allocation + clear (100 items)';RagnaController.Benchmarks;MemoryAllocationBenchmarks;'List allocation + clear (100 items)';Job-FSVFRZ;Default;Default;Default;Default;Default;Default;Default;Default;Default;Default;Default;Default;Default;Default;Default;Default;Default;Default;Default;Default;Default;Default;True;Default;Default;Default;Default;Default;Default;Default;Default;10;Default;1;Default;Default;Default;Default;Default;Default;Default;3;"Job-FSVFRZ(Server=True, IterationCount=10, LaunchCount=1, WarmupCount=3)";;1;Workload;Actual;7;966902100;65536;14753.76;15;0;0;38456
MemoryAllocationBenchmarks.'List allocation + clear (100 items)';RagnaController.Benchmarks;MemoryAllocationBenchmarks;'List allocation + clear (100 items)';Job-FSVFRZ;Default;Default;Default;Default;Default;Default;Default;Default;Default;Default;Default;Default;Default;Default;Default;Default;Default;Default;Default;Default;Default;Default;True;Default;Default;Default;Default;Default;Default;Default;Default;10;Default;1;Default;Default;Default;Default;Default;Default;Default;3;"Job-FSVFRZ(Server=True, IterationCount=10, LaunchCount=1, WarmupCount=3)";;1;Workload;Actual;8;981712600;65536;14979.75;15;0;0;38456
MemoryAllocationBenchmarks.'List allocation + clear (100 items)';RagnaController.Benchmarks;MemoryAllocationBenchmarks;'List allocation + clear (100 items)';Job-FSVFRZ;Default;Default;Default;Default;Default;Default;Default;Default;Default;Default;Default;Default;Default;Default;Default;Default;Default;Default;Default;Default;Default;Default;True;Default;Default;Default;Default;Default;Default;Default;Default;10;Default;1;Default;Default;Default;Default;Default;Default;Default;3;"Job-FSVFRZ(Server=True, IterationCount=10, LaunchCount=1, WarmupCount=3)";;1;Workload;Actual;9;1048693800;65536;16001.8;15;0;0;38456
MemoryAllocationBenchmarks.'List allocation + clear (100 items)';RagnaController.Benchmarks;MemoryAllocationBenchmarks;'List allocation + clear (100 items)';Job-FSVFRZ;Default;Default;Default;Default;Default;Default;Default;Default;Default;Default;Default;Default;Default;Default;Default;Default;Default;Default;Default;Default;Default;Default;True;Default;Default;Default;Default;Default;Default;Default;Default;10;Default;1;Default;Default;Default;Default;Default;Default;Default;3;"Job-FSVFRZ(Server=True, IterationCount=10, LaunchCount=1, WarmupCount=3)";;1;Workload;Actual;10;997545200;65536;15221.33;15;0;0;38456
MemoryAllocationBenchmarks.'List allocation + clear (100 items)';RagnaController.Benchmarks;MemoryAllocationBenchmarks;'List allocation + clear (100 items)';Job-FSVFRZ;Default;Default;Default;Default;Default;Default;Default;Default;Default;Default;Default;Default;Default;Default;Default;Default;Default;Default;Default;Default;Default;Default;True;Default;Default;Default;Default;Default;Default;Default;Default;10;Default;1;Default;Default;Default;Default;Default;Default;Default;3;"Job-FSVFRZ(Server=True, IterationCount=10, LaunchCount=1, WarmupCount=3)";;1;Workload;Result;1;1050473800;65536;16028.96;15;0;0;38456
MemoryAllocationBenchmarks.'List allocation + clear (100 items)';RagnaController.Benchmarks;MemoryAllocationBenchmarks;'List allocation + clear (100 items)';Job-FSVFRZ;Default;Default;Default;Default;Default;Default;Default;Default;Default;Default;Default;Default;Default;Default;Default;Default;Default;Default;Default;Default;Default;Default;True;Default;Default;Default;Default;Default;Default;Default;Default;10;Default;1;Default;Default;Default;Default;Default;Default;Default;3;"Job-FSVFRZ(Server=True, IterationCount=10, LaunchCount=1, WarmupCount=3)";;1;Workload;Result;2;1055169200;65536;16100.6;15;0;0;38456
MemoryAllocationBenchmarks.'List allocation + clear (100 items)';RagnaController.Benchmarks;MemoryAllocationBenchmarks;'List allocation + clear (100 items)';Job-FSVFRZ;Default;Default;Default;Default;Default;Default;Default;Default;Default;Default;Default;Default;Default;Default;Default;Default;Default;Default;Default;Default;Default;Default;True;Default;Default;Default;Default;Default;Default;Default;Default;10;Default;1;Default;Default;Default;Default;Default;Default;Default;3;"Job-FSVFRZ(Server=True, IterationCount=10, LaunchCount=1, WarmupCount=3)";;1;Workload;Result;3;1078140200;65536;16451.11;15;0;0;38456
MemoryAllocationBenchmarks.'List allocation + clear (100 items)';RagnaController.Benchmarks;MemoryAllocationBenchmarks;'List allocation + clear (100 items)';Job-FSVFRZ;Default;Default;Default;Default;Default;Default;Default;Default;Default;Default;Default;Default;Default;Default;Default;Default;Default;Default;Default;Default;Default;Default;True;Default;Default;Default;Default;Default;Default;Default;Default;10;Default;1;Default;Default;Default;Default;Default;Default;Default;3;"Job-FSVFRZ(Server=True, IterationCount=10, LaunchCount=1, WarmupCount=3)";;1;Workload;Result;4;972895600;65536;14845.21;15;0;0;38456
MemoryAllocationBenchmarks.'List allocation + clear (100 items)';RagnaController.Benchmarks;MemoryAllocationBenchmarks;'List allocation + clear (100 items)';Job-FSVFRZ;Default;Default;Default;Default;Default;Default;Default;Default;Default;Default;Default;Default;Default;Default;Default;Default;Default;Default;Default;Default;Default;Default;True;Default;Default;Default;Default;Default;Default;Default;Default;10;Default;1;Default;Default;Default;Default;Default;Default;Default;3;"Job-FSVFRZ(Server=True, IterationCount=10, LaunchCount=1, WarmupCount=3)";;1;Workload;Result;5;968775200;65536;14782.34;15;0;0;38456
MemoryAllocationBenchmarks.'List allocation + clear (100 items)';RagnaController.Benchmarks;MemoryAllocationBenchmarks;'List allocation + clear (100 items)';Job-FSVFRZ;Default;Default;Default;Default;Default;Default;Default;Default;Default;Default;Default;Default;Default;Default;Default;Default;Default;Default;Default;Default;Default;Default;True;Default;Default;Default;Default;Default;Default;Default;Default;10;Default;1;Default;Default;Default;Default;Default;Default;Default;3;"Job-FSVFRZ(Server=True, IterationCount=10, LaunchCount=1, WarmupCount=3)";;1;Workload;Result;6;1101141700;65536;16802.09;15;0;0;38456
MemoryAllocationBenchmarks.'List allocation + clear (100 items)';RagnaController.Benchmarks;MemoryAllocationBenchmarks;'List allocation + clear (100 items)';Job-FSVFRZ;Default;Default;Default;Default;Default;Default;Default;Default;Default;Default;Default;Default;Default;Default;Default;Default;Default;Default;Default;Default;Default;Default;True;Default;Default;Default;Default;Default;Default;Default;Default;10;Default;1;Default;Default;Default;Default;Default;Default;Default;3;"Job-FSVFRZ(Server=True, IterationCount=10, LaunchCount=1, WarmupCount=3)";;1;Workload;Result;7;966902100;65536;14753.76;15;0;0;38456
MemoryAllocationBenchmarks.'List allocation + clear (100 items)';RagnaController.Benchmarks;MemoryAllocationBenchmarks;'List allocation + clear (100 items)';Job-FSVFRZ;Default;Default;Default;Default;Default;Default;Default;Default;Default;Default;Default;Default;Default;Default;Default;Default;Default;Default;Default;Default;Default;Default;True;Default;Default;Default;Default;Default;Default;Default;Default;10;Default;1;Default;Default;Default;Default;Default;Default;Default;3;"Job-FSVFRZ(Server=True, IterationCount=10, LaunchCount=1, WarmupCount=3)";;1;Workload;Result;8;981712600;65536;14979.75;15;0;0;38456
MemoryAllocationBenchmarks.'List allocation + clear (100 items)';RagnaController.Benchmarks;MemoryAllocationBenchmarks;'List allocation + clear (100 items)';Job-FSVFRZ;Default;Default;Default;Default;Default;Default;Default;Default;Default;Default;Default;Default;Default;Default;Default;Default;Default;Default;Default;Default;Default;Default;True;Default;Default;Default;Default;Default;Default;Default;Default;10;Default;1;Default;Default;Default;Default;Default;Default;Default;3;"Job-FSVFRZ(Server=True, IterationCount=10, LaunchCount=1, WarmupCount=3)";;1;Workload;Result;9;1048693800;65536;16001.8;15;0;0;38456
MemoryAllocationBenchmarks.'List allocation + clear (100 items)';RagnaController.Benchmarks;MemoryAllocationBenchmarks;'List allocation + clear (100 items)';Job-FSVFRZ;Default;Default;Default;Default;Default;Default;Default;Default;Default;Default;Default;Default;Default;Default;Default;Default;Default;Default;Default;Default;Default;Default;True;Default;Default;Default;Default;Default;Default;Default;Default;10;Default;1;Default;Default;Default;Default;Default;Default;Default;3;"Job-FSVFRZ(Server=True, IterationCount=10, LaunchCount=1, WarmupCount=3)";;1;Workload;Result;10;997545200;65536;15221.33;15;0;0;38456
MemoryAllocationBenchmarks.'Array pool rent/return (100 ControllerSnapshot)';RagnaController.Benchmarks;MemoryAllocationBenchmarks;'Array pool rent/return (100 ControllerSnapshot)';Job-FSVFRZ;Default;Default;Default;Default;Default;Default;Default;Default;Default;Default;Default;Default;Default;Default;Default;Default;Default;Default;Default;Default;Default;Default;True;Default;Default;Default;Default;Default;Default;Default;Default;10;Default;1;Default;Default;Default;Default;Default;Default;Default;3;"Job-FSVFRZ(Server=True, IterationCount=10, LaunchCount=1, WarmupCount=3)";;1;Overhead;Jitting;1;139800;1;139800;15;1;0;37600
MemoryAllocationBenchmarks.'Array pool rent/return (100 ControllerSnapshot)';RagnaController.Benchmarks;MemoryAllocationBenchmarks;'Array pool rent/return (100 ControllerSnapshot)';Job-FSVFRZ;Default;Default;Default;Default;Default;Default;Default;Default;Default;Default;Default;Default;Default;Default;Default;Default;Default;Default;Default;Default;Default;Default;True;Default;Default;Default;Default;Default;Default;Default;Default;10;Default;1;Default;Default;Default;Default;Default;Default;Default;3;"Job-FSVFRZ(Server=True, IterationCount=10, LaunchCount=1, WarmupCount=3)";;1;Workload;Jitting;1;48424700;1;48424700;15;1;0;37600
MemoryAllocationBenchmarks.'Array pool rent/return (100 ControllerSnapshot)';RagnaController.Benchmarks;MemoryAllocationBenchmarks;'Array pool rent/return (100 ControllerSnapshot)';Job-FSVFRZ;Default;Default;Default;Default;Default;Default;Default;Default;Default;Default;Default;Default;Default;Default;Default;Default;Default;Default;Default;Default;Default;Default;True;Default;Default;Default;Default;Default;Default;Default;Default;10;Default;1;Default;Default;Default;Default;Default;Default;Default;3;"Job-FSVFRZ(Server=True, IterationCount=10, LaunchCount=1, WarmupCount=3)";;1;Workload;Pilot;1;84300;2;42150;15;1;0;37600
MemoryAllocationBenchmarks.'Array pool rent/return (100 ControllerSnapshot)';RagnaController.Benchmarks;MemoryAllocationBenchmarks;'Array pool rent/return (100 ControllerSnapshot)';Job-FSVFRZ;Default;Default;Default;Default;Default;Default;Default;Default;Default;Default;Default;Default;Default;Default;Default;Default;Default;Default;Default;Default;Default;Default;True;Default;Default;Default;Default;Default;Default;Default;Default;10;Default;1;Default;Default;Default;Default;Default;Default;Default;3;"Job-FSVFRZ(Server=True, IterationCount=10, LaunchCount=1, WarmupCount=3)";;1;Workload;Pilot;2;119200;3;39733.33;15;1;0;37600
MemoryAllocationBenchmarks.'Array pool rent/return (100 ControllerSnapshot)';RagnaController.Benchmarks;MemoryAllocationBenchmarks;'Array pool rent/return (100 ControllerSnapshot)';Job-FSVFRZ;Default;Default;Default;Default;Default;Default;Default;Default;Default;Default;Default;Default;Default;Default;Default;Default;Default;Default;Default;Default;Default;Default;True;Default;Default;Default;Default;Default;Default;Default;Default;10;Default;1;Default;Default;Default;Default;Default;Default;Default;3;"Job-FSVFRZ(Server=True, IterationCount=10, LaunchCount=1, WarmupCount=3)";;1;Workload;Pilot;3;149800;4;37450;15;1;0;37600
MemoryAllocationBenchmarks.'Array pool rent/return (100 ControllerSnapshot)';RagnaController.Benchmarks;MemoryAllocationBenchmarks;'Array pool rent/return (100 ControllerSnapshot)';Job-FSVFRZ;Default;Default;Default;Default;Default;Default;Default;Default;Default;Default;Default;Default;Default;Default;Default;Default;Default;Default;Default;Default;Default;Default;True;Default;Default;Default;Default;Default;Default;Default;Default;10;Default;1;Default;Default;Default;Default;Default;Default;Default;3;"Job-FSVFRZ(Server=True, IterationCount=10, LaunchCount=1, WarmupCount=3)";;1;Workload;Pilot;4;149300;5;29860;15;1;0;37600
MemoryAllocationBenchmarks.'Array pool rent/return (100 ControllerSnapshot)';RagnaController.Benchmarks;MemoryAllocationBenchmarks;'Array pool rent/return (100 ControllerSnapshot)';Job-FSVFRZ;Default;Default;Default;Default;Default;Default;Default;Default;Default;Default;Default;Default;Default;Default;Default;Default;Default;Default;Default;Default;Default;Default;True;Default;Default;Default;Default;Default;Default;Default;Default;10;Default;1;Default;Default;Default;Default;Default;Default;Default;3;"Job-FSVFRZ(Server=True, IterationCount=10, LaunchCount=1, WarmupCount=3)";;1;Workload;Pilot;5;227200;6;37866.67;15;1;0;37600
MemoryAllocationBenchmarks.'Array pool rent/return (100 ControllerSnapshot)';RagnaController.Benchmarks;MemoryAllocationBenchmarks;'Array pool rent/return (100 ControllerSnapshot)';Job-FSVFRZ;Default;Default;Default;Default;Default;Default;Default;Default;Default;Default;Default;Default;Default;Default;Default;Default;Default;Default;Default;Default;Default;Default;True;Default;Default;Default;Default;Default;Default;Default;Default;10;Default;1;Default;Default;Default;Default;Default;Default;Default;3;"Job-FSVFRZ(Server=True, IterationCount=10, LaunchCount=1, WarmupCount=3)";;1;Workload;Pilot;6;246900;7;35271.43;15;1;0;37600
MemoryAllocationBenchmarks.'Array pool rent/return (100 ControllerSnapshot)';RagnaController.Benchmarks;MemoryAllocationBenchmarks;'Array pool rent/return (100 ControllerSnapshot)';Job-FSVFRZ;Default;Default;Default;Default;Default;Default;Default;Default;Default;Default;Default;Default;Default;Default;Default;Default;Default;Default;Default;Default;Default;Default;True;Default;Default;Default;Default;Default;Default;Default;Default;10;Default;1;Default;Default;Default;Default;Default;Default;Default;3;"Job-FSVFRZ(Server=True, IterationCount=10, LaunchCount=1, WarmupCount=3)";;1;Workload;Pilot;7;290800;8;36350;15;1;0;37600
MemoryAllocationBenchmarks.'Array pool rent/return (100 ControllerSnapshot)';RagnaController.Benchmarks;MemoryAllocationBenchmarks;'Array pool rent/return (100 ControllerSnapshot)';Job-FSVFRZ;Default;Default;Default;Default;Default;Default;Default;Default;Default;Default;Default;Default;Default;Default;Default;Default;Default;Default;Default;Default;Default;Default;True;Default;Default;Default;Default;Default;Default;Default;Default;10;Default;1;Default;Default;Default;Default;Default;Default;Default;3;"Job-FSVFRZ(Server=True, IterationCount=10, LaunchCount=1, WarmupCount=3)";;1;Workload;Pilot;8;342800;9;38088.89;15;1;0;37600
MemoryAllocationBenchmarks.'Array pool rent/return (100 ControllerSnapshot)';RagnaController.Benchmarks;MemoryAllocationBenchmarks;'Array pool rent/return (100 ControllerSnapshot)';Job-FSVFRZ;Default;Default;Default;Default;Default;Default;Default;Default;Default;Default;Default;Default;Default;Default;Default;Default;Default;Default;Default;Default;Default;Default;True;Default;Default;Default;Default;Default;Default;Default;Default;10;Default;1;Default;Default;Default;Default;Default;Default;Default;3;"Job-FSVFRZ(Server=True, IterationCount=10, LaunchCount=1, WarmupCount=3)";;1;Workload;Pilot;9;241100;10;24110;15;1;0;37600
MemoryAllocationBenchmarks.'Array pool rent/return (100 ControllerSnapshot)';RagnaController.Benchmarks;MemoryAllocationBenchmarks;'Array pool rent/return (100 ControllerSnapshot)';Job-FSVFRZ;Default;Default;Default;Default;Default;Default;Default;Default;Default;Default;Default;Default;Default;Default;Default;Default;Default;Default;Default;Default;Default;Default;True;Default;Default;Default;Default;Default;Default;Default;Default;10;Default;1;Default;Default;Default;Default;Default;Default;Default;3;"Job-FSVFRZ(Server=True, IterationCount=10, LaunchCount=1, WarmupCount=3)";;1;Workload;Pilot;10;396900;11;36081.82;15;1;0;37600
MemoryAllocationBenchmarks.'Array pool rent/return (100 ControllerSnapshot)';RagnaController.Benchmarks;MemoryAllocationBenchmarks;'Array pool rent/return (100 ControllerSnapshot)';Job-FSVFRZ;Default;Default;Default;Default;Default;Default;Default;Default;Default;Default;Default;Default;Default;Default;Default;Default;Default;Default;Default;Default;Default;Default;True;Default;Default;Default;Default;Default;Default;Default;Default;10;Default;1;Default;Default;Default;Default;Default;Default;Default;3;"Job-FSVFRZ(Server=True, IterationCount=10, LaunchCount=1, WarmupCount=3)";;1;Workload;Pilot;11;345000;12;28750;15;1;0;37600
MemoryAllocationBenchmarks.'Array pool rent/return (100 ControllerSnapshot)';RagnaController.Benchmarks;MemoryAllocationBenchmarks;'Array pool rent/return (100 ControllerSnapshot)';Job-FSVFRZ;Default;Default;Default;Default;Default;Default;Default;Default;Default;Default;Default;Default;Default;Default;Default;Default;Default;Default;Default;Default;Default;Default;True;Default;Default;Default;Default;Default;Default;Default;Default;10;Default;1;Default;Default;Default;Default;Default;Default;Default;3;"Job-FSVFRZ(Server=True, IterationCount=10, LaunchCount=1, WarmupCount=3)";;1;Workload;Pilot;12;475500;13;36576.92;15;1;0;37600
MemoryAllocationBenchmarks.'Array pool rent/return (100 ControllerSnapshot)';RagnaController.Benchmarks;MemoryAllocationBenchmarks;'Array pool rent/return (100 ControllerSnapshot)';Job-FSVFRZ;Default;Default;Default;Default;Default;Default;Default;Default;Default;Default;Default;Default;Default;Default;Default;Default;Default;Default;Default;Default;Default;Default;True;Default;Default;Default;Default;Default;Default;Default;Default;10;Default;1;Default;Default;Default;Default;Default;Default;Default;3;"Job-FSVFRZ(Server=True, IterationCount=10, LaunchCount=1, WarmupCount=3)";;1;Workload;Pilot;13;490600;14;35042.86;15;1;0;37600
MemoryAllocationBenchmarks.'Array pool rent/return (100 ControllerSnapshot)';RagnaController.Benchmarks;MemoryAllocationBenchmarks;'Array pool rent/return (100 ControllerSnapshot)';Job-FSVFRZ;Default;Default;Default;Default;Default;Default;Default;Default;Default;Default;Default;Default;Default;Default;Default;Default;Default;Default;Default;Default;Default;Default;True;Default;Default;Default;Default;Default;Default;Default;Default;10;Default;1;Default;Default;Default;Default;Default;Default;Default;3;"Job-FSVFRZ(Server=True, IterationCount=10, LaunchCount=1, WarmupCount=3)";;1;Workload;Pilot;14;414400;15;27626.67;15;1;0;37600
MemoryAllocationBenchmarks.'Array pool rent/return (100 ControllerSnapshot)';RagnaController.Benchmarks;MemoryAllocationBenchmarks;'Array pool rent/return (100 ControllerSnapshot)';Job-FSVFRZ;Default;Default;Default;Default;Default;Default;Default;Default;Default;Default;Default;Default;Default;Default;Default;Default;Default;Default;Default;Default;Default;Default;True;Default;Default;Default;Default;Default;Default;Default;Default;10;Default;1;Default;Default;Default;Default;Default;Default;Default;3;"Job-FSVFRZ(Server=True, IterationCount=10, LaunchCount=1, WarmupCount=3)";;1;Workload;Pilot;15;553700;16;34606.25;15;1;0;37600
MemoryAllocationBenchmarks.'Array pool rent/return (100 ControllerSnapshot)';RagnaController.Benchmarks;MemoryAllocationBenchmarks;'Array pool rent/return (100 ControllerSnapshot)';Job-FSVFRZ;Default;Default;Default;Default;Default;Default;Default;Default;Default;Default;Default;Default;Default;Default;Default;Default;Default;Default;Default;Default;Default;Default;True;Default;Default;Default;Default;Default;Default;Default;Default;10;Default;1;Default;Default;Default;Default;Default;Default;Default;3;"Job-FSVFRZ(Server=True, IterationCount=10, LaunchCount=1, WarmupCount=3)";;1;Workload;Pilot;16;905600;32;28300;15;1;0;37600
MemoryAllocationBenchmarks.'Array pool rent/return (100 ControllerSnapshot)';RagnaController.Benchmarks;MemoryAllocationBenchmarks;'Array pool rent/return (100 ControllerSnapshot)';Job-FSVFRZ;Default;Default;Default;Default;Default;Default;Default;Default;Default;Default;Default;Default;Default;Default;Default;Default;Default;Default;Default;Default;Default;Default;True;Default;Default;Default;Default;Default;Default;Default;Default;10;Default;1;Default;Default;Default;Default;Default;Default;Default;3;"Job-FSVFRZ(Server=True, IterationCount=10, LaunchCount=1, WarmupCount=3)";;1;Workload;Pilot;17;1935800;64;30246.88;15;1;0;37600
MemoryAllocationBenchmarks.'Array pool rent/return (100 ControllerSnapshot)';RagnaController.Benchmarks;MemoryAllocationBenchmarks;'Array pool rent/return (100 ControllerSnapshot)';Job-FSVFRZ;Default;Default;Default;Default;Default;Default;Default;Default;Default;Default;Default;Default;Default;Default;Default;Default;Default;Default;Default;Default;Default;Default;True;Default;Default;Default;Default;Default;Default;Default;Default;10;Default;1;Default;Default;Default;Default;Default;Default;Default;3;"Job-FSVFRZ(Server=True, IterationCount=10, LaunchCount=1, WarmupCount=3)";;1;Workload;Pilot;18;3715000;128;29023.44;15;1;0;37600
MemoryAllocationBenchmarks.'Array pool rent/return (100 ControllerSnapshot)';RagnaController.Benchmarks;MemoryAllocationBenchmarks;'Array pool rent/return (100 ControllerSnapshot)';Job-FSVFRZ;Default;Default;Default;Default;Default;Default;Default;Default;Default;Default;Default;Default;Default;Default;Default;Default;Default;Default;Default;Default;Default;Default;True;Default;Default;Default;Default;Default;Default;Default;Default;10;Default;1;Default;Default;Default;Default;Default;Default;Default;3;"Job-FSVFRZ(Server=True, IterationCount=10, LaunchCount=1, WarmupCount=3)";;1;Workload;Pilot;19;8324500;256;32517.58;15;1;0;37600
MemoryAllocationBenchmarks.'Array pool rent/return (100 ControllerSnapshot)';RagnaController.Benchmarks;MemoryAllocationBenchmarks;'Array pool rent/return (100 ControllerSnapshot)';Job-FSVFRZ;Default;Default;Default;Default;Default;Default;Default;Default;Default;Default;Default;Default;Default;Default;Default;Default;Default;Default;Default;Default;Default;Default;True;Default;Default;Default;Default;Default;Default;Default;Default;10;Default;1;Default;Default;Default;Default;Default;Default;Default;3;"Job-FSVFRZ(Server=True, IterationCount=10, LaunchCount=1, WarmupCount=3)";;1;Workload;Pilot;20;16718400;512;32653.13;15;1;0;37600
MemoryAllocationBenchmarks.'Array pool rent/return (100 ControllerSnapshot)';RagnaController.Benchmarks;MemoryAllocationBenchmarks;'Array pool rent/return (100 ControllerSnapshot)';Job-FSVFRZ;Default;Default;Default;Default;Default;Default;Default;Default;Default;Default;Default;Default;Default;Default;Default;Default;Default;Default;Default;Default;Default;Default;True;Default;Default;Default;Default;Default;Default;Default;Default;10;Default;1;Default;Default;Default;Default;Default;Default;Default;3;"Job-FSVFRZ(Server=True, IterationCount=10, LaunchCount=1, WarmupCount=3)";;1;Workload;Pilot;21;33958100;1024;33162.21;15;1;0;37600
MemoryAllocationBenchmarks.'Array pool rent/return (100 ControllerSnapshot)';RagnaController.Benchmarks;MemoryAllocationBenchmarks;'Array pool rent/return (100 ControllerSnapshot)';Job-FSVFRZ;Default;Default;Default;Default;Default;Default;Default;Default;Default;Default;Default;Default;Default;Default;Default;Default;Default;Default;Default;Default;Default;Default;True;Default;Default;Default;Default;Default;Default;Default;Default;10;Default;1;Default;Default;Default;Default;Default;Default;Default;3;"Job-FSVFRZ(Server=True, IterationCount=10, LaunchCount=1, WarmupCount=3)";;1;Workload;Pilot;22;62592600;2048;30562.79;15;1;0;37600
MemoryAllocationBenchmarks.'Array pool rent/return (100 ControllerSnapshot)';RagnaController.Benchmarks;MemoryAllocationBenchmarks;'Array pool rent/return (100 ControllerSnapshot)';Job-FSVFRZ;Default;Default;Default;Default;Default;Default;Default;Default;Default;Default;Default;Default;Default;Default;Default;Default;Default;Default;Default;Default;Default;Default;True;Default;Default;Default;Default;Default;Default;Default;Default;10;Default;1;Default;Default;Default;Default;Default;Default;Default;3;"Job-FSVFRZ(Server=True, IterationCount=10, LaunchCount=1, WarmupCount=3)";;1;Workload;Pilot;23;163199900;4096;39843.73;15;1;0;37600
MemoryAllocationBenchmarks.'Array pool rent/return (100 ControllerSnapshot)';RagnaController.Benchmarks;MemoryAllocationBenchmarks;'Array pool rent/return (100 ControllerSnapshot)';Job-FSVFRZ;Default;Default;Default;Default;Default;Default;Default;Default;Default;Default;Default;Default;Default;Default;Default;Default;Default;Default;Default;Default;Default;Default;True;Default;Default;Default;Default;Default;Default;Default;Default;10;Default;1;Default;Default;Default;Default;Default;Default;Default;3;"Job-FSVFRZ(Server=True, IterationCount=10, LaunchCount=1, WarmupCount=3)";;1;Workload;Pilot;24;191231600;8192;23343.7;15;1;0;37600
MemoryAllocationBenchmarks.'Array pool rent/return (100 ControllerSnapshot)';RagnaController.Benchmarks;MemoryAllocationBenchmarks;'Array pool rent/return (100 ControllerSnapshot)';Job-FSVFRZ;Default;Default;Default;Default;Default;Default;Default;Default;Default;Default;Default;Default;Default;Default;Default;Default;Default;Default;Default;Default;Default;Default;True;Default;Default;Default;Default;Default;Default;Default;Default;10;Default;1;Default;Default;Default;Default;Default;Default;Default;3;"Job-FSVFRZ(Server=True, IterationCount=10, LaunchCount=1, WarmupCount=3)";;1;Workload;Pilot;25;251645100;16384;15359.2;15;1;0;37600
MemoryAllocationBenchmarks.'Array pool rent/return (100 ControllerSnapshot)';RagnaController.Benchmarks;MemoryAllocationBenchmarks;'Array pool rent/return (100 ControllerSnapshot)';Job-FSVFRZ;Default;Default;Default;Default;Default;Default;Default;Default;Default;Default;Default;Default;Default;Default;Default;Default;Default;Default;Default;Default;Default;Default;True;Default;Default;Default;Default;Default;Default;Default;Default;10;Default;1;Default;Default;Default;Default;Default;Default;Default;3;"Job-FSVFRZ(Server=True, IterationCount=10, LaunchCount=1, WarmupCount=3)";;1;Workload;Pilot;26;498218300;32768;15204.42;15;1;0;37600
MemoryAllocationBenchmarks.'Array pool rent/return (100 ControllerSnapshot)';RagnaController.Benchmarks;MemoryAllocationBenchmarks;'Array pool rent/return (100 ControllerSnapshot)';Job-FSVFRZ;Default;Default;Default;Default;Default;Default;Default;Default;Default;Default;Default;Default;Default;Default;Default;Default;Default;Default;Default;Default;Default;Default;True;Default;Default;Default;Default;Default;Default;Default;Default;10;Default;1;Default;Default;Default;Default;Default;Default;Default;3;"Job-FSVFRZ(Server=True, IterationCount=10, LaunchCount=1, WarmupCount=3)";;1;Workload;Pilot;27;987104300;65536;15062.02;15;1;0;37600
MemoryAllocationBenchmarks.'Array pool rent/return (100 ControllerSnapshot)';RagnaController.Benchmarks;MemoryAllocationBenchmarks;'Array pool rent/return (100 ControllerSnapshot)';Job-FSVFRZ;Default;Default;Default;Default;Default;Default;Default;Default;Default;Default;Default;Default;Default;Default;Default;Default;Default;Default;Default;Default;Default;Default;True;Default;Default;Default;Default;Default;Default;Default;Default;10;Default;1;Default;Default;Default;Default;Default;Default;Default;3;"Job-FSVFRZ(Server=True, IterationCount=10, LaunchCount=1, WarmupCount=3)";;1;Workload;Warmup;1;1136170600;65536;17336.59;15;1;0;37600
MemoryAllocationBenchmarks.'Array pool rent/return (100 ControllerSnapshot)';RagnaController.Benchmarks;MemoryAllocationBenchmarks;'Array pool rent/return (100 ControllerSnapshot)';Job-FSVFRZ;Default;Default;Default;Default;Default;Default;Default;Default;Default;Default;Default;Default;Default;Default;Default;Default;Default;Default;Default;Default;Default;Default;True;Default;Default;Default;Default;Default;Default;Default;Default;10;Default;1;Default;Default;Default;Default;Default;Default;Default;3;"Job-FSVFRZ(Server=True, IterationCount=10, LaunchCount=1, WarmupCount=3)";;1;Workload;Warmup;2;1132558800;65536;17281.48;15;1;0;37600
MemoryAllocationBenchmarks.'Array pool rent/return (100 ControllerSnapshot)';RagnaController.Benchmarks;MemoryAllocationBenchmarks;'Array pool rent/return (100 ControllerSnapshot)';Job-FSVFRZ;Default;Default;Default;Default;Default;Default;Default;Default;Default;Default;Default;Default;Default;Default;Default;Default;Default;Default;Default;Default;Default;Default;True;Default;Default;Default;Default;Default;Default;Default;Default;10;Default;1;Default;Default;Default;Default;Default;Default;Default;3;"Job-FSVFRZ(Server=True, IterationCount=10, LaunchCount=1, WarmupCount=3)";;1;Workload;Warmup;3;1124733600;65536;17162.07;15;1;0;37600
MemoryAllocationBenchmarks.'Array pool rent/return (100 ControllerSnapshot)';RagnaController.Benchmarks;MemoryAllocationBenchmarks;'Array pool rent/return (100 ControllerSnapshot)';Job-FSVFRZ;Default;Default;Default;Default;Default;Default;Default;Default;Default;Default;Default;Default;Default;Default;Default;Default;Default;Default;Default;Default;Default;Default;True;Default;Default;Default;Default;Default;Default;Default;Default;10;Default;1;Default;Default;Default;Default;Default;Default;Default;3;"Job-FSVFRZ(Server=True, IterationCount=10, LaunchCount=1, WarmupCount=3)";;1;Workload;Actual;1;1200360900;65536;18316.05;15;1;0;37600
MemoryAllocationBenchmarks.'Array pool rent/return (100 ControllerSnapshot)';RagnaController.Benchmarks;MemoryAllocationBenchmarks;'Array pool rent/return (100 ControllerSnapshot)';Job-FSVFRZ;Default;Default;Default;Default;Default;Default;Default;Default;Default;Default;Default;Default;Default;Default;Default;Default;Default;Default;Default;Default;Default;Default;True;Default;Default;Default;Default;Default;Default;Default;Default;10;Default;1;Default;Default;Default;Default;Default;Default;Default;3;"Job-FSVFRZ(Server=True, IterationCount=10, LaunchCount=1, WarmupCount=3)";;1;Workload;Actual;2;1341564600;65536;20470.65;15;1;0;37600
MemoryAllocationBenchmarks.'Array pool rent/return (100 ControllerSnapshot)';RagnaController.Benchmarks;MemoryAllocationBenchmarks;'Array pool rent/return (100 ControllerSnapshot)';Job-FSVFRZ;Default;Default;Default;Default;Default;Default;Default;Default;Default;Default;Default;Default;Default;Default;Default;Default;Default;Default;Default;Default;Default;Default;True;Default;Default;Default;Default;Default;Default;Default;Default;10;Default;1;Default;Default;Default;Default;Default;Default;Default;3;"Job-FSVFRZ(Server=True, IterationCount=10, LaunchCount=1, WarmupCount=3)";;1;Workload;Actual;3;1301179400;65536;19854.42;15;1;0;37600
MemoryAllocationBenchmarks.'Array pool rent/return (100 ControllerSnapshot)';RagnaController.Benchmarks;MemoryAllocationBenchmarks;'Array pool rent/return (100 ControllerSnapshot)';Job-FSVFRZ;Default;Default;Default;Default;Default;Default;Default;Default;Default;Default;Default;Default;Default;Default;Default;Default;Default;Default;Default;Default;Default;Default;True;Default;Default;Default;Default;Default;Default;Default;Default;10;Default;1;Default;Default;Default;Default;Default;Default;Default;3;"Job-FSVFRZ(Server=True, IterationCount=10, LaunchCount=1, WarmupCount=3)";;1;Workload;Actual;4;1125254600;65536;17170.02;15;1;0;37600
MemoryAllocationBenchmarks.'Array pool rent/return (100 ControllerSnapshot)';RagnaController.Benchmarks;MemoryAllocationBenchmarks;'Array pool rent/return (100 ControllerSnapshot)';Job-FSVFRZ;Default;Default;Default;Default;Default;Default;Default;Default;Default;Default;Default;Default;Default;Default;Default;Default;Default;Default;Default;Default;Default;Default;True;Default;Default;Default;Default;Default;Default;Default;Default;10;Default;1;Default;Default;Default;Default;Default;Default;Default;3;"Job-FSVFRZ(Server=True, IterationCount=10, LaunchCount=1, WarmupCount=3)";;1;Workload;Actual;5;1146253500;65536;17490.44;15;1;0;37600
MemoryAllocationBenchmarks.'Array pool rent/return (100 ControllerSnapshot)';RagnaController.Benchmarks;MemoryAllocationBenchmarks;'Array pool rent/return (100 ControllerSnapshot)';Job-FSVFRZ;Default;Default;Default;Default;Default;Default;Default;Default;Default;Default;Default;Default;Default;Default;Default;Default;Default;Default;Default;Default;Default;Default;True;Default;Default;Default;Default;Default;Default;Default;Default;10;Default;1;Default;Default;Default;Default;Default;Default;Default;3;"Job-FSVFRZ(Server=True, IterationCount=10, LaunchCount=1, WarmupCount=3)";;1;Workload;Actual;6;1195526300;65536;18242.28;15;1;0;37600
MemoryAllocationBenchmarks.'Array pool rent/return (100 ControllerSnapshot)';RagnaController.Benchmarks;MemoryAllocationBenchmarks;'Array pool rent/return (100 ControllerSnapshot)';Job-FSVFRZ;Default;Default;Default;Default;Default;Default;Default;Default;Default;Default;Default;Default;Default;Default;Default;Default;Default;Default;Default;Default;Default;Default;True;Default;Default;Default;Default;Default;Default;Default;Default;10;Default;1;Default;Default;Default;Default;Default;Default;Default;3;"Job-FSVFRZ(Server=True, IterationCount=10, LaunchCount=1, WarmupCount=3)";;1;Workload;Actual;7;1141820500;65536;17422.8;15;1;0;37600
MemoryAllocationBenchmarks.'Array pool rent/return (100 ControllerSnapshot)';RagnaController.Benchmarks;MemoryAllocationBenchmarks;'Array pool rent/return (100 ControllerSnapshot)';Job-FSVFRZ;Default;Default;Default;Default;Default;Default;Default;Default;Default;Default;Default;Default;Default;Default;Default;Default;Default;Default;Default;Default;Default;Default;True;Default;Default;Default;Default;Default;Default;Default;Default;10;Default;1;Default;Default;Default;Default;Default;Default;Default;3;"Job-FSVFRZ(Server=True, IterationCount=10, LaunchCount=1, WarmupCount=3)";;1;Workload;Actual;8;1208272200;65536;18436.77;15;1;0;37600
MemoryAllocationBenchmarks.'Array pool rent/return (100 ControllerSnapshot)';RagnaController.Benchmarks;MemoryAllocationBenchmarks;'Array pool rent/return (100 ControllerSnapshot)';Job-FSVFRZ;Default;Default;Default;Default;Default;Default;Default;Default;Default;Default;Default;Default;Default;Default;Default;Default;Default;Default;Default;Default;Default;Default;True;Default;Default;Default;Default;Default;Default;Default;Default;10;Default;1;Default;Default;Default;Default;Default;Default;Default;3;"Job-FSVFRZ(Server=True, IterationCount=10, LaunchCount=1, WarmupCount=3)";;1;Workload;Actual;9;1157289400;65536;17658.83;15;1;0;37600
MemoryAllocationBenchmarks.'Array pool rent/return (100 ControllerSnapshot)';RagnaController.Benchmarks;MemoryAllocationBenchmarks;'Array pool rent/return (100 ControllerSnapshot)';Job-FSVFRZ;Default;Default;Default;Default;Default;Default;Default;Default;Default;Default;Default;Default;Default;Default;Default;Default;Default;Default;Default;Default;Default;Default;True;Default;Default;Default;Default;Default;Default;Default;Default;10;Default;1;Default;Default;Default;Default;Default;Default;Default;3;"Job-FSVFRZ(Server=True, IterationCount=10, LaunchCount=1, WarmupCount=3)";;1;Workload;Actual;10;1121198400;65536;17108.13;15;1;0;37600
MemoryAllocationBenchmarks.'Array pool rent/return (100 ControllerSnapshot)';RagnaController.Benchmarks;MemoryAllocationBenchmarks;'Array pool rent/return (100 ControllerSnapshot)';Job-FSVFRZ;Default;Default;Default;Default;Default;Default;Default;Default;Default;Default;Default;Default;Default;Default;Default;Default;Default;Default;Default;Default;Default;Default;True;Default;Default;Default;Default;Default;Default;Default;Default;10;Default;1;Default;Default;Default;Default;Default;Default;Default;3;"Job-FSVFRZ(Server=True, IterationCount=10, LaunchCount=1, WarmupCount=3)";;1;Workload;Result;1;1200360900;65536;18316.05;15;1;0;37600
MemoryAllocationBenchmarks.'Array pool rent/return (100 ControllerSnapshot)';RagnaController.Benchmarks;MemoryAllocationBenchmarks;'Array pool rent/return (100 ControllerSnapshot)';Job-FSVFRZ;Default;Default;Default;Default;Default;Default;Default;Default;Default;Default;Default;Default;Default;Default;Default;Default;Default;Default;Default;Default;Default;Default;True;Default;Default;Default;Default;Default;Default;Default;Default;10;Default;1;Default;Default;Default;Default;Default;Default;Default;3;"Job-FSVFRZ(Server=True, IterationCount=10, LaunchCount=1, WarmupCount=3)";;1;Workload;Result;2;1301179400;65536;19854.42;15;1;0;37600
MemoryAllocationBenchmarks.'Array pool rent/return (100 ControllerSnapshot)';RagnaController.Benchmarks;MemoryAllocationBenchmarks;'Array pool rent/return (100 ControllerSnapshot)';Job-FSVFRZ;Default;Default;Default;Default;Default;Default;Default;Default;Default;Default;Default;Default;Default;Default;Default;Default;Default;Default;Default;Default;Default;Default;True;Default;Default;Default;Default;Default;Default;Default;Default;10;Default;1;Default;Default;Default;Default;Default;Default;Default;3;"Job-FSVFRZ(Server=True, IterationCount=10, LaunchCount=1, WarmupCount=3)";;1;Workload;Result;3;1125254600;65536;17170.02;15;1;0;37600
MemoryAllocationBenchmarks.'Array pool rent/return (100 ControllerSnapshot)';RagnaController.Benchmarks;MemoryAllocationBenchmarks;'Array pool rent/return (100 ControllerSnapshot)';Job-FSVFRZ;Default;Default;Default;Default;Default;Default;Default;Default;Default;Default;Default;Default;Default;Default;Default;Default;Default;Default;Default;Default;Default;Default;True;Default;Default;Default;Default;Default;Default;Default;Default;10;Default;1;Default;Default;Default;Default;Default;Default;Default;3;"Job-FSVFRZ(Server=True, IterationCount=10, LaunchCount=1, WarmupCount=3)";;1;Workload;Result;4;1146253500;65536;17490.44;15;1;0;37600
MemoryAllocationBenchmarks.'Array pool rent/return (100 ControllerSnapshot)';RagnaController.Benchmarks;MemoryAllocationBenchmarks;'Array pool rent/return (100 ControllerSnapshot)';Job-FSVFRZ;Default;Default;Default;Default;Default;Default;Default;Default;Default;Default;Default;Default;Default;Default;Default;Default;Default;Default;Default;Default;Default;Default;True;Default;Default;Default;Default;Default;Default;Default;Default;10;Default;1;Default;Default;Default;Default;Default;Default;Default;3;"Job-FSVFRZ(Server=True, IterationCount=10, LaunchCount=1, WarmupCount=3)";;1;Workload;Result;5;1195526300;65536;18242.28;15;1;0;37600
MemoryAllocationBenchmarks.'Array pool rent/return (100 ControllerSnapshot)';RagnaController.Benchmarks;MemoryAllocationBenchmarks;'Array pool rent/return (100 ControllerSnapshot)';Job-FSVFRZ;Default;Default;Default;Default;Default;Default;Default;Default;Default;Default;Default;Default;Default;Default;Default;Default;Default;Default;Default;Default;Default;Default;True;Default;Default;Default;Default;Default;Default;Default;Default;10;Default;1;Default;Default;Default;Default;Default;Default;Default;3;"Job-FSVFRZ(Server=True, IterationCount=10, LaunchCount=1, WarmupCount=3)";;1;Workload;Result;6;1141820500;65536;17422.8;15;1;0;37600
MemoryAllocationBenchmarks.'Array pool rent/return (100 ControllerSnapshot)';RagnaController.Benchmarks;MemoryAllocationBenchmarks;'Array pool rent/return (100 ControllerSnapshot)';Job-FSVFRZ;Default;Default;Default;Default;Default;Default;Default;Default;Default;Default;Default;Default;Default;Default;Default;Default;Default;Default;Default;Default;Default;Default;True;Default;Default;Default;Default;Default;Default;Default;Default;10;Default;1;Default;Default;Default;Default;Default;Default;Default;3;"Job-FSVFRZ(Server=True, IterationCount=10, LaunchCount=1, WarmupCount=3)";;1;Workload;Result;7;1208272200;65536;18436.77;15;1;0;37600
MemoryAllocationBenchmarks.'Array pool rent/return (100 ControllerSnapshot)';RagnaController.Benchmarks;MemoryAllocationBenchmarks;'Array pool rent/return (100 ControllerSnapshot)';Job-FSVFRZ;Default;Default;Default;Default;Default;Default;Default;Default;Default;Default;Default;Default;Default;Default;Default;Default;Default;Default;Default;Default;Default;Default;True;Default;Default;Default;Default;Default;Default;Default;Default;10;Default;1;Default;Default;Default;Default;Default;Default;Default;3;"Job-FSVFRZ(Server=True, IterationCount=10, LaunchCount=1, WarmupCount=3)";;1;Workload;Result;8;1157289400;65536;17658.83;15;1;0;37600
MemoryAllocationBenchmarks.'Array pool rent/return (100 ControllerSnapshot)';RagnaController.Benchmarks;MemoryAllocationBenchmarks;'Array pool rent/return (100 ControllerSnapshot)';Job-FSVFRZ;Default;Default;Default;Default;Default;Default;Default;Default;Default;Default;Default;Default;Default;Default;Default;Default;Default;Default;Default;Default;Default;Default;True;Default;Default;Default;Default;Default;Default;Default;Default;10;Default;1;Default;Default;Default;Default;Default;Default;Default;3;"Job-FSVFRZ(Server=True, IterationCount=10, LaunchCount=1, WarmupCount=3)";;1;Workload;Result;9;1121198400;65536;17108.13;15;1;0;37600
