Target;Target_Namespace;Target_Type;Target_Method;Job_Id;Job_AnalyzeLaunchVariance;Job_EvaluateOverhead;Job_MaxAbsoluteError;Job_MaxRelativeError;Job_MinInvokeCount;Job_MinIterationTime;Job_OutlierMode;Job_Affinity;Job_EnvironmentVariables;Job_Jit;Job_LargeAddressAware;Job_Platform;Job_PowerPlanMode;Job_Runtime;Job_AllowVeryLargeObjects;Job_Concurrent;Job_CpuGroups;Job_Force;Job_HeapAffinitizeMask;Job_HeapCount;Job_NoAffinitize;Job_RetainVm;Job_Server;Job_Arguments;Job_BuildConfiguration;Job_Clock;Job_EngineFactory;Job_NuGetReferences;Job_Toolchain;Job_IsMutator;Job_InvocationCount;Job_IterationCount;Job_IterationTime;Job_LaunchCount;Job_MaxIterationCount;Job_MaxWarmupIterationCount;Job_MemoryRandomization;Job_MinIterationCount;Job_MinWarmupIterationCount;Job_RunStrategy;Job_UnrollFactor;Job_WarmupCount;Job_Display;Params;Measurement_LaunchIndex;Measurement_IterationMode;Measurement_IterationStage;Measurement_IterationIndex;Measurement_Nanoseconds;Measurement_Operations;Measurement_Value;Gen_0;Gen_1;Gen_2;Allocated_Bytes
InputLatencyBenchmarks.'End-to-end latency: KeyDown+KeyUp (hardware→SendInput)';RagnaController.Benchmarks;InputLatencyBenchmarks;'End-to-end latency: KeyDown+KeyUp (hardware→SendInput)';Job-FSVFRZ;Default;Default;Default;Default;Default;Default;Default;Default;Default;Default;Default;Default;Default;Default;Default;Default;Default;Default;Default;Default;Default;Default;True;Default;Default;Default;Default;Default;Default;Default;Default;10;Default;1;Default;Default;Default;Default;Default;Default;Default;3;"Job-FSVFRZ(Server=True, IterationCount=10, LaunchCount=1, WarmupCount=3)";;1;Overhead;Jitting;1;139000;1;139000;1;0;0;377242
InputLatencyBenchmarks.'End-to-end latency: KeyDown+KeyUp (hardware→SendInput)';RagnaController.Benchmarks;InputLatencyBenchmarks;'End-to-end latency: KeyDown+KeyUp (hardware→SendInput)';Job-FSVFRZ;Default;Default;Default;Default;Default;Default;Default;Default;Default;Default;Default;Default;Default;Default;Default;Default;Default;Default;Default;Default;Default;Default;True;Default;Default;Default;Default;Default;Default;Default;Default;10;Default;1;Default;Default;Default;Default;Default;Default;Default;3;"Job-FSVFRZ(Server=True, IterationCount=10, LaunchCount=1, WarmupCount=3)";;1;Workload;Jitting;1;19871800;1;19871800;1;0;0;377242
InputLatencyBenchmarks.'End-to-end latency: KeyDown+KeyUp (hardware→SendInput)';RagnaController.Benchmarks;InputLatencyBenchmarks;'End-to-end latency: KeyDown+KeyUp (hardware→SendInput)';Job-FSVFRZ;Default;Default;Default;Default;Default;Default;Default;Default;Default;Default;Default;Default;Default;Default;Default;Default;Default;Default;Default;Default;Default;Default;True;Default;Default;Default;Default;Default;Default;Default;Default;10;Default;1;Default;Default;Default;Default;Default;Default;Default;3;"Job-FSVFRZ(Server=True, IterationCount=10, LaunchCount=1, WarmupCount=3)";;1;Overhead;Jitting;2;454900;16;28431.25;1;0;0;377242
InputLatencyBenchmarks.'End-to-end latency: KeyDown+KeyUp (hardware→SendInput)';RagnaController.Benchmarks;InputLatencyBenchmarks;'End-to-end latency: KeyDown+KeyUp (hardware→SendInput)';Job-FSVFRZ;Default;Default;Default;Default;Default;Default;Default;Default;Default;Default;Default;Default;Default;Default;Default;Default;Default;Default;Default;Default;Default;Default;True;Default;Default;Default;Default;Default;Default;Default;Default;10;Default;1;Default;Default;Default;Default;Default;Default;Default;3;"Job-FSVFRZ(Server=True, IterationCount=10, LaunchCount=1, WarmupCount=3)";;1;Workload;Jitting;2;11613600;16;725850;1;0;0;377242
InputLatencyBenchmarks.'End-to-end latency: KeyDown+KeyUp (hardware→SendInput)';RagnaController.Benchmarks;InputLatencyBenchmarks;'End-to-end latency: KeyDown+KeyUp (hardware→SendInput)';Job-FSVFRZ;Default;Default;Default;Default;Default;Default;Default;Default;Default;Default;Default;Default;Default;Default;Default;Default;Default;Default;Default;Default;Default;Default;True;Default;Default;Default;Default;Default;Default;Default;Default;10;Default;1;Default;Default;Default;Default;Default;Default;Default;3;"Job-FSVFRZ(Server=True, IterationCount=10, LaunchCount=1, WarmupCount=3)";;1;Workload;Pilot;1;12976400;16;811025;1;0;0;377242
InputLatencyBenchmarks.'End-to-end latency: KeyDown+KeyUp (hardware→SendInput)';RagnaController.Benchmarks;InputLatencyBenchmarks;'End-to-end latency: KeyDown+KeyUp (hardware→SendInput)';Job-FSVFRZ;Default;Default;Default;Default;Default;Default;Default;Default;Default;Default;Default;Default;Default;Default;Default;Default;Default;Default;Default;Default;Default;Default;True;Default;Default;Default;Default;Default;Default;Default;Default;10;Default;1;Default;Default;Default;Default;Default;Default;Default;3;"Job-FSVFRZ(Server=True, IterationCount=10, LaunchCount=1, WarmupCount=3)";;1;Workload;Pilot;2;25237200;32;788662.5;1;0;0;377242
InputLatencyBenchmarks.'End-to-end latency: KeyDown+KeyUp (hardware→SendInput)';RagnaController.Benchmarks;InputLatencyBenchmarks;'End-to-end latency: KeyDown+KeyUp (hardware→SendInput)';Job-FSVFRZ;Default;Default;Default;Default;Default;Default;Default;Default;Default;Default;Default;Default;Default;Default;Default;Default;Default;Default;Default;Default;Default;Default;True;Default;Default;Default;Default;Default;Default;Default;Default;10;Default;1;Default;Default;Default;Default;Default;Default;Default;3;"Job-FSVFRZ(Server=True, IterationCount=10, LaunchCount=1, WarmupCount=3)";;1;Workload;Pilot;3;53161900;64;830654.69;1;0;0;377242
InputLatencyBenchmarks.'End-to-end latency: KeyDown+KeyUp (hardware→SendInput)';RagnaController.Benchmarks;InputLatencyBenchmarks;'End-to-end latency: KeyDown+KeyUp (hardware→SendInput)';Job-FSVFRZ;Default;Default;Default;Default;Default;Default;Default;Default;Default;Default;Default;Default;Default;Default;Default;Default;Default;Default;Default;Default;Default;Default;True;Default;Default;Default;Default;Default;Default;Default;Default;10;Default;1;Default;Default;Default;Default;Default;Default;Default;3;"Job-FSVFRZ(Server=True, IterationCount=10, LaunchCount=1, WarmupCount=3)";;1;Workload;Pilot;4;110699400;128;864839.06;1;0;0;377242
InputLatencyBenchmarks.'End-to-end latency: KeyDown+KeyUp (hardware→SendInput)';RagnaController.Benchmarks;InputLatencyBenchmarks;'End-to-end latency: KeyDown+KeyUp (hardware→SendInput)';Job-FSVFRZ;Default;Default;Default;Default;Default;Default;Default;Default;Default;Default;Default;Default;Default;Default;Default;Default;Default;Default;Default;Default;Default;Default;True;Default;Default;Default;Default;Default;Default;Default;Default;10;Default;1;Default;Default;Default;Default;Default;Default;Default;3;"Job-FSVFRZ(Server=True, IterationCount=10, LaunchCount=1, WarmupCount=3)";;1;Workload;Pilot;5;149974200;256;585836.72;1;0;0;377242
InputLatencyBenchmarks.'End-to-end latency: KeyDown+KeyUp (hardware→SendInput)';RagnaController.Benchmarks;InputLatencyBenchmarks;'End-to-end latency: KeyDown+KeyUp (hardware→SendInput)';Job-FSVFRZ;Default;Default;Default;Default;Default;Default;Default;Default;Default;Default;Default;Default;Default;Default;Default;Default;Default;Default;Default;Default;Default;Default;True;Default;Default;Default;Default;Default;Default;Default;Default;10;Default;1;Default;Default;Default;Default;Default;Default;Default;3;"Job-FSVFRZ(Server=True, IterationCount=10, LaunchCount=1, WarmupCount=3)";;1;Workload;Pilot;6;248997900;512;486324.02;1;0;0;377242
InputLatencyBenchmarks.'End-to-end latency: KeyDown+KeyUp (hardware→SendInput)';RagnaController.Benchmarks;InputLatencyBenchmarks;'End-to-end latency: KeyDown+KeyUp (hardware→SendInput)';Job-FSVFRZ;Default;Default;Default;Default;Default;Default;Default;Default;Default;Default;Default;Default;Default;Default;Default;Default;Default;Default;Default;Default;Default;Default;True;Default;Default;Default;Default;Default;Default;Default;Default;10;Default;1;Default;Default;Default;Default;Default;Default;Default;3;"Job-FSVFRZ(Server=True, IterationCount=10, LaunchCount=1, WarmupCount=3)";;1;Workload;Pilot;7;598297500;1024;584274.9;1;0;0;377242
InputLatencyBenchmarks.'End-to-end latency: KeyDown+KeyUp (hardware→SendInput)';RagnaController.Benchmarks;InputLatencyBenchmarks;'End-to-end latency: KeyDown+KeyUp (hardware→SendInput)';Job-FSVFRZ;Default;Default;Default;Default;Default;Default;Default;Default;Default;Default;Default;Default;Default;Default;Default;Default;Default;Default;Default;Default;Default;Default;True;Default;Default;Default;Default;Default;Default;Default;Default;10;Default;1;Default;Default;Default;Default;Default;Default;Default;3;"Job-FSVFRZ(Server=True, IterationCount=10, LaunchCount=1, WarmupCount=3)";;1;Overhead;Warmup;1;6600;1024;6.45;1;0;0;377242
InputLatencyBenchmarks.'End-to-end latency: KeyDown+KeyUp (hardware→SendInput)';RagnaController.Benchmarks;InputLatencyBenchmarks;'End-to-end latency: KeyDown+KeyUp (hardware→SendInput)';Job-FSVFRZ;Default;Default;Default;Default;Default;Default;Default;Default;Default;Default;Default;Default;Default;Default;Default;Default;Default;Default;Default;Default;Default;Default;True;Default;Default;Default;Default;Default;Default;Default;Default;10;Default;1;Default;Default;Default;Default;Default;Default;Default;3;"Job-FSVFRZ(Server=True, IterationCount=10, LaunchCount=1, WarmupCount=3)";;1;Overhead;Warmup;2;3400;1024;3.32;1;0;0;377242
InputLatencyBenchmarks.'End-to-end latency: KeyDown+KeyUp (hardware→SendInput)';RagnaController.Benchmarks;InputLatencyBenchmarks;'End-to-end latency: KeyDown+KeyUp (hardware→SendInput)';Job-FSVFRZ;Default;Default;Default;Default;Default;Default;Default;Default;Default;Default;Default;Default;Default;Default;Default;Default;Default;Default;Default;Default;Default;Default;True;Default;Default;Default;Default;Default;Default;Default;Default;10;Default;1;Default;Default;Default;Default;Default;Default;Default;3;"Job-FSVFRZ(Server=True, IterationCount=10, LaunchCount=1, WarmupCount=3)";;1;Overhead;Warmup;3;4300;1024;4.2;1;0;0;377242
InputLatencyBenchmarks.'End-to-end latency: KeyDown+KeyUp (hardware→SendInput)';RagnaController.Benchmarks;InputLatencyBenchmarks;'End-to-end latency: KeyDown+KeyUp (hardware→SendInput)';Job-FSVFRZ;Default;Default;Default;Default;Default;Default;Default;Default;Default;Default;Default;Default;Default;Default;Default;Default;Default;Default;Default;Default;Default;Default;True;Default;Default;Default;Default;Default;Default;Default;Default;10;Default;1;Default;Default;Default;Default;Default;Default;Default;3;"Job-FSVFRZ(Server=True, IterationCount=10, LaunchCount=1, WarmupCount=3)";;1;Overhead;Warmup;4;3000;1024;2.93;1;0;0;377242
InputLatencyBenchmarks.'End-to-end latency: KeyDown+KeyUp (hardware→SendInput)';RagnaController.Benchmarks;InputLatencyBenchmarks;'End-to-end latency: KeyDown+KeyUp (hardware→SendInput)';Job-FSVFRZ;Default;Default;Default;Default;Default;Default;Default;Default;Default;Default;Default;Default;Default;Default;Default;Default;Default;Default;Default;Default;Default;Default;True;Default;Default;Default;Default;Default;Default;Default;Default;10;Default;1;Default;Default;Default;Default;Default;Default;Default;3;"Job-FSVFRZ(Server=True, IterationCount=10, LaunchCount=1, WarmupCount=3)";;1;Overhead;Warmup;5;4300;1024;4.2;1;0;0;377242
InputLatencyBenchmarks.'End-to-end latency: KeyDown+KeyUp (hardware→SendInput)';RagnaController.Benchmarks;InputLatencyBenchmarks;'End-to-end latency: KeyDown+KeyUp (hardware→SendInput)';Job-FSVFRZ;Default;Default;Default;Default;Default;Default;Default;Default;Default;Default;Default;Default;Default;Default;Default;Default;Default;Default;Default;Default;Default;Default;True;Default;Default;Default;Default;Default;Default;Default;Default;10;Default;1;Default;Default;Default;Default;Default;Default;Default;3;"Job-FSVFRZ(Server=True, IterationCount=10, LaunchCount=1, WarmupCount=3)";;1;Overhead;Warmup;6;4600;1024;4.49;1;0;0;377242
InputLatencyBenchmarks.'End-to-end latency: KeyDown+KeyUp (hardware→SendInput)';RagnaController.Benchmarks;InputLatencyBenchmarks;'End-to-end latency: KeyDown+KeyUp (hardware→SendInput)';Job-FSVFRZ;Default;Default;Default;Default;Default;Default;Default;Default;Default;Default;Default;Default;Default;Default;Default;Default;Default;Default;Default;Default;Default;Default;True;Default;Default;Default;Default;Default;Default;Default;Default;10;Default;1;Default;Default;Default;Default;Default;Default;Default;3;"Job-FSVFRZ(Server=True, IterationCount=10, LaunchCount=1, WarmupCount=3)";;1;Overhead;Warmup;7;3100;1024;3.03;1;0;0;377242
InputLatencyBenchmarks.'End-to-end latency: KeyDown+KeyUp (hardware→SendInput)';RagnaController.Benchmarks;InputLatencyBenchmarks;'End-to-end latency: KeyDown+KeyUp (hardware→SendInput)';Job-FSVFRZ;Default;Default;Default;Default;Default;Default;Default;Default;Default;Default;Default;Default;Default;Default;Default;Default;Default;Default;Default;Default;Default;Default;True;Default;Default;Default;Default;Default;Default;Default;Default;10;Default;1;Default;Default;Default;Default;Default;Default;Default;3;"Job-FSVFRZ(Server=True, IterationCount=10, LaunchCount=1, WarmupCount=3)";;1;Overhead;Actual;1;3497400;1024;3415.43;1;0;0;377242
InputLatencyBenchmarks.'End-to-end latency: KeyDown+KeyUp (hardware→SendInput)';RagnaController.Benchmarks;InputLatencyBenchmarks;'End-to-end latency: KeyDown+KeyUp (hardware→SendInput)';Job-FSVFRZ;Default;Default;Default;Default;Default;Default;Default;Default;Default;Default;Default;Default;Default;Default;Default;Default;Default;Default;Default;Default;Default;Default;True;Default;Default;Default;Default;Default;Default;Default;Default;10;Default;1;Default;Default;Default;Default;Default;Default;Default;3;"Job-FSVFRZ(Server=True, IterationCount=10, LaunchCount=1, WarmupCount=3)";;1;Overhead;Actual;2;3600;1024;3.52;1;0;0;377242
InputLatencyBenchmarks.'End-to-end latency: KeyDown+KeyUp (hardware→SendInput)';RagnaController.Benchmarks;InputLatencyBenchmarks;'End-to-end latency: KeyDown+KeyUp (hardware→SendInput)';Job-FSVFRZ;Default;Default;Default;Default;Default;Default;Default;Default;Default;Default;Default;Default;Default;Default;Default;Default;Default;Default;Default;Default;Default;Default;True;Default;Default;Default;Default;Default;Default;Default;Default;10;Default;1;Default;Default;Default;Default;Default;Default;Default;3;"Job-FSVFRZ(Server=True, IterationCount=10, LaunchCount=1, WarmupCount=3)";;1;Overhead;Actual;3;4700;1024;4.59;1;0;0;377242
InputLatencyBenchmarks.'End-to-end latency: KeyDown+KeyUp (hardware→SendInput)';RagnaController.Benchmarks;InputLatencyBenchmarks;'End-to-end latency: KeyDown+KeyUp (hardware→SendInput)';Job-FSVFRZ;Default;Default;Default;Default;Default;Default;Default;Default;Default;Default;Default;Default;Default;Default;Default;Default;Default;Default;Default;Default;Default;Default;True;Default;Default;Default;Default;Default;Default;Default;Default;10;Default;1;Default;Default;Default;Default;Default;Default;Default;3;"Job-FSVFRZ(Server=True, IterationCount=10, LaunchCount=1, WarmupCount=3)";;1;Overhead;Actual;4;5600;1024;5.47;1;0;0;377242
InputLatencyBenchmarks.'End-to-end latency: KeyDown+KeyUp (hardware→SendInput)';RagnaController.Benchmarks;InputLatencyBenchmarks;'End-to-end latency: KeyDown+KeyUp (hardware→SendInput)';Job-FSVFRZ;Default;Default;Default;Default;Default;Default;Default;Default;Default;Default;Default;Default;Default;Default;Default;Default;Default;Default;Default;Default;Default;Default;True;Default;Default;Default;Default;Default;Default;Default;Default;10;Default;1;Default;Default;Default;Default;Default;Default;Default;3;"Job-FSVFRZ(Server=True, IterationCount=10, LaunchCount=1, WarmupCount=3)";;1;Overhead;Actual;5;4200;1024;4.1;1;0;0;377242
InputLatencyBenchmarks.'End-to-end latency: KeyDown+KeyUp (hardware→SendInput)';RagnaController.Benchmarks;InputLatencyBenchmarks;'End-to-end latency: KeyDown+KeyUp (hardware→SendInput)';Job-FSVFRZ;Default;Default;Default;Default;Default;Default;Default;Default;Default;Default;Default;Default;Default;Default;Default;Default;Default;Default;Default;Default;Default;Default;True;Default;Default;Default;Default;Default;Default;Default;Default;10;Default;1;Default;Default;Default;Default;Default;Default;Default;3;"Job-FSVFRZ(Server=True, IterationCount=10, LaunchCount=1, WarmupCount=3)";;1;Overhead;Actual;6;3800;1024;3.71;1;0;0;377242
InputLatencyBenchmarks.'End-to-end latency: KeyDown+KeyUp (hardware→SendInput)';RagnaController.Benchmarks;InputLatencyBenchmarks;'End-to-end latency: KeyDown+KeyUp (hardware→SendInput)';Job-FSVFRZ;Default;Default;Default;Default;Default;Default;Default;Default;Default;Default;Default;Default;Default;Default;Default;Default;Default;Default;Default;Default;Default;Default;True;Default;Default;Default;Default;Default;Default;Default;Default;10;Default;1;Default;Default;Default;Default;Default;Default;Default;3;"Job-FSVFRZ(Server=True, IterationCount=10, LaunchCount=1, WarmupCount=3)";;1;Overhead;Actual;7;3600;1024;3.52;1;0;0;377242
InputLatencyBenchmarks.'End-to-end latency: KeyDown+KeyUp (hardware→SendInput)';RagnaController.Benchmarks;InputLatencyBenchmarks;'End-to-end latency: KeyDown+KeyUp (hardware→SendInput)';Job-FSVFRZ;Default;Default;Default;Default;Default;Default;Default;Default;Default;Default;Default;Default;Default;Default;Default;Default;Default;Default;Default;Default;Default;Default;True;Default;Default;Default;Default;Default;Default;Default;Default;10;Default;1;Default;Default;Default;Default;Default;Default;Default;3;"Job-FSVFRZ(Server=True, IterationCount=10, LaunchCount=1, WarmupCount=3)";;1;Overhead;Actual;8;3900;1024;3.81;1;0;0;377242
InputLatencyBenchmarks.'End-to-end latency: KeyDown+KeyUp (hardware→SendInput)';RagnaController.Benchmarks;InputLatencyBenchmarks;'End-to-end latency: KeyDown+KeyUp (hardware→SendInput)';Job-FSVFRZ;Default;Default;Default;Default;Default;Default;Default;Default;Default;Default;Default;Default;Default;Default;Default;Default;Default;Default;Default;Default;Default;Default;True;Default;Default;Default;Default;Default;Default;Default;Default;10;Default;1;Default;Default;Default;Default;Default;Default;Default;3;"Job-FSVFRZ(Server=True, IterationCount=10, LaunchCount=1, WarmupCount=3)";;1;Overhead;Actual;9;2800;1024;2.73;1;0;0;377242
InputLatencyBenchmarks.'End-to-end latency: KeyDown+KeyUp (hardware→SendInput)';RagnaController.Benchmarks;InputLatencyBenchmarks;'End-to-end latency: KeyDown+KeyUp (hardware→SendInput)';Job-FSVFRZ;Default;Default;Default;Default;Default;Default;Default;Default;Default;Default;Default;Default;Default;Default;Default;Default;Default;Default;Default;Default;Default;Default;True;Default;Default;Default;Default;Default;Default;Default;Default;10;Default;1;Default;Default;Default;Default;Default;Default;Default;3;"Job-FSVFRZ(Server=True, IterationCount=10, LaunchCount=1, WarmupCount=3)";;1;Overhead;Actual;10;3100;1024;3.03;1;0;0;377242
InputLatencyBenchmarks.'End-to-end latency: KeyDown+KeyUp (hardware→SendInput)';RagnaController.Benchmarks;InputLatencyBenchmarks;'End-to-end latency: KeyDown+KeyUp (hardware→SendInput)';Job-FSVFRZ;Default;Default;Default;Default;Default;Default;Default;Default;Default;Default;Default;Default;Default;Default;Default;Default;Default;Default;Default;Default;Default;Default;True;Default;Default;Default;Default;Default;Default;Default;Default;10;Default;1;Default;Default;Default;Default;Default;Default;Default;3;"Job-FSVFRZ(Server=True, IterationCount=10, LaunchCount=1, WarmupCount=3)";;1;Overhead;Actual;11;3200;1024;3.13;1;0;0;377242
InputLatencyBenchmarks.'End-to-end latency: KeyDown+KeyUp (hardware→SendInput)';RagnaController.Benchmarks;InputLatencyBenchmarks;'End-to-end latency: KeyDown+KeyUp (hardware→SendInput)';Job-FSVFRZ;Default;Default;Default;Default;Default;Default;Default;Default;Default;Default;Default;Default;Default;Default;Default;Default;Default;Default;Default;Default;Default;Default;True;Default;Default;Default;Default;Default;Default;Default;Default;10;Default;1;Default;Default;Default;Default;Default;Default;Default;3;"Job-FSVFRZ(Server=True, IterationCount=10, LaunchCount=1, WarmupCount=3)";;1;Overhead;Actual;12;3800;1024;3.71;1;0;0;377242
InputLatencyBenchmarks.'End-to-end latency: KeyDown+KeyUp (hardware→SendInput)';RagnaController.Benchmarks;InputLatencyBenchmarks;'End-to-end latency: KeyDown+KeyUp (hardware→SendInput)';Job-FSVFRZ;Default;Default;Default;Default;Default;Default;Default;Default;Default;Default;Default;Default;Default;Default;Default;Default;Default;Default;Default;Default;Default;Default;True;Default;Default;Default;Default;Default;Default;Default;Default;10;Default;1;Default;Default;Default;Default;Default;Default;Default;3;"Job-FSVFRZ(Server=True, IterationCount=10, LaunchCount=1, WarmupCount=3)";;1;Overhead;Actual;13;3500;1024;3.42;1;0;0;377242
InputLatencyBenchmarks.'End-to-end latency: KeyDown+KeyUp (hardware→SendInput)';RagnaController.Benchmarks;InputLatencyBenchmarks;'End-to-end latency: KeyDown+KeyUp (hardware→SendInput)';Job-FSVFRZ;Default;Default;Default;Default;Default;Default;Default;Default;Default;Default;Default;Default;Default;Default;Default;Default;Default;Default;Default;Default;Default;Default;True;Default;Default;Default;Default;Default;Default;Default;Default;10;Default;1;Default;Default;Default;Default;Default;Default;Default;3;"Job-FSVFRZ(Server=True, IterationCount=10, LaunchCount=1, WarmupCount=3)";;1;Overhead;Actual;14;3400;1024;3.32;1;0;0;377242
InputLatencyBenchmarks.'End-to-end latency: KeyDown+KeyUp (hardware→SendInput)';RagnaController.Benchmarks;InputLatencyBenchmarks;'End-to-end latency: KeyDown+KeyUp (hardware→SendInput)';Job-FSVFRZ;Default;Default;Default;Default;Default;Default;Default;Default;Default;Default;Default;Default;Default;Default;Default;Default;Default;Default;Default;Default;Default;Default;True;Default;Default;Default;Default;Default;Default;Default;Default;10;Default;1;Default;Default;Default;Default;Default;Default;Default;3;"Job-FSVFRZ(Server=True, IterationCount=10, LaunchCount=1, WarmupCount=3)";;1;Overhead;Actual;15;4900;1024;4.79;1;0;0;377242
InputLatencyBenchmarks.'End-to-end latency: KeyDown+KeyUp (hardware→SendInput)';RagnaController.Benchmarks;InputLatencyBenchmarks;'End-to-end latency: KeyDown+KeyUp (hardware→SendInput)';Job-FSVFRZ;Default;Default;Default;Default;Default;Default;Default;Default;Default;Default;Default;Default;Default;Default;Default;Default;Default;Default;Default;Default;Default;Default;True;Default;Default;Default;Default;Default;Default;Default;Default;10;Default;1;Default;Default;Default;Default;Default;Default;Default;3;"Job-FSVFRZ(Server=True, IterationCount=10, LaunchCount=1, WarmupCount=3)";;1;Overhead;Actual;16;5900;1024;5.76;1;0;0;377242
InputLatencyBenchmarks.'End-to-end latency: KeyDown+KeyUp (hardware→SendInput)';RagnaController.Benchmarks;InputLatencyBenchmarks;'End-to-end latency: KeyDown+KeyUp (hardware→SendInput)';Job-FSVFRZ;Default;Default;Default;Default;Default;Default;Default;Default;Default;Default;Default;Default;Default;Default;Default;Default;Default;Default;Default;Default;Default;Default;True;Default;Default;Default;Default;Default;Default;Default;Default;10;Default;1;Default;Default;Default;Default;Default;Default;Default;3;"Job-FSVFRZ(Server=True, IterationCount=10, LaunchCount=1, WarmupCount=3)";;1;Overhead;Actual;17;3400;1024;3.32;1;0;0;377242
InputLatencyBenchmarks.'End-to-end latency: KeyDown+KeyUp (hardware→SendInput)';RagnaController.Benchmarks;InputLatencyBenchmarks;'End-to-end latency: KeyDown+KeyUp (hardware→SendInput)';Job-FSVFRZ;Default;Default;Default;Default;Default;Default;Default;Default;Default;Default;Default;Default;Default;Default;Default;Default;Default;Default;Default;Default;Default;Default;True;Default;Default;Default;Default;Default;Default;Default;Default;10;Default;1;Default;Default;Default;Default;Default;Default;Default;3;"Job-FSVFRZ(Server=True, IterationCount=10, LaunchCount=1, WarmupCount=3)";;1;Overhead;Actual;18;3000;1024;2.93;1;0;0;377242
InputLatencyBenchmarks.'End-to-end latency: KeyDown+KeyUp (hardware→SendInput)';RagnaController.Benchmarks;InputLatencyBenchmarks;'End-to-end latency: KeyDown+KeyUp (hardware→SendInput)';Job-FSVFRZ;Default;Default;Default;Default;Default;Default;Default;Default;Default;Default;Default;Default;Default;Default;Default;Default;Default;Default;Default;Default;Default;Default;True;Default;Default;Default;Default;Default;Default;Default;Default;10;Default;1;Default;Default;Default;Default;Default;Default;Default;3;"Job-FSVFRZ(Server=True, IterationCount=10, LaunchCount=1, WarmupCount=3)";;1;Overhead;Actual;19;2600;1024;2.54;1;0;0;377242
InputLatencyBenchmarks.'End-to-end latency: KeyDown+KeyUp (hardware→SendInput)';RagnaController.Benchmarks;InputLatencyBenchmarks;'End-to-end latency: KeyDown+KeyUp (hardware→SendInput)';Job-FSVFRZ;Default;Default;Default;Default;Default;Default;Default;Default;Default;Default;Default;Default;Default;Default;Default;Default;Default;Default;Default;Default;Default;Default;True;Default;Default;Default;Default;Default;Default;Default;Default;10;Default;1;Default;Default;Default;Default;Default;Default;Default;3;"Job-FSVFRZ(Server=True, IterationCount=10, LaunchCount=1, WarmupCount=3)";;1;Overhead;Actual;20;5100;1024;4.98;1;0;0;377242
InputLatencyBenchmarks.'End-to-end latency: KeyDown+KeyUp (hardware→SendInput)';RagnaController.Benchmarks;InputLatencyBenchmarks;'End-to-end latency: KeyDown+KeyUp (hardware→SendInput)';Job-FSVFRZ;Default;Default;Default;Default;Default;Default;Default;Default;Default;Default;Default;Default;Default;Default;Default;Default;Default;Default;Default;Default;Default;Default;True;Default;Default;Default;Default;Default;Default;Default;Default;10;Default;1;Default;Default;Default;Default;Default;Default;Default;3;"Job-FSVFRZ(Server=True, IterationCount=10, LaunchCount=1, WarmupCount=3)";;1;Workload;Warmup;1;619037700;1024;604529;1;0;0;377242
InputLatencyBenchmarks.'End-to-end latency: KeyDown+KeyUp (hardware→SendInput)';RagnaController.Benchmarks;InputLatencyBenchmarks;'End-to-end latency: KeyDown+KeyUp (hardware→SendInput)';Job-FSVFRZ;Default;Default;Default;Default;Default;Default;Default;Default;Default;Default;Default;Default;Default;Default;Default;Default;Default;Default;Default;Default;Default;Default;True;Default;Default;Default;Default;Default;Default;Default;Default;10;Default;1;Default;Default;Default;Default;Default;Default;Default;3;"Job-FSVFRZ(Server=True, IterationCount=10, LaunchCount=1, WarmupCount=3)";;1;Workload;Warmup;2;536274900;1024;523705.96;1;0;0;377242
InputLatencyBenchmarks.'End-to-end latency: KeyDown+KeyUp (hardware→SendInput)';RagnaController.Benchmarks;InputLatencyBenchmarks;'End-to-end latency: KeyDown+KeyUp (hardware→SendInput)';Job-FSVFRZ;Default;Default;Default;Default;Default;Default;Default;Default;Default;Default;Default;Default;Default;Default;Default;Default;Default;Default;Default;Default;Default;Default;True;Default;Default;Default;Default;Default;Default;Default;Default;10;Default;1;Default;Default;Default;Default;Default;Default;Default;3;"Job-FSVFRZ(Server=True, IterationCount=10, LaunchCount=1, WarmupCount=3)";;1;Workload;Warmup;3;765189900;1024;747255.76;1;0;0;377242
InputLatencyBenchmarks.'End-to-end latency: KeyDown+KeyUp (hardware→SendInput)';RagnaController.Benchmarks;InputLatencyBenchmarks;'End-to-end latency: KeyDown+KeyUp (hardware→SendInput)';Job-FSVFRZ;Default;Default;Default;Default;Default;Default;Default;Default;Default;Default;Default;Default;Default;Default;Default;Default;Default;Default;Default;Default;Default;Default;True;Default;Default;Default;Default;Default;Default;Default;Default;10;Default;1;Default;Default;Default;Default;Default;Default;Default;3;"Job-FSVFRZ(Server=True, IterationCount=10, LaunchCount=1, WarmupCount=3)";;1;Workload;Actual;1;475480300;1024;464336.23;1;0;0;377242
InputLatencyBenchmarks.'End-to-end latency: KeyDown+KeyUp (hardware→SendInput)';RagnaController.Benchmarks;InputLatencyBenchmarks;'End-to-end latency: KeyDown+KeyUp (hardware→SendInput)';Job-FSVFRZ;Default;Default;Default;Default;Default;Default;Default;Default;Default;Default;Default;Default;Default;Default;Default;Default;Default;Default;Default;Default;Default;Default;True;Default;Default;Default;Default;Default;Default;Default;Default;10;Default;1;Default;Default;Default;Default;Default;Default;Default;3;"Job-FSVFRZ(Server=True, IterationCount=10, LaunchCount=1, WarmupCount=3)";;1;Workload;Actual;2;498736000;1024;487046.88;1;0;0;377242
InputLatencyBenchmarks.'End-to-end latency: KeyDown+KeyUp (hardware→SendInput)';RagnaController.Benchmarks;InputLatencyBenchmarks;'End-to-end latency: KeyDown+KeyUp (hardware→SendInput)';Job-FSVFRZ;Default;Default;Default;Default;Default;Default;Default;Default;Default;Default;Default;Default;Default;Default;Default;Default;Default;Default;Default;Default;Default;Default;True;Default;Default;Default;Default;Default;Default;Default;Default;10;Default;1;Default;Default;Default;Default;Default;Default;Default;3;"Job-FSVFRZ(Server=True, IterationCount=10, LaunchCount=1, WarmupCount=3)";;1;Workload;Actual;3;705218500;1024;688689.94;1;0;0;377242
InputLatencyBenchmarks.'End-to-end latency: KeyDown+KeyUp (hardware→SendInput)';RagnaController.Benchmarks;InputLatencyBenchmarks;'End-to-end latency: KeyDown+KeyUp (hardware→SendInput)';Job-FSVFRZ;Default;Default;Default;Default;Default;Default;Default;Default;Default;Default;Default;Default;Default;Default;Default;Default;Default;Default;Default;Default;Default;Default;True;Default;Default;Default;Default;Default;Default;Default;Default;10;Default;1;Default;Default;Default;Default;Default;Default;Default;3;"Job-FSVFRZ(Server=True, IterationCount=10, LaunchCount=1, WarmupCount=3)";;1;Workload;Actual;4;536924100;1024;524339.94;1;0;0;377242
InputLatencyBenchmarks.'End-to-end latency: KeyDown+KeyUp (hardware→SendInput)';RagnaController.Benchmarks;InputLatencyBenchmarks;'End-to-end latency: KeyDown+KeyUp (hardware→SendInput)';Job-FSVFRZ;Default;Default;Default;Default;Default;Default;Default;Default;Default;Default;Default;Default;Default;Default;Default;Default;Default;Default;Default;Default;Default;Default;True;Default;Default;Default;Default;Default;Default;Default;Default;10;Default;1;Default;Default;Default;Default;Default;Default;Default;3;"Job-FSVFRZ(Server=True, IterationCount=10, LaunchCount=1, WarmupCount=3)";;1;Workload;Actual;5;672988200;1024;657215.04;1;0;0;377242
InputLatencyBenchmarks.'End-to-end latency: KeyDown+KeyUp (hardware→SendInput)';RagnaController.Benchmarks;InputLatencyBenchmarks;'End-to-end latency: KeyDown+KeyUp (hardware→SendInput)';Job-FSVFRZ;Default;Default;Default;Default;Default;Default;Default;Default;Default;Default;Default;Default;Default;Default;Default;Default;Default;Default;Default;Default;Default;Default;True;Default;Default;Default;Default;Default;Default;Default;Default;10;Default;1;Default;Default;Default;Default;Default;Default;Default;3;"Job-FSVFRZ(Server=True, IterationCount=10, LaunchCount=1, WarmupCount=3)";;1;Workload;Actual;6;660087100;1024;644616.31;1;0;0;377242
InputLatencyBenchmarks.'End-to-end latency: KeyDown+KeyUp (hardware→SendInput)';RagnaController.Benchmarks;InputLatencyBenchmarks;'End-to-end latency: KeyDown+KeyUp (hardware→SendInput)';Job-FSVFRZ;Default;Default;Default;Default;Default;Default;Default;Default;Default;Default;Default;Default;Default;Default;Default;Default;Default;Default;Default;Default;Default;Default;True;Default;Default;Default;Default;Default;Default;Default;Default;10;Default;1;Default;Default;Default;Default;Default;Default;Default;3;"Job-FSVFRZ(Server=True, IterationCount=10, LaunchCount=1, WarmupCount=3)";;1;Workload;Actual;7;650317800;1024;635075.98;1;0;0;377242
InputLatencyBenchmarks.'End-to-end latency: KeyDown+KeyUp (hardware→SendInput)';RagnaController.Benchmarks;InputLatencyBenchmarks;'End-to-end latency: KeyDown+KeyUp (hardware→SendInput)';Job-FSVFRZ;Default;Default;Default;Default;Default;Default;Default;Default;Default;Default;Default;Default;Default;Default;Default;Default;Default;Default;Default;Default;Default;Default;True;Default;Default;Default;Default;Default;Default;Default;Default;10;Default;1;Default;Default;Default;Default;Default;Default;Default;3;"Job-FSVFRZ(Server=True, IterationCount=10, LaunchCount=1, WarmupCount=3)";;1;Workload;Actual;8;417020700;1024;407246.78;1;0;0;377242
InputLatencyBenchmarks.'End-to-end latency: KeyDown+KeyUp (hardware→SendInput)';RagnaController.Benchmarks;InputLatencyBenchmarks;'End-to-end latency: KeyDown+KeyUp (hardware→SendInput)';Job-FSVFRZ;Default;Default;Default;Default;Default;Default;Default;Default;Default;Default;Default;Default;Default;Default;Default;Default;Default;Default;Default;Default;Default;Default;True;Default;Default;Default;Default;Default;Default;Default;Default;10;Default;1;Default;Default;Default;Default;Default;Default;Default;3;"Job-FSVFRZ(Server=True, IterationCount=10, LaunchCount=1, WarmupCount=3)";;1;Workload;Actual;9;470242200;1024;459220.9;1;0;0;377242
InputLatencyBenchmarks.'End-to-end latency: KeyDown+KeyUp (hardware→SendInput)';RagnaController.Benchmarks;InputLatencyBenchmarks;'End-to-end latency: KeyDown+KeyUp (hardware→SendInput)';Job-FSVFRZ;Default;Default;Default;Default;Default;Default;Default;Default;Default;Default;Default;Default;Default;Default;Default;Default;Default;Default;Default;Default;Default;Default;True;Default;Default;Default;Default;Default;Default;Default;Default;10;Default;1;Default;Default;Default;Default;Default;Default;Default;3;"Job-FSVFRZ(Server=True, IterationCount=10, LaunchCount=1, WarmupCount=3)";;1;Workload;Actual;10;862787300;1024;842565.72;1;0;0;377242
InputLatencyBenchmarks.'End-to-end latency: KeyDown+KeyUp (hardware→SendInput)';RagnaController.Benchmarks;InputLatencyBenchmarks;'End-to-end latency: KeyDown+KeyUp (hardware→SendInput)';Job-FSVFRZ;Default;Default;Default;Default;Default;Default;Default;Default;Default;Default;Default;Default;Default;Default;Default;Default;Default;Default;Default;Default;Default;Default;True;Default;Default;Default;Default;Default;Default;Default;Default;10;Default;1;Default;Default;Default;Default;Default;Default;Default;3;"Job-FSVFRZ(Server=True, IterationCount=10, LaunchCount=1, WarmupCount=3)";;1;Workload;Result;1;475476600;1024;464332.62;1;0;0;377242
InputLatencyBenchmarks.'End-to-end latency: KeyDown+KeyUp (hardware→SendInput)';RagnaController.Benchmarks;InputLatencyBenchmarks;'End-to-end latency: KeyDown+KeyUp (hardware→SendInput)';Job-FSVFRZ;Default;Default;Default;Default;Default;Default;Default;Default;Default;Default;Default;Default;Default;Default;Default;Default;Default;Default;Default;Default;Default;Default;True;Default;Default;Default;Default;Default;Default;Default;Default;10;Default;1;Default;Default;Default;Default;Default;Default;Default;3;"Job-FSVFRZ(Server=True, IterationCount=10, LaunchCount=1, WarmupCount=3)";;1;Workload;Result;2;498732300;1024;487043.26;1;0;0;377242
InputLatencyBenchmarks.'End-to-end latency: KeyDown+KeyUp (hardware→SendInput)';RagnaController.Benchmarks;InputLatencyBenchmarks;'End-to-end latency: KeyDown+KeyUp (hardware→SendInput)';Job-FSVFRZ;Default;Default;Default;Default;Default;Default;Default;Default;Default;Default;Default;Default;Default;Default;Default;Default;Default;Default;Default;Default;Default;Default;True;Default;Default;Default;Default;Default;Default;Default;Default;10;Default;1;Default;Default;Default;Default;Default;Default;Default;3;"Job-FSVFRZ(Server=True, IterationCount=10, LaunchCount=1, WarmupCount=3)";;1;Workload;Result;3;705214800;1024;688686.33;1;0;0;377242
InputLatencyBenchmarks.'End-to-end latency: KeyDown+KeyUp (hardware→SendInput)';RagnaController.Benchmarks;InputLatencyBenchmarks;'End-to-end latency: KeyDown+KeyUp (hardware→SendInput)';Job-FSVFRZ;Default;Default;Default;Default;Default;Default;Default;Default;Default;Default;Default;Default;Default;Default;Default;Default;Default;Default;Default;Default;Default;Default;True;Default;Default;Default;Default;Default;Default;Default;Default;10;Default;1;Default;Default;Default;Default;Default;Default;Default;3;"Job-FSVFRZ(Server=True, IterationCount=10, LaunchCount=1, WarmupCount=3)";;1;Workload;Result;4;536920400;1024;524336.33;1;0;0;377242
InputLatencyBenchmarks.'End-to-end latency: KeyDown+KeyUp (hardware→SendInput)';RagnaController.Benchmarks;InputLatencyBenchmarks;'End-to-end latency: KeyDown+KeyUp (hardware→SendInput)';Job-FSVFRZ;Default;Default;Default;Default;Default;Default;Default;Default;Default;Default;Default;Default;Default;Default;Default;Default;Default;Default;Default;Default;Default;Default;True;Default;Default;Default;Default;Default;Default;Default;Default;10;Default;1;Default;Default;Default;Default;Default;Default;Default;3;"Job-FSVFRZ(Server=True, IterationCount=10, LaunchCount=1, WarmupCount=3)";;1;Workload;Result;5;672984500;1024;657211.43;1;0;0;377242
InputLatencyBenchmarks.'End-to-end latency: KeyDown+KeyUp (hardware→SendInput)';RagnaController.Benchmarks;InputLatencyBenchmarks;'End-to-end latency: KeyDown+KeyUp (hardware→SendInput)';Job-FSVFRZ;Default;Default;Default;Default;Default;Default;Default;Default;Default;Default;Default;Default;Default;Default;Default;Default;Default;Default;Default;Default;Default;Default;True;Default;Default;Default;Default;Default;Default;Default;Default;10;Default;1;Default;Default;Default;Default;Default;Default;Default;3;"Job-FSVFRZ(Server=True, IterationCount=10, LaunchCount=1, WarmupCount=3)";;1;Workload;Result;6;660083400;1024;644612.7;1;0;0;377242
InputLatencyBenchmarks.'End-to-end latency: KeyDown+KeyUp (hardware→SendInput)';RagnaController.Benchmarks;InputLatencyBenchmarks;'End-to-end latency: KeyDown+KeyUp (hardware→SendInput)';Job-FSVFRZ;Default;Default;Default;Default;Default;Default;Default;Default;Default;Default;Default;Default;Default;Default;Default;Default;Default;Default;Default;Default;Default;Default;True;Default;Default;Default;Default;Default;Default;Default;Default;10;Default;1;Default;Default;Default;Default;Default;Default;Default;3;"Job-FSVFRZ(Server=True, IterationCount=10, LaunchCount=1, WarmupCount=3)";;1;Workload;Result;7;650314100;1024;635072.36;1;0;0;377242
InputLatencyBenchmarks.'End-to-end latency: KeyDown+KeyUp (hardware→SendInput)';RagnaController.Benchmarks;InputLatencyBenchmarks;'End-to-end latency: KeyDown+KeyUp (hardware→SendInput)';Job-FSVFRZ;Default;Default;Default;Default;Default;Default;Default;Default;Default;Default;Default;Default;Default;Default;Default;Default;Default;Default;Default;Default;Default;Default;True;Default;Default;Default;Default;Default;Default;Default;Default;10;Default;1;Default;Default;Default;Default;Default;Default;Default;3;"Job-FSVFRZ(Server=True, IterationCount=10, LaunchCount=1, WarmupCount=3)";;1;Workload;Result;8;417017000;1024;407243.16;1;0;0;377242
InputLatencyBenchmarks.'End-to-end latency: KeyDown+KeyUp (hardware→SendInput)';RagnaController.Benchmarks;InputLatencyBenchmarks;'End-to-end latency: KeyDown+KeyUp (hardware→SendInput)';Job-FSVFRZ;Default;Default;Default;Default;Default;Default;Default;Default;Default;Default;Default;Default;Default;Default;Default;Default;Default;Default;Default;Default;Default;Default;True;Default;Default;Default;Default;Default;Default;Default;Default;10;Default;1;Default;Default;Default;Default;Default;Default;Default;3;"Job-FSVFRZ(Server=True, IterationCount=10, LaunchCount=1, WarmupCount=3)";;1;Workload;Result;9;470238500;1024;459217.29;1;0;0;377242
InputLatencyBenchmarks.'End-to-end latency: KeyDown+KeyUp (hardware→SendInput)';RagnaController.Benchmarks;InputLatencyBenchmarks;'End-to-end latency: KeyDown+KeyUp (hardware→SendInput)';Job-FSVFRZ;Default;Default;Default;Default;Default;Default;Default;Default;Default;Default;Default;Default;Default;Default;Default;Default;Default;Default;Default;Default;Default;Default;True;Default;Default;Default;Default;Default;Default;Default;Default;10;Default;1;Default;Default;Default;Default;Default;Default;Default;3;"Job-FSVFRZ(Server=True, IterationCount=10, LaunchCount=1, WarmupCount=3)";;1;Workload;Result;10;862783600;1024;842562.11;1;0;0;377242
InputLatencyBenchmarks.'End-to-end latency: Mouse move + click';RagnaController.Benchmarks;InputLatencyBenchmarks;'End-to-end latency: Mouse move + click';Job-FSVFRZ;Default;Default;Default;Default;Default;Default;Default;Default;Default;Default;Default;Default;Default;Default;Default;Default;Default;Default;Default;Default;Default;Default;True;Default;Default;Default;Default;Default;Default;Default;Default;10;Default;1;Default;Default;Default;Default;Default;Default;Default;3;"Job-FSVFRZ(Server=True, IterationCount=10, LaunchCount=1, WarmupCount=3)";;1;Overhead;Jitting;1;173900;1;173900;0;0;0;209338
InputLatencyBenchmarks.'End-to-end latency: Mouse move + click';RagnaController.Benchmarks;InputLatencyBenchmarks;'End-to-end latency: Mouse move + click';Job-FSVFRZ;Default;Default;Default;Default;Default;Default;Default;Default;Default;Default;Default;Default;Default;Default;Default;Default;Default;Default;Default;Default;Default;Default;True;Default;Default;Default;Default;Default;Default;Default;Default;10;Default;1;Default;Default;Default;Default;Default;Default;Default;3;"Job-FSVFRZ(Server=True, IterationCount=10, LaunchCount=1, WarmupCount=3)";;1;Workload;Jitting;1;1064900;1;1064900;0;0;0;209338
InputLatencyBenchmarks.'End-to-end latency: Mouse move + click';RagnaController.Benchmarks;InputLatencyBenchmarks;'End-to-end latency: Mouse move + click';Job-FSVFRZ;Default;Default;Default;Default;Default;Default;Default;Default;Default;Default;Default;Default;Default;Default;Default;Default;Default;Default;Default;Default;Default;Default;True;Default;Default;Default;Default;Default;Default;Default;Default;10;Default;1;Default;Default;Default;Default;Default;Default;Default;3;"Job-FSVFRZ(Server=True, IterationCount=10, LaunchCount=1, WarmupCount=3)";;1;Overhead;Jitting;2;343100;16;21443.75;0;0;0;209338
InputLatencyBenchmarks.'End-to-end latency: Mouse move + click';RagnaController.Benchmarks;InputLatencyBenchmarks;'End-to-end latency: Mouse move + click';Job-FSVFRZ;Default;Default;Default;Default;Default;Default;Default;Default;Default;Default;Default;Default;Default;Default;Default;Default;Default;Default;Default;Default;Default;Default;True;Default;Default;Default;Default;Default;Default;Default;Default;10;Default;1;Default;Default;Default;Default;Default;Default;Default;3;"Job-FSVFRZ(Server=True, IterationCount=10, LaunchCount=1, WarmupCount=3)";;1;Workload;Jitting;2;88937100;16;5558568.75;0;0;0;209338
InputLatencyBenchmarks.'End-to-end latency: Mouse move + click';RagnaController.Benchmarks;InputLatencyBenchmarks;'End-to-end latency: Mouse move + click';Job-FSVFRZ;Default;Default;Default;Default;Default;Default;Default;Default;Default;Default;Default;Default;Default;Default;Default;Default;Default;Default;Default;Default;Default;Default;True;Default;Default;Default;Default;Default;Default;Default;Default;10;Default;1;Default;Default;Default;Default;Default;Default;Default;3;"Job-FSVFRZ(Server=True, IterationCount=10, LaunchCount=1, WarmupCount=3)";;1;Workload;Pilot;1;9041000;16;565062.5;0;0;0;209338
InputLatencyBenchmarks.'End-to-end latency: Mouse move + click';RagnaController.Benchmarks;InputLatencyBenchmarks;'End-to-end latency: Mouse move + click';Job-FSVFRZ;Default;Default;Default;Default;Default;Default;Default;Default;Default;Default;Default;Default;Default;Default;Default;Default;Default;Default;Default;Default;Default;Default;True;Default;Default;Default;Default;Default;Default;Default;Default;10;Default;1;Default;Default;Default;Default;Default;Default;Default;3;"Job-FSVFRZ(Server=True, IterationCount=10, LaunchCount=1, WarmupCount=3)";;1;Workload;Pilot;2;20394300;32;637321.88;0;0;0;209338
InputLatencyBenchmarks.'End-to-end latency: Mouse move + click';RagnaController.Benchmarks;InputLatencyBenchmarks;'End-to-end latency: Mouse move + click';Job-FSVFRZ;Default;Default;Default;Default;Default;Default;Default;Default;Default;Default;Default;Default;Default;Default;Default;Default;Default;Default;Default;Default;Default;Default;True;Default;Default;Default;Default;Default;Default;Default;Default;10;Default;1;Default;Default;Default;Default;Default;Default;Default;3;"Job-FSVFRZ(Server=True, IterationCount=10, LaunchCount=1, WarmupCount=3)";;1;Workload;Pilot;3;26808100;64;418876.56;0;0;0;209338
InputLatencyBenchmarks.'End-to-end latency: Mouse move + click';RagnaController.Benchmarks;InputLatencyBenchmarks;'End-to-end latency: Mouse move + click';Job-FSVFRZ;Default;Default;Default;Default;Default;Default;Default;Default;Default;Default;Default;Default;Default;Default;Default;Default;Default;Default;Default;Default;Default;Default;True;Default;Default;Default;Default;Default;Default;Default;Default;10;Default;1;Default;Default;Default;Default;Default;Default;Default;3;"Job-FSVFRZ(Server=True, IterationCount=10, LaunchCount=1, WarmupCount=3)";;1;Workload;Pilot;4;100486400;128;785050;0;0;0;209338
InputLatencyBenchmarks.'End-to-end latency: Mouse move + click';RagnaController.Benchmarks;InputLatencyBenchmarks;'End-to-end latency: Mouse move + click';Job-FSVFRZ;Default;Default;Default;Default;Default;Default;Default;Default;Default;Default;Default;Default;Default;Default;Default;Default;Default;Default;Default;Default;Default;Default;True;Default;Default;Default;Default;Default;Default;Default;Default;10;Default;1;Default;Default;Default;Default;Default;Default;Default;3;"Job-FSVFRZ(Server=True, IterationCount=10, LaunchCount=1, WarmupCount=3)";;1;Workload;Pilot;5;76494300;256;298805.86;0;0;0;209338
InputLatencyBenchmarks.'End-to-end latency: Mouse move + click';RagnaController.Benchmarks;InputLatencyBenchmarks;'End-to-end latency: Mouse move + click';Job-FSVFRZ;Default;Default;Default;Default;Default;Default;Default;Default;Default;Default;Default;Default;Default;Default;Default;Default;Default;Default;Default;Default;Default;Default;True;Default;Default;Default;Default;Default;Default;Default;Default;10;Default;1;Default;Default;Default;Default;Default;Default;Default;3;"Job-FSVFRZ(Server=True, IterationCount=10, LaunchCount=1, WarmupCount=3)";;1;Workload;Pilot;6;91039200;512;177810.94;0;0;0;209338
InputLatencyBenchmarks.'End-to-end latency: Mouse move + click';RagnaController.Benchmarks;InputLatencyBenchmarks;'End-to-end latency: Mouse move + click';Job-FSVFRZ;Default;Default;Default;Default;Default;Default;Default;Default;Default;Default;Default;Default;Default;Default;Default;Default;Default;Default;Default;Default;Default;Default;True;Default;Default;Default;Default;Default;Default;Default;Default;10;Default;1;Default;Default;Default;Default;Default;Default;Default;3;"Job-FSVFRZ(Server=True, IterationCount=10, LaunchCount=1, WarmupCount=3)";;1;Workload;Pilot;7;218880200;1024;213750.2;0;0;0;209338
InputLatencyBenchmarks.'End-to-end latency: Mouse move + click';RagnaController.Benchmarks;InputLatencyBenchmarks;'End-to-end latency: Mouse move + click';Job-FSVFRZ;Default;Default;Default;Default;Default;Default;Default;Default;Default;Default;Default;Default;Default;Default;Default;Default;Default;Default;Default;Default;Default;Default;True;Default;Default;Default;Default;Default;Default;Default;Default;10;Default;1;Default;Default;Default;Default;Default;Default;Default;3;"Job-FSVFRZ(Server=True, IterationCount=10, LaunchCount=1, WarmupCount=3)";;1;Workload;Pilot;8;1057383500;2048;516300.54;0;0;0;209338
InputLatencyBenchmarks.'End-to-end latency: Mouse move + click';RagnaController.Benchmarks;InputLatencyBenchmarks;'End-to-end latency: Mouse move + click';Job-FSVFRZ;Default;Default;Default;Default;Default;Default;Default;Default;Default;Default;Default;Default;Default;Default;Default;Default;Default;Default;Default;Default;Default;Default;True;Default;Default;Default;Default;Default;Default;Default;Default;10;Default;1;Default;Default;Default;Default;Default;Default;Default;3;"Job-FSVFRZ(Server=True, IterationCount=10, LaunchCount=1, WarmupCount=3)";;1;Overhead;Warmup;1;9700;2048;4.74;0;0;0;209338
InputLatencyBenchmarks.'End-to-end latency: Mouse move + click';RagnaController.Benchmarks;InputLatencyBenchmarks;'End-to-end latency: Mouse move + click';Job-FSVFRZ;Default;Default;Default;Default;Default;Default;Default;Default;Default;Default;Default;Default;Default;Default;Default;Default;Default;Default;Default;Default;Default;Default;True;Default;Default;Default;Default;Default;Default;Default;Default;10;Default;1;Default;Default;Default;Default;Default;Default;Default;3;"Job-FSVFRZ(Server=True, IterationCount=10, LaunchCount=1, WarmupCount=3)";;1;Overhead;Warmup;2;13000;2048;6.35;0;0;0;209338
InputLatencyBenchmarks.'End-to-end latency: Mouse move + click';RagnaController.Benchmarks;InputLatencyBenchmarks;'End-to-end latency: Mouse move + click';Job-FSVFRZ;Default;Default;Default;Default;Default;Default;Default;Default;Default;Default;Default;Default;Default;Default;Default;Default;Default;Default;Default;Default;Default;Default;True;Default;Default;Default;Default;Default;Default;Default;Default;10;Default;1;Default;Default;Default;Default;Default;Default;Default;3;"Job-FSVFRZ(Server=True, IterationCount=10, LaunchCount=1, WarmupCount=3)";;1;Overhead;Warmup;3;4300;2048;2.1;0;0;0;209338
InputLatencyBenchmarks.'End-to-end latency: Mouse move + click';RagnaController.Benchmarks;InputLatencyBenchmarks;'End-to-end latency: Mouse move + click';Job-FSVFRZ;Default;Default;Default;Default;Default;Default;Default;Default;Default;Default;Default;Default;Default;Default;Default;Default;Default;Default;Default;Default;Default;Default;True;Default;Default;Default;Default;Default;Default;Default;Default;10;Default;1;Default;Default;Default;Default;Default;Default;Default;3;"Job-FSVFRZ(Server=True, IterationCount=10, LaunchCount=1, WarmupCount=3)";;1;Overhead;Warmup;4;4000;2048;1.95;0;0;0;209338
InputLatencyBenchmarks.'End-to-end latency: Mouse move + click';RagnaController.Benchmarks;InputLatencyBenchmarks;'End-to-end latency: Mouse move + click';Job-FSVFRZ;Default;Default;Default;Default;Default;Default;Default;Default;Default;Default;Default;Default;Default;Default;Default;Default;Default;Default;Default;Default;Default;Default;True;Default;Default;Default;Default;Default;Default;Default;Default;10;Default;1;Default;Default;Default;Default;Default;Default;Default;3;"Job-FSVFRZ(Server=True, IterationCount=10, LaunchCount=1, WarmupCount=3)";;1;Overhead;Warmup;5;4800;2048;2.34;0;0;0;209338
InputLatencyBenchmarks.'End-to-end latency: Mouse move + click';RagnaController.Benchmarks;InputLatencyBenchmarks;'End-to-end latency: Mouse move + click';Job-FSVFRZ;Default;Default;Default;Default;Default;Default;Default;Default;Default;Default;Default;Default;Default;Default;Default;Default;Default;Default;Default;Default;Default;Default;True;Default;Default;Default;Default;Default;Default;Default;Default;10;Default;1;Default;Default;Default;Default;Default;Default;Default;3;"Job-FSVFRZ(Server=True, IterationCount=10, LaunchCount=1, WarmupCount=3)";;1;Overhead;Warmup;6;5200;2048;2.54;0;0;0;209338
InputLatencyBenchmarks.'End-to-end latency: Mouse move + click';RagnaController.Benchmarks;InputLatencyBenchmarks;'End-to-end latency: Mouse move + click';Job-FSVFRZ;Default;Default;Default;Default;Default;Default;Default;Default;Default;Default;Default;Default;Default;Default;Default;Default;Default;Default;Default;Default;Default;Default;True;Default;Default;Default;Default;Default;Default;Default;Default;10;Default;1;Default;Default;Default;Default;Default;Default;Default;3;"Job-FSVFRZ(Server=True, IterationCount=10, LaunchCount=1, WarmupCount=3)";;1;Overhead;Warmup;7;4300;2048;2.1;0;0;0;209338
InputLatencyBenchmarks.'End-to-end latency: Mouse move + click';RagnaController.Benchmarks;InputLatencyBenchmarks;'End-to-end latency: Mouse move + click';Job-FSVFRZ;Default;Default;Default;Default;Default;Default;Default;Default;Default;Default;Default;Default;Default;Default;Default;Default;Default;Default;Default;Default;Default;Default;True;Default;Default;Default;Default;Default;Default;Default;Default;10;Default;1;Default;Default;Default;Default;Default;Default;Default;3;"Job-FSVFRZ(Server=True, IterationCount=10, LaunchCount=1, WarmupCount=3)";;1;Overhead;Actual;1;6500;2048;3.17;0;0;0;209338
InputLatencyBenchmarks.'End-to-end latency: Mouse move + click';RagnaController.Benchmarks;InputLatencyBenchmarks;'End-to-end latency: Mouse move + click';Job-FSVFRZ;Default;Default;Default;Default;Default;Default;Default;Default;Default;Default;Default;Default;Default;Default;Default;Default;Default;Default;Default;Default;Default;Default;True;Default;Default;Default;Default;Default;Default;Default;Default;10;Default;1;Default;Default;Default;Default;Default;Default;Default;3;"Job-FSVFRZ(Server=True, IterationCount=10, LaunchCount=1, WarmupCount=3)";;1;Overhead;Actual;2;4300;2048;2.1;0;0;0;209338
InputLatencyBenchmarks.'End-to-end latency: Mouse move + click';RagnaController.Benchmarks;InputLatencyBenchmarks;'End-to-end latency: Mouse move + click';Job-FSVFRZ;Default;Default;Default;Default;Default;Default;Default;Default;Default;Default;Default;Default;Default;Default;Default;Default;Default;Default;Default;Default;Default;Default;True;Default;Default;Default;Default;Default;Default;Default;Default;10;Default;1;Default;Default;Default;Default;Default;Default;Default;3;"Job-FSVFRZ(Server=True, IterationCount=10, LaunchCount=1, WarmupCount=3)";;1;Overhead;Actual;3;4300;2048;2.1;0;0;0;209338
InputLatencyBenchmarks.'End-to-end latency: Mouse move + click';RagnaController.Benchmarks;InputLatencyBenchmarks;'End-to-end latency: Mouse move + click';Job-FSVFRZ;Default;Default;Default;Default;Default;Default;Default;Default;Default;Default;Default;Default;Default;Default;Default;Default;Default;Default;Default;Default;Default;Default;True;Default;Default;Default;Default;Default;Default;Default;Default;10;Default;1;Default;Default;Default;Default;Default;Default;Default;3;"Job-FSVFRZ(Server=True, IterationCount=10, LaunchCount=1, WarmupCount=3)";;1;Overhead;Actual;4;4200;2048;2.05;0;0;0;209338
InputLatencyBenchmarks.'End-to-end latency: Mouse move + click';RagnaController.Benchmarks;InputLatencyBenchmarks;'End-to-end latency: Mouse move + click';Job-FSVFRZ;Default;Default;Default;Default;Default;Default;Default;Default;Default;Default;Default;Default;Default;Default;Default;Default;Default;Default;Default;Default;Default;Default;True;Default;Default;Default;Default;Default;Default;Default;Default;10;Default;1;Default;Default;Default;Default;Default;Default;Default;3;"Job-FSVFRZ(Server=True, IterationCount=10, LaunchCount=1, WarmupCount=3)";;1;Overhead;Actual;5;4600;2048;2.25;0;0;0;209338
InputLatencyBenchmarks.'End-to-end latency: Mouse move + click';RagnaController.Benchmarks;InputLatencyBenchmarks;'End-to-end latency: Mouse move + click';Job-FSVFRZ;Default;Default;Default;Default;Default;Default;Default;Default;Default;Default;Default;Default;Default;Default;Default;Default;Default;Default;Default;Default;Default;Default;True;Default;Default;Default;Default;Default;Default;Default;Default;10;Default;1;Default;Default;Default;Default;Default;Default;Default;3;"Job-FSVFRZ(Server=True, IterationCount=10, LaunchCount=1, WarmupCount=3)";;1;Overhead;Actual;6;4700;2048;2.29;0;0;0;209338
InputLatencyBenchmarks.'End-to-end latency: Mouse move + click';RagnaController.Benchmarks;InputLatencyBenchmarks;'End-to-end latency: Mouse move + click';Job-FSVFRZ;Default;Default;Default;Default;Default;Default;Default;Default;Default;Default;Default;Default;Default;Default;Default;Default;Default;Default;Default;Default;Default;Default;True;Default;Default;Default;Default;Default;Default;Default;Default;10;Default;1;Default;Default;Default;Default;Default;Default;Default;3;"Job-FSVFRZ(Server=True, IterationCount=10, LaunchCount=1, WarmupCount=3)";;1;Overhead;Actual;7;4800;2048;2.34;0;0;0;209338
InputLatencyBenchmarks.'End-to-end latency: Mouse move + click';RagnaController.Benchmarks;InputLatencyBenchmarks;'End-to-end latency: Mouse move + click';Job-FSVFRZ;Default;Default;Default;Default;Default;Default;Default;Default;Default;Default;Default;Default;Default;Default;Default;Default;Default;Default;Default;Default;Default;Default;True;Default;Default;Default;Default;Default;Default;Default;Default;10;Default;1;Default;Default;Default;Default;Default;Default;Default;3;"Job-FSVFRZ(Server=True, IterationCount=10, LaunchCount=1, WarmupCount=3)";;1;Overhead;Actual;8;4700;2048;2.29;0;0;0;209338
InputLatencyBenchmarks.'End-to-end latency: Mouse move + click';RagnaController.Benchmarks;InputLatencyBenchmarks;'End-to-end latency: Mouse move + click';Job-FSVFRZ;Default;Default;Default;Default;Default;Default;Default;Default;Default;Default;Default;Default;Default;Default;Default;Default;Default;Default;Default;Default;Default;Default;True;Default;Default;Default;Default;Default;Default;Default;Default;10;Default;1;Default;Default;Default;Default;Default;Default;Default;3;"Job-FSVFRZ(Server=True, IterationCount=10, LaunchCount=1, WarmupCount=3)";;1;Overhead;Actual;9;4700;2048;2.29;0;0;0;209338
InputLatencyBenchmarks.'End-to-end latency: Mouse move + click';RagnaController.Benchmarks;InputLatencyBenchmarks;'End-to-end latency: Mouse move + click';Job-FSVFRZ;Default;Default;Default;Default;Default;Default;Default;Default;Default;Default;Default;Default;Default;Default;Default;Default;Default;Default;Default;Default;Default;Default;True;Default;Default;Default;Default;Default;Default;Default;Default;10;Default;1;Default;Default;Default;Default;Default;Default;Default;3;"Job-FSVFRZ(Server=True, IterationCount=10, LaunchCount=1, WarmupCount=3)";;1;Overhead;Actual;10;4500;2048;2.2;0;0;0;209338
InputLatencyBenchmarks.'End-to-end latency: Mouse move + click';RagnaController.Benchmarks;InputLatencyBenchmarks;'End-to-end latency: Mouse move + click';Job-FSVFRZ;Default;Default;Default;Default;Default;Default;Default;Default;Default;Default;Default;Default;Default;Default;Default;Default;Default;Default;Default;Default;Default;Default;True;Default;Default;Default;Default;Default;Default;Default;Default;10;Default;1;Default;Default;Default;Default;Default;Default;Default;3;"Job-FSVFRZ(Server=True, IterationCount=10, LaunchCount=1, WarmupCount=3)";;1;Overhead;Actual;11;5500;2048;2.69;0;0;0;209338
InputLatencyBenchmarks.'End-to-end latency: Mouse move + click';RagnaController.Benchmarks;InputLatencyBenchmarks;'End-to-end latency: Mouse move + click';Job-FSVFRZ;Default;Default;Default;Default;Default;Default;Default;Default;Default;Default;Default;Default;Default;Default;Default;Default;Default;Default;Default;Default;Default;Default;True;Default;Default;Default;Default;Default;Default;Default;Default;10;Default;1;Default;Default;Default;Default;Default;Default;Default;3;"Job-FSVFRZ(Server=True, IterationCount=10, LaunchCount=1, WarmupCount=3)";;1;Overhead;Actual;12;4100;2048;2;0;0;0;209338
InputLatencyBenchmarks.'End-to-end latency: Mouse move + click';RagnaController.Benchmarks;InputLatencyBenchmarks;'End-to-end latency: Mouse move + click';Job-FSVFRZ;Default;Default;Default;Default;Default;Default;Default;Default;Default;Default;Default;Default;Default;Default;Default;Default;Default;Default;Default;Default;Default;Default;True;Default;Default;Default;Default;Default;Default;Default;Default;10;Default;1;Default;Default;Default;Default;Default;Default;Default;3;"Job-FSVFRZ(Server=True, IterationCount=10, LaunchCount=1, WarmupCount=3)";;1;Overhead;Actual;13;4900;2048;2.39;0;0;0;209338
InputLatencyBenchmarks.'End-to-end latency: Mouse move + click';RagnaController.Benchmarks;InputLatencyBenchmarks;'End-to-end latency: Mouse move + click';Job-FSVFRZ;Default;Default;Default;Default;Default;Default;Default;Default;Default;Default;Default;Default;Default;Default;Default;Default;Default;Default;Default;Default;Default;Default;True;Default;Default;Default;Default;Default;Default;Default;Default;10;Default;1;Default;Default;Default;Default;Default;Default;Default;3;"Job-FSVFRZ(Server=True, IterationCount=10, LaunchCount=1, WarmupCount=3)";;1;Overhead;Actual;14;4600;2048;2.25;0;0;0;209338
InputLatencyBenchmarks.'End-to-end latency: Mouse move + click';RagnaController.Benchmarks;InputLatencyBenchmarks;'End-to-end latency: Mouse move + click';Job-FSVFRZ;Default;Default;Default;Default;Default;Default;Default;Default;Default;Default;Default;Default;Default;Default;Default;Default;Default;Default;Default;Default;Default;Default;True;Default;Default;Default;Default;Default;Default;Default;Default;10;Default;1;Default;Default;Default;Default;Default;Default;Default;3;"Job-FSVFRZ(Server=True, IterationCount=10, LaunchCount=1, WarmupCount=3)";;1;Overhead;Actual;15;5300;2048;2.59;0;0;0;209338
InputLatencyBenchmarks.'End-to-end latency: Mouse move + click';RagnaController.Benchmarks;InputLatencyBenchmarks;'End-to-end latency: Mouse move + click';Job-FSVFRZ;Default;Default;Default;Default;Default;Default;Default;Default;Default;Default;Default;Default;Default;Default;Default;Default;Default;Default;Default;Default;Default;Default;True;Default;Default;Default;Default;Default;Default;Default;Default;10;Default;1;Default;Default;Default;Default;Default;Default;Default;3;"Job-FSVFRZ(Server=True, IterationCount=10, LaunchCount=1, WarmupCount=3)";;1;Overhead;Actual;16;7500;2048;3.66;0;0;0;209338
InputLatencyBenchmarks.'End-to-end latency: Mouse move + click';RagnaController.Benchmarks;InputLatencyBenchmarks;'End-to-end latency: Mouse move + click';Job-FSVFRZ;Default;Default;Default;Default;Default;Default;Default;Default;Default;Default;Default;Default;Default;Default;Default;Default;Default;Default;Default;Default;Default;Default;True;Default;Default;Default;Default;Default;Default;Default;Default;10;Default;1;Default;Default;Default;Default;Default;Default;Default;3;"Job-FSVFRZ(Server=True, IterationCount=10, LaunchCount=1, WarmupCount=3)";;1;Overhead;Actual;17;4900;2048;2.39;0;0;0;209338
InputLatencyBenchmarks.'End-to-end latency: Mouse move + click';RagnaController.Benchmarks;InputLatencyBenchmarks;'End-to-end latency: Mouse move + click';Job-FSVFRZ;Default;Default;Default;Default;Default;Default;Default;Default;Default;Default;Default;Default;Default;Default;Default;Default;Default;Default;Default;Default;Default;Default;True;Default;Default;Default;Default;Default;Default;Default;Default;10;Default;1;Default;Default;Default;Default;Default;Default;Default;3;"Job-FSVFRZ(Server=True, IterationCount=10, LaunchCount=1, WarmupCount=3)";;1;Overhead;Actual;18;4500;2048;2.2;0;0;0;209338
InputLatencyBenchmarks.'End-to-end latency: Mouse move + click';RagnaController.Benchmarks;InputLatencyBenchmarks;'End-to-end latency: Mouse move + click';Job-FSVFRZ;Default;Default;Default;Default;Default;Default;Default;Default;Default;Default;Default;Default;Default;Default;Default;Default;Default;Default;Default;Default;Default;Default;True;Default;Default;Default;Default;Default;Default;Default;Default;10;Default;1;Default;Default;Default;Default;Default;Default;Default;3;"Job-FSVFRZ(Server=True, IterationCount=10, LaunchCount=1, WarmupCount=3)";;1;Overhead;Actual;19;4500;2048;2.2;0;0;0;209338
InputLatencyBenchmarks.'End-to-end latency: Mouse move + click';RagnaController.Benchmarks;InputLatencyBenchmarks;'End-to-end latency: Mouse move + click';Job-FSVFRZ;Default;Default;Default;Default;Default;Default;Default;Default;Default;Default;Default;Default;Default;Default;Default;Default;Default;Default;Default;Default;Default;Default;True;Default;Default;Default;Default;Default;Default;Default;Default;10;Default;1;Default;Default;Default;Default;Default;Default;Default;3;"Job-FSVFRZ(Server=True, IterationCount=10, LaunchCount=1, WarmupCount=3)";;1;Overhead;Actual;20;4300;2048;2.1;0;0;0;209338
InputLatencyBenchmarks.'End-to-end latency: Mouse move + click';RagnaController.Benchmarks;InputLatencyBenchmarks;'End-to-end latency: Mouse move + click';Job-FSVFRZ;Default;Default;Default;Default;Default;Default;Default;Default;Default;Default;Default;Default;Default;Default;Default;Default;Default;Default;Default;Default;Default;Default;True;Default;Default;Default;Default;Default;Default;Default;Default;10;Default;1;Default;Default;Default;Default;Default;Default;Default;3;"Job-FSVFRZ(Server=True, IterationCount=10, LaunchCount=1, WarmupCount=3)";;1;Workload;Warmup;1;559303900;2048;273097.61;0;0;0;209338
InputLatencyBenchmarks.'End-to-end latency: Mouse move + click';RagnaController.Benchmarks;InputLatencyBenchmarks;'End-to-end latency: Mouse move + click';Job-FSVFRZ;Default;Default;Default;Default;Default;Default;Default;Default;Default;Default;Default;Default;Default;Default;Default;Default;Default;Default;Default;Default;Default;Default;True;Default;Default;Default;Default;Default;Default;Default;Default;10;Default;1;Default;Default;Default;Default;Default;Default;Default;3;"Job-FSVFRZ(Server=True, IterationCount=10, LaunchCount=1, WarmupCount=3)";;1;Workload;Warmup;2;568383100;2048;277530.81;0;0;0;209338
InputLatencyBenchmarks.'End-to-end latency: Mouse move + click';RagnaController.Benchmarks;InputLatencyBenchmarks;'End-to-end latency: Mouse move + click';Job-FSVFRZ;Default;Default;Default;Default;Default;Default;Default;Default;Default;Default;Default;Default;Default;Default;Default;Default;Default;Default;Default;Default;Default;Default;True;Default;Default;Default;Default;Default;Default;Default;Default;10;Default;1;Default;Default;Default;Default;Default;Default;Default;3;"Job-FSVFRZ(Server=True, IterationCount=10, LaunchCount=1, WarmupCount=3)";;1;Workload;Warmup;3;446329400;2048;217934.28;0;0;0;209338
InputLatencyBenchmarks.'End-to-end latency: Mouse move + click';RagnaController.Benchmarks;InputLatencyBenchmarks;'End-to-end latency: Mouse move + click';Job-FSVFRZ;Default;Default;Default;Default;Default;Default;Default;Default;Default;Default;Default;Default;Default;Default;Default;Default;Default;Default;Default;Default;Default;Default;True;Default;Default;Default;Default;Default;Default;Default;Default;10;Default;1;Default;Default;Default;Default;Default;Default;Default;3;"Job-FSVFRZ(Server=True, IterationCount=10, LaunchCount=1, WarmupCount=3)";;1;Workload;Actual;1;521717700;2048;254744.97;0;0;0;209338
InputLatencyBenchmarks.'End-to-end latency: Mouse move + click';RagnaController.Benchmarks;InputLatencyBenchmarks;'End-to-end latency: Mouse move + click';Job-FSVFRZ;Default;Default;Default;Default;Default;Default;Default;Default;Default;Default;Default;Default;Default;Default;Default;Default;Default;Default;Default;Default;Default;Default;True;Default;Default;Default;Default;Default;Default;Default;Default;10;Default;1;Default;Default;Default;Default;Default;Default;Default;3;"Job-FSVFRZ(Server=True, IterationCount=10, LaunchCount=1, WarmupCount=3)";;1;Workload;Actual;2;468775400;2048;228894.24;0;0;0;209338
InputLatencyBenchmarks.'End-to-end latency: Mouse move + click';RagnaController.Benchmarks;InputLatencyBenchmarks;'End-to-end latency: Mouse move + click';Job-FSVFRZ;Default;Default;Default;Default;Default;Default;Default;Default;Default;Default;Default;Default;Default;Default;Default;Default;Default;Default;Default;Default;Default;Default;True;Default;Default;Default;Default;Default;Default;Default;Default;10;Default;1;Default;Default;Default;Default;Default;Default;Default;3;"Job-FSVFRZ(Server=True, IterationCount=10, LaunchCount=1, WarmupCount=3)";;1;Workload;Actual;3;517754200;2048;252809.67;0;0;0;209338
InputLatencyBenchmarks.'End-to-end latency: Mouse move + click';RagnaController.Benchmarks;InputLatencyBenchmarks;'End-to-end latency: Mouse move + click';Job-FSVFRZ;Default;Default;Default;Default;Default;Default;Default;Default;Default;Default;Default;Default;Default;Default;Default;Default;Default;Default;Default;Default;Default;Default;True;Default;Default;Default;Default;Default;Default;Default;Default;10;Default;1;Default;Default;Default;Default;Default;Default;Default;3;"Job-FSVFRZ(Server=True, IterationCount=10, LaunchCount=1, WarmupCount=3)";;1;Workload;Actual;4;557730200;2048;272329.2;0;0;0;209338
InputLatencyBenchmarks.'End-to-end latency: Mouse move + click';RagnaController.Benchmarks;InputLatencyBenchmarks;'End-to-end latency: Mouse move + click';Job-FSVFRZ;Default;Default;Default;Default;Default;Default;Default;Default;Default;Default;Default;Default;Default;Default;Default;Default;Default;Default;Default;Default;Default;Default;True;Default;Default;Default;Default;Default;Default;Default;Default;10;Default;1;Default;Default;Default;Default;Default;Default;Default;3;"Job-FSVFRZ(Server=True, IterationCount=10, LaunchCount=1, WarmupCount=3)";;1;Workload;Actual;5;445118600;2048;217343.07;0;0;0;209338
InputLatencyBenchmarks.'End-to-end latency: Mouse move + click';RagnaController.Benchmarks;InputLatencyBenchmarks;'End-to-end latency: Mouse move + click';Job-FSVFRZ;Default;Default;Default;Default;Default;Default;Default;Default;Default;Default;Default;Default;Default;Default;Default;Default;Default;Default;Default;Default;Default;Default;True;Default;Default;Default;Default;Default;Default;Default;Default;10;Default;1;Default;Default;Default;Default;Default;Default;Default;3;"Job-FSVFRZ(Server=True, IterationCount=10, LaunchCount=1, WarmupCount=3)";;1;Workload;Actual;6;517913400;2048;252887.4;0;0;0;209338
InputLatencyBenchmarks.'End-to-end latency: Mouse move + click';RagnaController.Benchmarks;InputLatencyBenchmarks;'End-to-end latency: Mouse move + click';Job-FSVFRZ;Default;Default;Default;Default;Default;Default;Default;Default;Default;Default;Default;Default;Default;Default;Default;Default;Default;Default;Default;Default;Default;Default;True;Default;Default;Default;Default;Default;Default;Default;Default;10;Default;1;Default;Default;Default;Default;Default;Default;Default;3;"Job-FSVFRZ(Server=True, IterationCount=10, LaunchCount=1, WarmupCount=3)";;1;Workload;Actual;7;539656000;2048;263503.91;0;0;0;209338
InputLatencyBenchmarks.'End-to-end latency: Mouse move + click';RagnaController.Benchmarks;InputLatencyBenchmarks;'End-to-end latency: Mouse move + click';Job-FSVFRZ;Default;Default;Default;Default;Default;Default;Default;Default;Default;Default;Default;Default;Default;Default;Default;Default;Default;Default;Default;Default;Default;Default;True;Default;Default;Default;Default;Default;Default;Default;Default;10;Default;1;Default;Default;Default;Default;Default;Default;Default;3;"Job-FSVFRZ(Server=True, IterationCount=10, LaunchCount=1, WarmupCount=3)";;1;Workload;Actual;8;515958800;2048;251933.01;0;0;0;209338
InputLatencyBenchmarks.'End-to-end latency: Mouse move + click';RagnaController.Benchmarks;InputLatencyBenchmarks;'End-to-end latency: Mouse move + click';Job-FSVFRZ;Default;Default;Default;Default;Default;Default;Default;Default;Default;Default;Default;Default;Default;Default;Default;Default;Default;Default;Default;Default;Default;Default;True;Default;Default;Default;Default;Default;Default;Default;Default;10;Default;1;Default;Default;Default;Default;Default;Default;Default;3;"Job-FSVFRZ(Server=True, IterationCount=10, LaunchCount=1, WarmupCount=3)";;1;Workload;Actual;9;466713500;2048;227887.45;0;0;0;209338
InputLatencyBenchmarks.'End-to-end latency: Mouse move + click';RagnaController.Benchmarks;InputLatencyBenchmarks;'End-to-end latency: Mouse move + click';Job-FSVFRZ;Default;Default;Default;Default;Default;Default;Default;Default;Default;Default;Default;Default;Default;Default;Default;Default;Default;Default;Default;Default;Default;Default;True;Default;Default;Default;Default;Default;Default;Default;Default;10;Default;1;Default;Default;Default;Default;Default;Default;Default;3;"Job-FSVFRZ(Server=True, IterationCount=10, LaunchCount=1, WarmupCount=3)";;1;Workload;Actual;10;475552600;2048;232203.42;0;0;0;209338
InputLatencyBenchmarks.'End-to-end latency: Mouse move + click';RagnaController.Benchmarks;InputLatencyBenchmarks;'End-to-end latency: Mouse move + click';Job-FSVFRZ;Default;Default;Default;Default;Default;Default;Default;Default;Default;Default;Default;Default;Default;Default;Default;Default;Default;Default;Default;Default;Default;Default;True;Default;Default;Default;Default;Default;Default;Default;Default;10;Default;1;Default;Default;Default;Default;Default;Default;Default;3;"Job-FSVFRZ(Server=True, IterationCount=10, LaunchCount=1, WarmupCount=3)";;1;Workload;Result;1;521713050;2048;254742.7;0;0;0;209338
InputLatencyBenchmarks.'End-to-end latency: Mouse move + click';RagnaController.Benchmarks;InputLatencyBenchmarks;'End-to-end latency: Mouse move + click';Job-FSVFRZ;Default;Default;Default;Default;Default;Default;Default;Default;Default;Default;Default;Default;Default;Default;Default;Default;Default;Default;Default;Default;Default;Default;True;Default;Default;Default;Default;Default;Default;Default;Default;10;Default;1;Default;Default;Default;Default;Default;Default;Default;3;"Job-FSVFRZ(Server=True, IterationCount=10, LaunchCount=1, WarmupCount=3)";;1;Workload;Result;2;468770750;2048;228891.97;0;0;0;209338
InputLatencyBenchmarks.'End-to-end latency: Mouse move + click';RagnaController.Benchmarks;InputLatencyBenchmarks;'End-to-end latency: Mouse move + click';Job-FSVFRZ;Default;Default;Default;Default;Default;Default;Default;Default;Default;Default;Default;Default;Default;Default;Default;Default;Default;Default;Default;Default;Default;Default;True;Default;Default;Default;Default;Default;Default;Default;Default;10;Default;1;Default;Default;Default;Default;Default;Default;Default;3;"Job-FSVFRZ(Server=True, IterationCount=10, LaunchCount=1, WarmupCount=3)";;1;Workload;Result;3;517749550;2048;252807.4;0;0;0;209338
InputLatencyBenchmarks.'End-to-end latency: Mouse move + click';RagnaController.Benchmarks;InputLatencyBenchmarks;'End-to-end latency: Mouse move + click';Job-FSVFRZ;Default;Default;Default;Default;Default;Default;Default;Default;Default;Default;Default;Default;Default;Default;Default;Default;Default;Default;Default;Default;Default;Default;True;Default;Default;Default;Default;Default;Default;Default;Default;10;Default;1;Default;Default;Default;Default;Default;Default;Default;3;"Job-FSVFRZ(Server=True, IterationCount=10, LaunchCount=1, WarmupCount=3)";;1;Workload;Result;4;557725550;2048;272326.93;0;0;0;209338
InputLatencyBenchmarks.'End-to-end latency: Mouse move + click';RagnaController.Benchmarks;InputLatencyBenchmarks;'End-to-end latency: Mouse move + click';Job-FSVFRZ;Default;Default;Default;Default;Default;Default;Default;Default;Default;Default;Default;Default;Default;Default;Default;Default;Default;Default;Default;Default;Default;Default;True;Default;Default;Default;Default;Default;Default;Default;Default;10;Default;1;Default;Default;Default;Default;Default;Default;Default;3;"Job-FSVFRZ(Server=True, IterationCount=10, LaunchCount=1, WarmupCount=3)";;1;Workload;Result;5;445113950;2048;217340.8;0;0;0;209338
InputLatencyBenchmarks.'End-to-end latency: Mouse move + click';RagnaController.Benchmarks;InputLatencyBenchmarks;'End-to-end latency: Mouse move + click';Job-FSVFRZ;Default;Default;Default;Default;Default;Default;Default;Default;Default;Default;Default;Default;Default;Default;Default;Default;Default;Default;Default;Default;Default;Default;True;Default;Default;Default;Default;Default;Default;Default;Default;10;Default;1;Default;Default;Default;Default;Default;Default;Default;3;"Job-FSVFRZ(Server=True, IterationCount=10, LaunchCount=1, WarmupCount=3)";;1;Workload;Result;6;517908750;2048;252885.13;0;0;0;209338
InputLatencyBenchmarks.'End-to-end latency: Mouse move + click';RagnaController.Benchmarks;InputLatencyBenchmarks;'End-to-end latency: Mouse move + click';Job-FSVFRZ;Default;Default;Default;Default;Default;Default;Default;Default;Default;Default;Default;Default;Default;Default;Default;Default;Default;Default;Default;Default;Default;Default;True;Default;Default;Default;Default;Default;Default;Default;Default;10;Default;1;Default;Default;Default;Default;Default;Default;Default;3;"Job-FSVFRZ(Server=True, IterationCount=10, LaunchCount=1, WarmupCount=3)";;1;Workload;Result;7;539651350;2048;263501.64;0;0;0;209338
InputLatencyBenchmarks.'End-to-end latency: Mouse move + click';RagnaController.Benchmarks;InputLatencyBenchmarks;'End-to-end latency: Mouse move + click';Job-FSVFRZ;Default;Default;Default;Default;Default;Default;Default;Default;Default;Default;Default;Default;Default;Default;Default;Default;Default;Default;Default;Default;Default;Default;True;Default;Default;Default;Default;Default;Default;Default;Default;10;Default;1;Default;Default;Default;Default;Default;Default;Default;3;"Job-FSVFRZ(Server=True, IterationCount=10, LaunchCount=1, WarmupCount=3)";;1;Workload;Result;8;515954150;2048;251930.74;0;0;0;209338
InputLatencyBenchmarks.'End-to-end latency: Mouse move + click';RagnaController.Benchmarks;InputLatencyBenchmarks;'End-to-end latency: Mouse move + click';Job-FSVFRZ;Default;Default;Default;Default;Default;Default;Default;Default;Default;Default;Default;Default;Default;Default;Default;Default;Default;Default;Default;Default;Default;Default;True;Default;Default;Default;Default;Default;Default;Default;Default;10;Default;1;Default;Default;Default;Default;Default;Default;Default;3;"Job-FSVFRZ(Server=True, IterationCount=10, LaunchCount=1, WarmupCount=3)";;1;Workload;Result;9;466708850;2048;227885.18;0;0;0;209338
InputLatencyBenchmarks.'End-to-end latency: Mouse move + click';RagnaController.Benchmarks;InputLatencyBenchmarks;'End-to-end latency: Mouse move + click';Job-FSVFRZ;Default;Default;Default;Default;Default;Default;Default;Default;Default;Default;Default;Default;Default;Default;Default;Default;Default;Default;Default;Default;Default;Default;True;Default;Default;Default;Default;Default;Default;Default;Default;10;Default;1;Default;Default;Default;Default;Default;Default;Default;3;"Job-FSVFRZ(Server=True, IterationCount=10, LaunchCount=1, WarmupCount=3)";;1;Workload;Result;10;475547950;2048;232201.15;0;0;0;209338
InputLatencyBenchmarks.'End-to-end latency: 10 rapid keystrokes (macro)';RagnaController.Benchmarks;InputLatencyBenchmarks;'End-to-end latency: 10 rapid keystrokes (macro)';Job-FSVFRZ;Default;Default;Default;Default;Default;Default;Default;Default;Default;Default;Default;Default;Default;Default;Default;Default;Default;Default;Default;Default;Default;Default;True;Default;Default;Default;Default;Default;Default;Default;Default;10;Default;1;Default;Default;Default;Default;Default;Default;Default;3;"Job-FSVFRZ(Server=True, IterationCount=10, LaunchCount=1, WarmupCount=3)";;1;Overhead;Jitting;1;191500;1;191500;1;0;0;2202740
InputLatencyBenchmarks.'End-to-end latency: 10 rapid keystrokes (macro)';RagnaController.Benchmarks;InputLatencyBenchmarks;'End-to-end latency: 10 rapid keystrokes (macro)';Job-FSVFRZ;Default;Default;Default;Default;Default;Default;Default;Default;Default;Default;Default;Default;Default;Default;Default;Default;Default;Default;Default;Default;Default;Default;True;Default;Default;Default;Default;Default;Default;Default;Default;10;Default;1;Default;Default;Default;Default;Default;Default;Default;3;"Job-FSVFRZ(Server=True, IterationCount=10, LaunchCount=1, WarmupCount=3)";;1;Workload;Jitting;1;7135100;1;7135100;1;0;0;2202740
InputLatencyBenchmarks.'End-to-end latency: 10 rapid keystrokes (macro)';RagnaController.Benchmarks;InputLatencyBenchmarks;'End-to-end latency: 10 rapid keystrokes (macro)';Job-FSVFRZ;Default;Default;Default;Default;Default;Default;Default;Default;Default;Default;Default;Default;Default;Default;Default;Default;Default;Default;Default;Default;Default;Default;True;Default;Default;Default;Default;Default;Default;Default;Default;10;Default;1;Default;Default;Default;Default;Default;Default;Default;3;"Job-FSVFRZ(Server=True, IterationCount=10, LaunchCount=1, WarmupCount=3)";;1;Overhead;Jitting;2;199200;16;12450;1;0;0;2202740
InputLatencyBenchmarks.'End-to-end latency: 10 rapid keystrokes (macro)';RagnaController.Benchmarks;InputLatencyBenchmarks;'End-to-end latency: 10 rapid keystrokes (macro)';Job-FSVFRZ;Default;Default;Default;Default;Default;Default;Default;Default;Default;Default;Default;Default;Default;Default;Default;Default;Default;Default;Default;Default;Default;Default;True;Default;Default;Default;Default;Default;Default;Default;Default;10;Default;1;Default;Default;Default;Default;Default;Default;Default;3;"Job-FSVFRZ(Server=True, IterationCount=10, LaunchCount=1, WarmupCount=3)";;1;Workload;Jitting;2;20712800;16;1294550;1;0;0;2202740
InputLatencyBenchmarks.'End-to-end latency: 10 rapid keystrokes (macro)';RagnaController.Benchmarks;InputLatencyBenchmarks;'End-to-end latency: 10 rapid keystrokes (macro)';Job-FSVFRZ;Default;Default;Default;Default;Default;Default;Default;Default;Default;Default;Default;Default;Default;Default;Default;Default;Default;Default;Default;Default;Default;Default;True;Default;Default;Default;Default;Default;Default;Default;Default;10;Default;1;Default;Default;Default;Default;Default;Default;Default;3;"Job-FSVFRZ(Server=True, IterationCount=10, LaunchCount=1, WarmupCount=3)";;1;Workload;Pilot;1;40317100;16;2519818.75;1;0;0;2202740
InputLatencyBenchmarks.'End-to-end latency: 10 rapid keystrokes (macro)';RagnaController.Benchmarks;InputLatencyBenchmarks;'End-to-end latency: 10 rapid keystrokes (macro)';Job-FSVFRZ;Default;Default;Default;Default;Default;Default;Default;Default;Default;Default;Default;Default;Default;Default;Default;Default;Default;Default;Default;Default;Default;Default;True;Default;Default;Default;Default;Default;Default;Default;Default;10;Default;1;Default;Default;Default;Default;Default;Default;Default;3;"Job-FSVFRZ(Server=True, IterationCount=10, LaunchCount=1, WarmupCount=3)";;1;Workload;Pilot;2;85424400;32;2669512.5;1;0;0;2202740
InputLatencyBenchmarks.'End-to-end latency: 10 rapid keystrokes (macro)';RagnaController.Benchmarks;InputLatencyBenchmarks;'End-to-end latency: 10 rapid keystrokes (macro)';Job-FSVFRZ;Default;Default;Default;Default;Default;Default;Default;Default;Default;Default;Default;Default;Default;Default;Default;Default;Default;Default;Default;Default;Default;Default;True;Default;Default;Default;Default;Default;Default;Default;Default;10;Default;1;Default;Default;Default;Default;Default;Default;Default;3;"Job-FSVFRZ(Server=True, IterationCount=10, LaunchCount=1, WarmupCount=3)";;1;Workload;Pilot;3;173017500;64;2703398.44;1;0;0;2202740
InputLatencyBenchmarks.'End-to-end latency: 10 rapid keystrokes (macro)';RagnaController.Benchmarks;InputLatencyBenchmarks;'End-to-end latency: 10 rapid keystrokes (macro)';Job-FSVFRZ;Default;Default;Default;Default;Default;Default;Default;Default;Default;Default;Default;Default;Default;Default;Default;Default;Default;Default;Default;Default;Default;Default;True;Default;Default;Default;Default;Default;Default;Default;Default;10;Default;1;Default;Default;Default;Default;Default;Default;Default;3;"Job-FSVFRZ(Server=True, IterationCount=10, LaunchCount=1, WarmupCount=3)";;1;Workload;Pilot;4;456704800;128;3568006.25;1;0;0;2202740
InputLatencyBenchmarks.'End-to-end latency: 10 rapid keystrokes (macro)';RagnaController.Benchmarks;InputLatencyBenchmarks;'End-to-end latency: 10 rapid keystrokes (macro)';Job-FSVFRZ;Default;Default;Default;Default;Default;Default;Default;Default;Default;Default;Default;Default;Default;Default;Default;Default;Default;Default;Default;Default;Default;Default;True;Default;Default;Default;Default;Default;Default;Default;Default;10;Default;1;Default;Default;Default;Default;Default;Default;Default;3;"Job-FSVFRZ(Server=True, IterationCount=10, LaunchCount=1, WarmupCount=3)";;1;Workload;Pilot;5;871141100;256;3402894.92;1;0;0;2202740
InputLatencyBenchmarks.'End-to-end latency: 10 rapid keystrokes (macro)';RagnaController.Benchmarks;InputLatencyBenchmarks;'End-to-end latency: 10 rapid keystrokes (macro)';Job-FSVFRZ;Default;Default;Default;Default;Default;Default;Default;Default;Default;Default;Default;Default;Default;Default;Default;Default;Default;Default;Default;Default;Default;Default;True;Default;Default;Default;Default;Default;Default;Default;Default;10;Default;1;Default;Default;Default;Default;Default;Default;Default;3;"Job-FSVFRZ(Server=True, IterationCount=10, LaunchCount=1, WarmupCount=3)";;1;Overhead;Warmup;1;6700;256;26.17;1;0;0;2202740
InputLatencyBenchmarks.'End-to-end latency: 10 rapid keystrokes (macro)';RagnaController.Benchmarks;InputLatencyBenchmarks;'End-to-end latency: 10 rapid keystrokes (macro)';Job-FSVFRZ;Default;Default;Default;Default;Default;Default;Default;Default;Default;Default;Default;Default;Default;Default;Default;Default;Default;Default;Default;Default;Default;Default;True;Default;Default;Default;Default;Default;Default;Default;Default;10;Default;1;Default;Default;Default;Default;Default;Default;Default;3;"Job-FSVFRZ(Server=True, IterationCount=10, LaunchCount=1, WarmupCount=3)";;1;Overhead;Warmup;2;1800;256;7.03;1;0;0;2202740
InputLatencyBenchmarks.'End-to-end latency: 10 rapid keystrokes (macro)';RagnaController.Benchmarks;InputLatencyBenchmarks;'End-to-end latency: 10 rapid keystrokes (macro)';Job-FSVFRZ;Default;Default;Default;Default;Default;Default;Default;Default;Default;Default;Default;Default;Default;Default;Default;Default;Default;Default;Default;Default;Default;Default;True;Default;Default;Default;Default;Default;Default;Default;Default;10;Default;1;Default;Default;Default;Default;Default;Default;Default;3;"Job-FSVFRZ(Server=True, IterationCount=10, LaunchCount=1, WarmupCount=3)";;1;Overhead;Warmup;3;6900;256;26.95;1;0;0;2202740
InputLatencyBenchmarks.'End-to-end latency: 10 rapid keystrokes (macro)';RagnaController.Benchmarks;InputLatencyBenchmarks;'End-to-end latency: 10 rapid keystrokes (macro)';Job-FSVFRZ;Default;Default;Default;Default;Default;Default;Default;Default;Default;Default;Default;Default;Default;Default;Default;Default;Default;Default;Default;Default;Default;Default;True;Default;Default;Default;Default;Default;Default;Default;Default;10;Default;1;Default;Default;Default;Default;Default;Default;Default;3;"Job-FSVFRZ(Server=True, IterationCount=10, LaunchCount=1, WarmupCount=3)";;1;Overhead;Warmup;4;2200;256;8.59;1;0;0;2202740
InputLatencyBenchmarks.'End-to-end latency: 10 rapid keystrokes (macro)';RagnaController.Benchmarks;InputLatencyBenchmarks;'End-to-end latency: 10 rapid keystrokes (macro)';Job-FSVFRZ;Default;Default;Default;Default;Default;Default;Default;Default;Default;Default;Default;Default;Default;Default;Default;Default;Default;Default;Default;Default;Default;Default;True;Default;Default;Default;Default;Default;Default;Default;Default;10;Default;1;Default;Default;Default;Default;Default;Default;Default;3;"Job-FSVFRZ(Server=True, IterationCount=10, LaunchCount=1, WarmupCount=3)";;1;Overhead;Warmup;5;2100;256;8.2;1;0;0;2202740
InputLatencyBenchmarks.'End-to-end latency: 10 rapid keystrokes (macro)';RagnaController.Benchmarks;InputLatencyBenchmarks;'End-to-end latency: 10 rapid keystrokes (macro)';Job-FSVFRZ;Default;Default;Default;Default;Default;Default;Default;Default;Default;Default;Default;Default;Default;Default;Default;Default;Default;Default;Default;Default;Default;Default;True;Default;Default;Default;Default;Default;Default;Default;Default;10;Default;1;Default;Default;Default;Default;Default;Default;Default;3;"Job-FSVFRZ(Server=True, IterationCount=10, LaunchCount=1, WarmupCount=3)";;1;Overhead;Warmup;6;2800;256;10.94;1;0;0;2202740
InputLatencyBenchmarks.'End-to-end latency: 10 rapid keystrokes (macro)';RagnaController.Benchmarks;InputLatencyBenchmarks;'End-to-end latency: 10 rapid keystrokes (macro)';Job-FSVFRZ;Default;Default;Default;Default;Default;Default;Default;Default;Default;Default;Default;Default;Default;Default;Default;Default;Default;Default;Default;Default;Default;Default;True;Default;Default;Default;Default;Default;Default;Default;Default;10;Default;1;Default;Default;Default;Default;Default;Default;Default;3;"Job-FSVFRZ(Server=True, IterationCount=10, LaunchCount=1, WarmupCount=3)";;1;Overhead;Warmup;7;2100;256;8.2;1;0;0;2202740
InputLatencyBenchmarks.'End-to-end latency: 10 rapid keystrokes (macro)';RagnaController.Benchmarks;InputLatencyBenchmarks;'End-to-end latency: 10 rapid keystrokes (macro)';Job-FSVFRZ;Default;Default;Default;Default;Default;Default;Default;Default;Default;Default;Default;Default;Default;Default;Default;Default;Default;Default;Default;Default;Default;Default;True;Default;Default;Default;Default;Default;Default;Default;Default;10;Default;1;Default;Default;Default;Default;Default;Default;Default;3;"Job-FSVFRZ(Server=True, IterationCount=10, LaunchCount=1, WarmupCount=3)";;1;Overhead;Actual;1;2400;256;9.38;1;0;0;2202740
InputLatencyBenchmarks.'End-to-end latency: 10 rapid keystrokes (macro)';RagnaController.Benchmarks;InputLatencyBenchmarks;'End-to-end latency: 10 rapid keystrokes (macro)';Job-FSVFRZ;Default;Default;Default;Default;Default;Default;Default;Default;Default;Default;Default;Default;Default;Default;Default;Default;Default;Default;Default;Default;Default;Default;True;Default;Default;Default;Default;Default;Default;Default;Default;10;Default;1;Default;Default;Default;Default;Default;Default;Default;3;"Job-FSVFRZ(Server=True, IterationCount=10, LaunchCount=1, WarmupCount=3)";;1;Overhead;Actual;2;2400;256;9.38;1;0;0;2202740
InputLatencyBenchmarks.'End-to-end latency: 10 rapid keystrokes (macro)';RagnaController.Benchmarks;InputLatencyBenchmarks;'End-to-end latency: 10 rapid keystrokes (macro)';Job-FSVFRZ;Default;Default;Default;Default;Default;Default;Default;Default;Default;Default;Default;Default;Default;Default;Default;Default;Default;Default;Default;Default;Default;Default;True;Default;Default;Default;Default;Default;Default;Default;Default;10;Default;1;Default;Default;Default;Default;Default;Default;Default;3;"Job-FSVFRZ(Server=True, IterationCount=10, LaunchCount=1, WarmupCount=3)";;1;Overhead;Actual;3;2900;256;11.33;1;0;0;2202740
InputLatencyBenchmarks.'End-to-end latency: 10 rapid keystrokes (macro)';RagnaController.Benchmarks;InputLatencyBenchmarks;'End-to-end latency: 10 rapid keystrokes (macro)';Job-FSVFRZ;Default;Default;Default;Default;Default;Default;Default;Default;Default;Default;Default;Default;Default;Default;Default;Default;Default;Default;Default;Default;Default;Default;True;Default;Default;Default;Default;Default;Default;Default;Default;10;Default;1;Default;Default;Default;Default;Default;Default;Default;3;"Job-FSVFRZ(Server=True, IterationCount=10, LaunchCount=1, WarmupCount=3)";;1;Overhead;Actual;4;2500;256;9.77;1;0;0;2202740
InputLatencyBenchmarks.'End-to-end latency: 10 rapid keystrokes (macro)';RagnaController.Benchmarks;InputLatencyBenchmarks;'End-to-end latency: 10 rapid keystrokes (macro)';Job-FSVFRZ;Default;Default;Default;Default;Default;Default;Default;Default;Default;Default;Default;Default;Default;Default;Default;Default;Default;Default;Default;Default;Default;Default;True;Default;Default;Default;Default;Default;Default;Default;Default;10;Default;1;Default;Default;Default;Default;Default;Default;Default;3;"Job-FSVFRZ(Server=True, IterationCount=10, LaunchCount=1, WarmupCount=3)";;1;Overhead;Actual;5;2200;256;8.59;1;0;0;2202740
InputLatencyBenchmarks.'End-to-end latency: 10 rapid keystrokes (macro)';RagnaController.Benchmarks;InputLatencyBenchmarks;'End-to-end latency: 10 rapid keystrokes (macro)';Job-FSVFRZ;Default;Default;Default;Default;Default;Default;Default;Default;Default;Default;Default;Default;Default;Default;Default;Default;Default;Default;Default;Default;Default;Default;True;Default;Default;Default;Default;Default;Default;Default;Default;10;Default;1;Default;Default;Default;Default;Default;Default;Default;3;"Job-FSVFRZ(Server=True, IterationCount=10, LaunchCount=1, WarmupCount=3)";;1;Overhead;Actual;6;4400;256;17.19;1;0;0;2202740
InputLatencyBenchmarks.'End-to-end latency: 10 rapid keystrokes (macro)';RagnaController.Benchmarks;InputLatencyBenchmarks;'End-to-end latency: 10 rapid keystrokes (macro)';Job-FSVFRZ;Default;Default;Default;Default;Default;Default;Default;Default;Default;Default;Default;Default;Default;Default;Default;Default;Default;Default;Default;Default;Default;Default;True;Default;Default;Default;Default;Default;Default;Default;Default;10;Default;1;Default;Default;Default;Default;Default;Default;Default;3;"Job-FSVFRZ(Server=True, IterationCount=10, LaunchCount=1, WarmupCount=3)";;1;Overhead;Actual;7;2300;256;8.98;1;0;0;2202740
InputLatencyBenchmarks.'End-to-end latency: 10 rapid keystrokes (macro)';RagnaController.Benchmarks;InputLatencyBenchmarks;'End-to-end latency: 10 rapid keystrokes (macro)';Job-FSVFRZ;Default;Default;Default;Default;Default;Default;Default;Default;Default;Default;Default;Default;Default;Default;Default;Default;Default;Default;Default;Default;Default;Default;True;Default;Default;Default;Default;Default;Default;Default;Default;10;Default;1;Default;Default;Default;Default;Default;Default;Default;3;"Job-FSVFRZ(Server=True, IterationCount=10, LaunchCount=1, WarmupCount=3)";;1;Overhead;Actual;8;2800;256;10.94;1;0;0;2202740
InputLatencyBenchmarks.'End-to-end latency: 10 rapid keystrokes (macro)';RagnaController.Benchmarks;InputLatencyBenchmarks;'End-to-end latency: 10 rapid keystrokes (macro)';Job-FSVFRZ;Default;Default;Default;Default;Default;Default;Default;Default;Default;Default;Default;Default;Default;Default;Default;Default;Default;Default;Default;Default;Default;Default;True;Default;Default;Default;Default;Default;Default;Default;Default;10;Default;1;Default;Default;Default;Default;Default;Default;Default;3;"Job-FSVFRZ(Server=True, IterationCount=10, LaunchCount=1, WarmupCount=3)";;1;Overhead;Actual;9;2000;256;7.81;1;0;0;2202740
InputLatencyBenchmarks.'End-to-end latency: 10 rapid keystrokes (macro)';RagnaController.Benchmarks;InputLatencyBenchmarks;'End-to-end latency: 10 rapid keystrokes (macro)';Job-FSVFRZ;Default;Default;Default;Default;Default;Default;Default;Default;Default;Default;Default;Default;Default;Default;Default;Default;Default;Default;Default;Default;Default;Default;True;Default;Default;Default;Default;Default;Default;Default;Default;10;Default;1;Default;Default;Default;Default;Default;Default;Default;3;"Job-FSVFRZ(Server=True, IterationCount=10, LaunchCount=1, WarmupCount=3)";;1;Overhead;Actual;10;2100;256;8.2;1;0;0;2202740
InputLatencyBenchmarks.'End-to-end latency: 10 rapid keystrokes (macro)';RagnaController.Benchmarks;InputLatencyBenchmarks;'End-to-end latency: 10 rapid keystrokes (macro)';Job-FSVFRZ;Default;Default;Default;Default;Default;Default;Default;Default;Default;Default;Default;Default;Default;Default;Default;Default;Default;Default;Default;Default;Default;Default;True;Default;Default;Default;Default;Default;Default;Default;Default;10;Default;1;Default;Default;Default;Default;Default;Default;Default;3;"Job-FSVFRZ(Server=True, IterationCount=10, LaunchCount=1, WarmupCount=3)";;1;Overhead;Actual;11;2900;256;11.33;1;0;0;2202740
InputLatencyBenchmarks.'End-to-end latency: 10 rapid keystrokes (macro)';RagnaController.Benchmarks;InputLatencyBenchmarks;'End-to-end latency: 10 rapid keystrokes (macro)';Job-FSVFRZ;Default;Default;Default;Default;Default;Default;Default;Default;Default;Default;Default;Default;Default;Default;Default;Default;Default;Default;Default;Default;Default;Default;True;Default;Default;Default;Default;Default;Default;Default;Default;10;Default;1;Default;Default;Default;Default;Default;Default;Default;3;"Job-FSVFRZ(Server=True, IterationCount=10, LaunchCount=1, WarmupCount=3)";;1;Overhead;Actual;12;2200;256;8.59;1;0;0;2202740
InputLatencyBenchmarks.'End-to-end latency: 10 rapid keystrokes (macro)';RagnaController.Benchmarks;InputLatencyBenchmarks;'End-to-end latency: 10 rapid keystrokes (macro)';Job-FSVFRZ;Default;Default;Default;Default;Default;Default;Default;Default;Default;Default;Default;Default;Default;Default;Default;Default;Default;Default;Default;Default;Default;Default;True;Default;Default;Default;Default;Default;Default;Default;Default;10;Default;1;Default;Default;Default;Default;Default;Default;Default;3;"Job-FSVFRZ(Server=True, IterationCount=10, LaunchCount=1, WarmupCount=3)";;1;Overhead;Actual;13;2300;256;8.98;1;0;0;2202740
InputLatencyBenchmarks.'End-to-end latency: 10 rapid keystrokes (macro)';RagnaController.Benchmarks;InputLatencyBenchmarks;'End-to-end latency: 10 rapid keystrokes (macro)';Job-FSVFRZ;Default;Default;Default;Default;Default;Default;Default;Default;Default;Default;Default;Default;Default;Default;Default;Default;Default;Default;Default;Default;Default;Default;True;Default;Default;Default;Default;Default;Default;Default;Default;10;Default;1;Default;Default;Default;Default;Default;Default;Default;3;"Job-FSVFRZ(Server=True, IterationCount=10, LaunchCount=1, WarmupCount=3)";;1;Overhead;Actual;14;2100;256;8.2;1;0;0;2202740
InputLatencyBenchmarks.'End-to-end latency: 10 rapid keystrokes (macro)';RagnaController.Benchmarks;InputLatencyBenchmarks;'End-to-end latency: 10 rapid keystrokes (macro)';Job-FSVFRZ;Default;Default;Default;Default;Default;Default;Default;Default;Default;Default;Default;Default;Default;Default;Default;Default;Default;Default;Default;Default;Default;Default;True;Default;Default;Default;Default;Default;Default;Default;Default;10;Default;1;Default;Default;Default;Default;Default;Default;Default;3;"Job-FSVFRZ(Server=True, IterationCount=10, LaunchCount=1, WarmupCount=3)";;1;Overhead;Actual;15;2500;256;9.77;1;0;0;2202740
InputLatencyBenchmarks.'End-to-end latency: 10 rapid keystrokes (macro)';RagnaController.Benchmarks;InputLatencyBenchmarks;'End-to-end latency: 10 rapid keystrokes (macro)';Job-FSVFRZ;Default;Default;Default;Default;Default;Default;Default;Default;Default;Default;Default;Default;Default;Default;Default;Default;Default;Default;Default;Default;Default;Default;True;Default;Default;Default;Default;Default;Default;Default;Default;10;Default;1;Default;Default;Default;Default;Default;Default;Default;3;"Job-FSVFRZ(Server=True, IterationCount=10, LaunchCount=1, WarmupCount=3)";;1;Overhead;Actual;16;4200;256;16.41;1;0;0;2202740
InputLatencyBenchmarks.'End-to-end latency: 10 rapid keystrokes (macro)';RagnaController.Benchmarks;InputLatencyBenchmarks;'End-to-end latency: 10 rapid keystrokes (macro)';Job-FSVFRZ;Default;Default;Default;Default;Default;Default;Default;Default;Default;Default;Default;Default;Default;Default;Default;Default;Default;Default;Default;Default;Default;Default;True;Default;Default;Default;Default;Default;Default;Default;Default;10;Default;1;Default;Default;Default;Default;Default;Default;Default;3;"Job-FSVFRZ(Server=True, IterationCount=10, LaunchCount=1, WarmupCount=3)";;1;Overhead;Actual;17;6100;256;23.83;1;0;0;2202740
InputLatencyBenchmarks.'End-to-end latency: 10 rapid keystrokes (macro)';RagnaController.Benchmarks;InputLatencyBenchmarks;'End-to-end latency: 10 rapid keystrokes (macro)';Job-FSVFRZ;Default;Default;Default;Default;Default;Default;Default;Default;Default;Default;Default;Default;Default;Default;Default;Default;Default;Default;Default;Default;Default;Default;True;Default;Default;Default;Default;Default;Default;Default;Default;10;Default;1;Default;Default;Default;Default;Default;Default;Default;3;"Job-FSVFRZ(Server=True, IterationCount=10, LaunchCount=1, WarmupCount=3)";;1;Overhead;Actual;18;2800;256;10.94;1;0;0;2202740
InputLatencyBenchmarks.'End-to-end latency: 10 rapid keystrokes (macro)';RagnaController.Benchmarks;InputLatencyBenchmarks;'End-to-end latency: 10 rapid keystrokes (macro)';Job-FSVFRZ;Default;Default;Default;Default;Default;Default;Default;Default;Default;Default;Default;Default;Default;Default;Default;Default;Default;Default;Default;Default;Default;Default;True;Default;Default;Default;Default;Default;Default;Default;Default;10;Default;1;Default;Default;Default;Default;Default;Default;Default;3;"Job-FSVFRZ(Server=True, IterationCount=10, LaunchCount=1, WarmupCount=3)";;1;Overhead;Actual;19;2400;256;9.38;1;0;0;2202740
InputLatencyBenchmarks.'End-to-end latency: 10 rapid keystrokes (macro)';RagnaController.Benchmarks;InputLatencyBenchmarks;'End-to-end latency: 10 rapid keystrokes (macro)';Job-FSVFRZ;Default;Default;Default;Default;Default;Default;Default;Default;Default;Default;Default;Default;Default;Default;Default;Default;Default;Default;Default;Default;Default;Default;True;Default;Default;Default;Default;Default;Default;Default;Default;10;Default;1;Default;Default;Default;Default;Default;Default;Default;3;"Job-FSVFRZ(Server=True, IterationCount=10, LaunchCount=1, WarmupCount=3)";;1;Overhead;Actual;20;2400;256;9.38;1;0;0;2202740
InputLatencyBenchmarks.'End-to-end latency: 10 rapid keystrokes (macro)';RagnaController.Benchmarks;InputLatencyBenchmarks;'End-to-end latency: 10 rapid keystrokes (macro)';Job-FSVFRZ;Default;Default;Default;Default;Default;Default;Default;Default;Default;Default;Default;Default;Default;Default;Default;Default;Default;Default;Default;Default;Default;Default;True;Default;Default;Default;Default;Default;Default;Default;Default;10;Default;1;Default;Default;Default;Default;Default;Default;Default;3;"Job-FSVFRZ(Server=True, IterationCount=10, LaunchCount=1, WarmupCount=3)";;1;Workload;Warmup;1;751591700;256;2935905.08;1;0;0;2202740
InputLatencyBenchmarks.'End-to-end latency: 10 rapid keystrokes (macro)';RagnaController.Benchmarks;InputLatencyBenchmarks;'End-to-end latency: 10 rapid keystrokes (macro)';Job-FSVFRZ;Default;Default;Default;Default;Default;Default;Default;Default;Default;Default;Default;Default;Default;Default;Default;Default;Default;Default;Default;Default;Default;Default;True;Default;Default;Default;Default;Default;Default;Default;Default;10;Default;1;Default;Default;Default;Default;Default;Default;Default;3;"Job-FSVFRZ(Server=True, IterationCount=10, LaunchCount=1, WarmupCount=3)";;1;Workload;Warmup;2;827994200;256;3234352.34;1;0;0;2202740
InputLatencyBenchmarks.'End-to-end latency: 10 rapid keystrokes (macro)';RagnaController.Benchmarks;InputLatencyBenchmarks;'End-to-end latency: 10 rapid keystrokes (macro)';Job-FSVFRZ;Default;Default;Default;Default;Default;Default;Default;Default;Default;Default;Default;Default;Default;Default;Default;Default;Default;Default;Default;Default;Default;Default;True;Default;Default;Default;Default;Default;Default;Default;Default;10;Default;1;Default;Default;Default;Default;Default;Default;Default;3;"Job-FSVFRZ(Server=True, IterationCount=10, LaunchCount=1, WarmupCount=3)";;1;Workload;Warmup;3;751475200;256;2935450;1;0;0;2202740
InputLatencyBenchmarks.'End-to-end latency: 10 rapid keystrokes (macro)';RagnaController.Benchmarks;InputLatencyBenchmarks;'End-to-end latency: 10 rapid keystrokes (macro)';Job-FSVFRZ;Default;Default;Default;Default;Default;Default;Default;Default;Default;Default;Default;Default;Default;Default;Default;Default;Default;Default;Default;Default;Default;Default;True;Default;Default;Default;Default;Default;Default;Default;Default;10;Default;1;Default;Default;Default;Default;Default;Default;Default;3;"Job-FSVFRZ(Server=True, IterationCount=10, LaunchCount=1, WarmupCount=3)";;1;Workload;Actual;1;1041373900;256;4067866.8;1;0;0;2202740
InputLatencyBenchmarks.'End-to-end latency: 10 rapid keystrokes (macro)';RagnaController.Benchmarks;InputLatencyBenchmarks;'End-to-end latency: 10 rapid keystrokes (macro)';Job-FSVFRZ;Default;Default;Default;Default;Default;Default;Default;Default;Default;Default;Default;Default;Default;Default;Default;Default;Default;Default;Default;Default;Default;Default;True;Default;Default;Default;Default;Default;Default;Default;Default;10;Default;1;Default;Default;Default;Default;Default;Default;Default;3;"Job-FSVFRZ(Server=True, IterationCount=10, LaunchCount=1, WarmupCount=3)";;1;Workload;Actual;2;930554100;256;3634976.95;1;0;0;2202740
InputLatencyBenchmarks.'End-to-end latency: 10 rapid keystrokes (macro)';RagnaController.Benchmarks;InputLatencyBenchmarks;'End-to-end latency: 10 rapid keystrokes (macro)';Job-FSVFRZ;Default;Default;Default;Default;Default;Default;Default;Default;Default;Default;Default;Default;Default;Default;Default;Default;Default;Default;Default;Default;Default;Default;True;Default;Default;Default;Default;Default;Default;Default;Default;10;Default;1;Default;Default;Default;Default;Default;Default;Default;3;"Job-FSVFRZ(Server=True, IterationCount=10, LaunchCount=1, WarmupCount=3)";;1;Workload;Actual;3;595109600;256;2324646.88;1;0;0;2202740
InputLatencyBenchmarks.'End-to-end latency: 10 rapid keystrokes (macro)';RagnaController.Benchmarks;InputLatencyBenchmarks;'End-to-end latency: 10 rapid keystrokes (macro)';Job-FSVFRZ;Default;Default;Default;Default;Default;Default;Default;Default;Default;Default;Default;Default;Default;Default;Default;Default;Default;Default;Default;Default;Default;Default;True;Default;Default;Default;Default;Default;Default;Default;Default;10;Default;1;Default;Default;Default;Default;Default;Default;Default;3;"Job-FSVFRZ(Server=True, IterationCount=10, LaunchCount=1, WarmupCount=3)";;1;Workload;Actual;4;711322900;256;2778605.08;1;0;0;2202740
InputLatencyBenchmarks.'End-to-end latency: 10 rapid keystrokes (macro)';RagnaController.Benchmarks;InputLatencyBenchmarks;'End-to-end latency: 10 rapid keystrokes (macro)';Job-FSVFRZ;Default;Default;Default;Default;Default;Default;Default;Default;Default;Default;Default;Default;Default;Default;Default;Default;Default;Default;Default;Default;Default;Default;True;Default;Default;Default;Default;Default;Default;Default;Default;10;Default;1;Default;Default;Default;Default;Default;Default;Default;3;"Job-FSVFRZ(Server=True, IterationCount=10, LaunchCount=1, WarmupCount=3)";;1;Workload;Actual;5;899895000;256;3515214.84;1;0;0;2202740
InputLatencyBenchmarks.'End-to-end latency: 10 rapid keystrokes (macro)';RagnaController.Benchmarks;InputLatencyBenchmarks;'End-to-end latency: 10 rapid keystrokes (macro)';Job-FSVFRZ;Default;Default;Default;Default;Default;Default;Default;Default;Default;Default;Default;Default;Default;Default;Default;Default;Default;Default;Default;Default;Default;Default;True;Default;Default;Default;Default;Default;Default;Default;Default;10;Default;1;Default;Default;Default;Default;Default;Default;Default;3;"Job-FSVFRZ(Server=True, IterationCount=10, LaunchCount=1, WarmupCount=3)";;1;Workload;Actual;6;994802300;256;3885946.48;1;0;0;2202740
InputLatencyBenchmarks.'End-to-end latency: 10 rapid keystrokes (macro)';RagnaController.Benchmarks;InputLatencyBenchmarks;'End-to-end latency: 10 rapid keystrokes (macro)';Job-FSVFRZ;Default;Default;Default;Default;Default;Default;Default;Default;Default;Default;Default;Default;Default;Default;Default;Default;Default;Default;Default;Default;Default;Default;True;Default;Default;Default;Default;Default;Default;Default;Default;10;Default;1;Default;Default;Default;Default;Default;Default;Default;3;"Job-FSVFRZ(Server=True, IterationCount=10, LaunchCount=1, WarmupCount=3)";;1;Workload;Actual;7;955048500;256;3730658.2;1;0;0;2202740
InputLatencyBenchmarks.'End-to-end latency: 10 rapid keystrokes (macro)';RagnaController.Benchmarks;InputLatencyBenchmarks;'End-to-end latency: 10 rapid keystrokes (macro)';Job-FSVFRZ;Default;Default;Default;Default;Default;Default;Default;Default;Default;Default;Default;Default;Default;Default;Default;Default;Default;Default;Default;Default;Default;Default;True;Default;Default;Default;Default;Default;Default;Default;Default;10;Default;1;Default;Default;Default;Default;Default;Default;Default;3;"Job-FSVFRZ(Server=True, IterationCount=10, LaunchCount=1, WarmupCount=3)";;1;Workload;Actual;8;709353600;256;2770912.5;1;0;0;2202740
InputLatencyBenchmarks.'End-to-end latency: 10 rapid keystrokes (macro)';RagnaController.Benchmarks;InputLatencyBenchmarks;'End-to-end latency: 10 rapid keystrokes (macro)';Job-FSVFRZ;Default;Default;Default;Default;Default;Default;Default;Default;Default;Default;Default;Default;Default;Default;Default;Default;Default;Default;Default;Default;Default;Default;True;Default;Default;Default;Default;Default;Default;Default;Default;10;Default;1;Default;Default;Default;Default;Default;Default;Default;3;"Job-FSVFRZ(Server=True, IterationCount=10, LaunchCount=1, WarmupCount=3)";;1;Workload;Actual;9;646788600;256;2526517.97;1;0;0;2202740
InputLatencyBenchmarks.'End-to-end latency: 10 rapid keystrokes (macro)';RagnaController.Benchmarks;InputLatencyBenchmarks;'End-to-end latency: 10 rapid keystrokes (macro)';Job-FSVFRZ;Default;Default;Default;Default;Default;Default;Default;Default;Default;Default;Default;Default;Default;Default;Default;Default;Default;Default;Default;Default;Default;Default;True;Default;Default;Default;Default;Default;Default;Default;Default;10;Default;1;Default;Default;Default;Default;Default;Default;Default;3;"Job-FSVFRZ(Server=True, IterationCount=10, LaunchCount=1, WarmupCount=3)";;1;Workload;Actual;10;698554000;256;2728726.56;1;0;0;2202740
InputLatencyBenchmarks.'End-to-end latency: 10 rapid keystrokes (macro)';RagnaController.Benchmarks;InputLatencyBenchmarks;'End-to-end latency: 10 rapid keystrokes (macro)';Job-FSVFRZ;Default;Default;Default;Default;Default;Default;Default;Default;Default;Default;Default;Default;Default;Default;Default;Default;Default;Default;Default;Default;Default;Default;True;Default;Default;Default;Default;Default;Default;Default;Default;10;Default;1;Default;Default;Default;Default;Default;Default;Default;3;"Job-FSVFRZ(Server=True, IterationCount=10, LaunchCount=1, WarmupCount=3)";;1;Workload;Result;1;1041371500;256;4067857.42;1;0;0;2202740
InputLatencyBenchmarks.'End-to-end latency: 10 rapid keystrokes (macro)';RagnaController.Benchmarks;InputLatencyBenchmarks;'End-to-end latency: 10 rapid keystrokes (macro)';Job-FSVFRZ;Default;Default;Default;Default;Default;Default;Default;Default;Default;Default;Default;Default;Default;Default;Default;Default;Default;Default;Default;Default;Default;Default;True;Default;Default;Default;Default;Default;Default;Default;Default;10;Default;1;Default;Default;Default;Default;Default;Default;Default;3;"Job-FSVFRZ(Server=True, IterationCount=10, LaunchCount=1, WarmupCount=3)";;1;Workload;Result;2;930551700;256;3634967.58;1;0;0;2202740
InputLatencyBenchmarks.'End-to-end latency: 10 rapid keystrokes (macro)';RagnaController.Benchmarks;InputLatencyBenchmarks;'End-to-end latency: 10 rapid keystrokes (macro)';Job-FSVFRZ;Default;Default;Default;Default;Default;Default;Default;Default;Default;Default;Default;Default;Default;Default;Default;Default;Default;Default;Default;Default;Default;Default;True;Default;Default;Default;Default;Default;Default;Default;Default;10;Default;1;Default;Default;Default;Default;Default;Default;Default;3;"Job-FSVFRZ(Server=True, IterationCount=10, LaunchCount=1, WarmupCount=3)";;1;Workload;Result;3;595107200;256;2324637.5;1;0;0;2202740
InputLatencyBenchmarks.'End-to-end latency: 10 rapid keystrokes (macro)';RagnaController.Benchmarks;InputLatencyBenchmarks;'End-to-end latency: 10 rapid keystrokes (macro)';Job-FSVFRZ;Default;Default;Default;Default;Default;Default;Default;Default;Default;Default;Default;Default;Default;Default;Default;Default;Default;Default;Default;Default;Default;Default;True;Default;Default;Default;Default;Default;Default;Default;Default;10;Default;1;Default;Default;Default;Default;Default;Default;Default;3;"Job-FSVFRZ(Server=True, IterationCount=10, LaunchCount=1, WarmupCount=3)";;1;Workload;Result;4;711320500;256;2778595.7;1;0;0;2202740
InputLatencyBenchmarks.'End-to-end latency: 10 rapid keystrokes (macro)';RagnaController.Benchmarks;InputLatencyBenchmarks;'End-to-end latency: 10 rapid keystrokes (macro)';Job-FSVFRZ;Default;Default;Default;Default;Default;Default;Default;Default;Default;Default;Default;Default;Default;Default;Default;Default;Default;Default;Default;Default;Default;Default;True;Default;Default;Default;Default;Default;Default;Default;Default;10;Default;1;Default;Default;Default;Default;Default;Default;Default;3;"Job-FSVFRZ(Server=True, IterationCount=10, LaunchCount=1, WarmupCount=3)";;1;Workload;Result;5;899892600;256;3515205.47;1;0;0;2202740
InputLatencyBenchmarks.'End-to-end latency: 10 rapid keystrokes (macro)';RagnaController.Benchmarks;InputLatencyBenchmarks;'End-to-end latency: 10 rapid keystrokes (macro)';Job-FSVFRZ;Default;Default;Default;Default;Default;Default;Default;Default;Default;Default;Default;Default;Default;Default;Default;Default;Default;Default;Default;Default;Default;Default;True;Default;Default;Default;Default;Default;Default;Default;Default;10;Default;1;Default;Default;Default;Default;Default;Default;Default;3;"Job-FSVFRZ(Server=True, IterationCount=10, LaunchCount=1, WarmupCount=3)";;1;Workload;Result;6;994799900;256;3885937.11;1;0;0;2202740
InputLatencyBenchmarks.'End-to-end latency: 10 rapid keystrokes (macro)';RagnaController.Benchmarks;InputLatencyBenchmarks;'End-to-end latency: 10 rapid keystrokes (macro)';Job-FSVFRZ;Default;Default;Default;Default;Default;Default;Default;Default;Default;Default;Default;Default;Default;Default;Default;Default;Default;Default;Default;Default;Default;Default;True;Default;Default;Default;Default;Default;Default;Default;Default;10;Default;1;Default;Default;Default;Default;Default;Default;Default;3;"Job-FSVFRZ(Server=True, IterationCount=10, LaunchCount=1, WarmupCount=3)";;1;Workload;Result;7;955046100;256;3730648.83;1;0;0;2202740
InputLatencyBenchmarks.'End-to-end latency: 10 rapid keystrokes (macro)';RagnaController.Benchmarks;InputLatencyBenchmarks;'End-to-end latency: 10 rapid keystrokes (macro)';Job-FSVFRZ;Default;Default;Default;Default;Default;Default;Default;Default;Default;Default;Default;Default;Default;Default;Default;Default;Default;Default;Default;Default;Default;Default;True;Default;Default;Default;Default;Default;Default;Default;Default;10;Default;1;Default;Default;Default;Default;Default;Default;Default;3;"Job-FSVFRZ(Server=True, IterationCount=10, LaunchCount=1, WarmupCount=3)";;1;Workload;Result;8;709351200;256;2770903.13;1;0;0;2202740
InputLatencyBenchmarks.'End-to-end latency: 10 rapid keystrokes (macro)';RagnaController.Benchmarks;InputLatencyBenchmarks;'End-to-end latency: 10 rapid keystrokes (macro)';Job-FSVFRZ;Default;Default;Default;Default;Default;Default;Default;Default;Default;Default;Default;Default;Default;Default;Default;Default;Default;Default;Default;Default;Default;Default;True;Default;Default;Default;Default;Default;Default;Default;Default;10;Default;1;Default;Default;Default;Default;Default;Default;Default;3;"Job-FSVFRZ(Server=True, IterationCount=10, LaunchCount=1, WarmupCount=3)";;1;Workload;Result;9;646786200;256;2526508.59;1;0;0;2202740
InputLatencyBenchmarks.'End-to-end latency: 10 rapid keystrokes (macro)';RagnaController.Benchmarks;InputLatencyBenchmarks;'End-to-end latency: 10 rapid keystrokes (macro)';Job-FSVFRZ;Default;Default;Default;Default;Default;Default;Default;Default;Default;Default;Default;Default;Default;Default;Default;Default;Default;Default;Default;Default;Default;Default;True;Default;Default;Default;Default;Default;Default;Default;Default;10;Default;1;Default;Default;Default;Default;Default;Default;Default;3;"Job-FSVFRZ(Server=True, IterationCount=10, LaunchCount=1, WarmupCount=3)";;1;Workload;Result;10;698551600;256;2728717.19;1;0;0;2202740
